timestamp,open,high,low,close,volume,turnover
1785028140000,2.0868,2.0953,1.959,2.0913,467119.0,95882.6434
1785028200000,2.0933,2.0933,1.9825,2.0741,361204.0,73597.43904
1785028260000,2.0666,2.0677,2.0174,2.0516,93274.0,19091.28283
1785028320000,2.0552,2.0583,2.0226,2.0541,289403.0,59148.49198
1785028380000,2.0508,2.0551,2.0431,2.0534,55561.0,11390.03925
1785028440000,2.0551,2.0921,2.0435,2.0613,260255.0,53834.16131
1785028500000,2.0608,2.1275,2.0583,2.1093,263896.0,55373.61771
1785028560000,2.1143,2.1299,2.0968,2.1074,91896.0,19453.59592
1785028620000,2.1047,2.1328,2.1047,2.1249,19442.0,4122.36575
1785028680000,2.1227,2.1227,2.0389,2.0764,169485.0,35181.27868
1785028740000,2.079,2.1108,2.0747,2.11,133408.0,27853.79115
1785028800000,2.1071,2.1292,2.1071,2.124,28199.0,5978.08188
1785028860000,2.1233,2.134,2.121,2.1335,17983.0,3823.93547
1785028920000,2.1334,2.1415,2.1215,2.1309,40642.0,8668.40821
1785028980000,2.1294,2.15,2.1155,2.1482,48612.0,10413.573
1785029040000,2.1497,2.1656,2.1443,2.1633,29805.0,6416.33148
1785029100000,2.1618,2.163,2.112,2.1485,219032.0,46498.10751
1785029160000,2.1467,2.1467,2.1214,2.1214,36891.0,7884.57208
1785029220000,2.1205,2.1252,2.0805,2.1217,141272.0,29735.74722
1785029280000,2.1216,2.1229,2.0961,2.1026,35007.0,7376.60748
1785029340000,2.1028,2.1162,2.0926,2.1049,39115.0,8231.7033
1785029400000,2.103,2.1169,2.0539,2.0807,112919.0,23453.00393
1785029460000,2.0813,2.1023,2.0653,2.0947,85746.0,17853.50117
1785029520000,2.0938,2.1045,2.0682,2.0944,32624.0,6803.28285
1785029580000,2.0911,2.1275,2.0881,2.1275,42830.0,8991.89889
1785029640000,2.1297,2.1385,2.1139,2.1323,8187.0,1742.36929
1785029700000,2.1337,2.1477,2.1265,2.1473,17236.0,3690.60098
1785029760000,2.1458,2.1556,2.1281,2.13,11010.0,2360.65773
1785029820000,2.1305,2.1513,2.1286,2.1513,28413.0,6093.85886
1785029880000,2.1521,2.1572,2.1434,2.1481,23042.0,4952.51841
1785029940000,2.15,2.1954,2.15,2.1815,86276.0,18683.35586
1785030000000,2.1782,2.2168,2.1743,2.2106,36278.0,7960.35646
1785030060000,2.2108,2.2256,2.2035,2.2103,49164.0,10892.50456
1785030120000,2.2112,2.2264,2.2032,2.2226,42629.0,9438.91996
1785030180000,2.2171,2.2236,2.1854,2.1977,32070.0,7069.59861
1785030240000,2.1982,2.2093,2.1953,2.2041,28076.0,6188.88891
1785030300000,2.2081,2.2179,2.1762,2.1967,25599.0,5627.85384
1785030360000,2.2005,2.2125,2.1947,2.2058,7171.0,1578.76548
1785030420000,2.209,2.2483,2.209,2.2233,35885.0,7975.68213
1785030480000,2.2223,2.2439,2.2202,2.2439,50851.0,11358.15255
1785030540000,2.2414,2.2682,2.2296,2.2612,53898.0,12073.85797
1785030600000,2.2542,2.2772,2.2542,2.2683,64232.0,14536.91801
1785030660000,2.2711,2.2729,2.2307,2.2312,154619.0,34787.16995
1785030720000,2.2386,2.2531,2.2227,2.2445,76496.0,17148.80883
1785030780000,2.2476,2.2587,2.233,2.2533,6842.0,1537.63418
1785030840000,2.2543,2.2578,2.2239,2.2262,61391.0,13795.5231
1785030900000,2.2272,2.2324,2.1296,2.1552,138809.0,30051.16047
1785030960000,2.1575,2.169,2.14,2.157,65158.0,14019.74229
1785031020000,2.1631,2.1754,2.1363,2.1472,46514.0,10020.51788
1785031080000,2.1472,2.1638,2.1451,2.1465,22724.0,4889.33089
1785031140000,2.1425,2.1509,2.1331,2.1509,25424.0,5453.911
1785031200000,2.1512,2.1598,2.1051,2.1129,164985.0,35111.23212
1785031260000,2.1128,2.1429,2.1122,2.139,217482.0,46137.27919
1785031320000,2.1308,2.1466,2.1275,2.1444,36360.0,7781.20908
1785031380000,2.14,2.1414,2.0328,2.1076,175259.0,36443.92322
1785031440000,2.1061,2.1214,2.0995,2.1214,18382.0,3873.61281
1785031500000,2.1163,2.1486,2.1163,2.1403,48362.0,10347.07471
1785031560000,2.1398,2.1551,2.1344,2.1401,41074.0,8824.5587
1785031620000,2.1376,2.1416,2.1103,2.1391,85190.0,18117.75863
1785031680000,2.1397,2.1572,2.1397,2.1516,7887.0,1695.885
1785031740000,2.148,2.1904,2.1368,2.1444,256308.0,55176.05244
1785031800000,2.1439,2.1852,2.1439,2.1794,116711.0,25349.37057
1785031860000,2.1758,2.2128,2.1671,2.2045,58432.0,12858.02372
1785031920000,2.2056,2.2124,2.1911,2.203,29161.0,6410.59893
1785031980000,2.1991,2.2155,2.1939,2.214,239194.0,52877.88816
1785032040000,2.214,2.2328,2.2101,2.2213,73845.0,16353.48615
1785032100000,2.2231,2.2231,2.174,2.1894,43241.0,9509.95921
1785032160000,2.1888,2.1912,2.1652,2.1652,11734.0,2550.90155
1785032220000,2.1723,2.2211,2.1723,2.2111,65998.0,14494.16793
1785032280000,2.208,2.2169,2.1618,2.1633,28462.0,6239.5023
1785032340000,2.1653,2.1741,2.1348,2.1718,42941.0,9245.43764
1785032400000,2.1736,2.192,2.1681,2.1786,39515.0,8591.76905
1785032460000,2.1802,2.2058,2.1802,2.1967,180079.0,39536.41963
1785032520000,2.1974,2.2108,2.1915,2.192,14515.0,3190.98403
1785032580000,2.1919,2.203,2.1568,2.164,17906.0,3882.01503
1785032640000,2.1648,2.1648,2.1433,2.1569,29473.0,6345.89348
1785032700000,2.1583,2.1621,2.1319,2.1403,12827.0,2750.25654
1785032760000,2.131,2.1689,2.1302,2.1689,22377.0,4797.07182
1785032820000,2.1713,2.1797,2.1558,2.1558,46175.0,10015.29754
1785032880000,2.1576,2.1576,2.1329,2.1408,34807.0,7450.57322
1785032940000,2.1478,2.1488,2.0972,2.1299,90930.0,19353.53027
1785033000000,2.1289,2.139,2.117,2.1324,19250.0,4096.17824
1785033060000,2.132,2.1572,2.132,2.1572,28576.0,6124.53485
1785033120000,2.1587,2.1598,2.1389,2.1531,11778.0,2533.76088
1785033180000,2.1535,2.162,2.1363,2.1618,32861.0,7069.08477
1785033240000,2.164,2.197,2.1618,2.1822,50043.0,10898.68034
1785033300000,2.1818,2.1894,2.1732,2.1846,13619.0,2971.18957
1785033360000,2.1817,2.1818,2.1271,2.1305,70121.0,15163.21885
1785033420000,2.1417,2.1567,2.0828,2.1519,52801.0,11196.5875
1785033480000,2.1536,2.1536,2.1337,2.1428,17860.0,3832.83174
1785033540000,2.1452,2.147,2.1377,2.1455,8598.0,1843.74907
1785033600000,2.1468,2.1543,2.1367,2.1367,72440.0,15546.64776
1785033660000,2.1405,2.1493,2.1395,2.1493,6423.0,1376.74026
1785033720000,2.1478,2.1539,2.1441,2.1514,6699.0,1439.06544
1785033780000,2.1544,2.1763,2.1457,2.1506,77499.0,16696.04226
1785033840000,2.1514,2.1546,2.1117,2.135,75085.0,15974.09044
1785033900000,2.1343,2.1481,2.1219,2.123,19176.0,4091.12201
1785033960000,2.1249,2.1341,2.1022,2.1079,19760.0,4184.44908
1785034020000,2.1096,2.1275,2.0571,2.1271,78915.0,16575.99124
1785034080000,2.117,2.1194,2.0753,2.0777,38804.0,8123.10086
1785034140000,2.0777,2.0842,2.0,2.0716,207786.0,42916.52426
1785034200000,2.0717,2.0948,2.059,2.0948,75495.0,15638.2214
1785034260000,2.08,2.1049,2.0795,2.0809,176757.0,37066.0601
1785034320000,2.0813,2.0866,2.0554,2.0608,45678.0,9462.07111
1785034380000,2.0615,2.0954,2.0615,2.0812,42252.0,8783.45227
1785034440000,2.0903,2.0939,2.0564,2.0564,23851.0,4956.47712
1785034500000,2.0586,2.0749,2.0235,2.0641,71296.0,14535.89009
1785034560000,2.0595,2.065,2.0247,2.0344,29350.0,5985.37018
1785034620000,2.0325,2.0625,2.0318,2.054,23027.0,4695.39147
1785034680000,2.0539,2.0685,2.0355,2.0535,10135.0,2082.64578
1785034740000,2.0589,2.0745,2.0436,2.0722,17386.0,3577.71609
1785034800000,2.0698,2.0899,2.0691,2.0698,33661.0,7003.33348
1785034860000,2.0696,2.0839,2.0321,2.0366,20526.0,4229.97474
1785034920000,2.0364,2.0571,2.007,2.0365,190767.0,38727.98496
1785034980000,2.0354,2.0599,2.0176,2.0513,100856.0,20513.62565
1785035040000,2.0529,2.0872,2.0444,2.0867,158322.0,32791.42273
1785035100000,2.0827,2.1256,2.0778,2.1121,54084.0,11390.74635
1785035160000,2.1095,2.1111,2.0887,2.0972,21143.0,4436.95482
1785035220000,2.0967,2.1094,2.0928,2.0997,10883.0,2287.7305
1785035280000,2.1023,2.1023,2.059,2.0621,19044.0,3955.08415
1785035340000,2.0695,2.0999,2.0611,2.0995,24303.0,5057.46613
1785035400000,2.1017,2.1033,2.0752,2.0752,12968.0,2704.65281
1785035460000,2.078,2.102,2.074,2.0877,11199.0,2339.88526
1785035520000,2.0932,2.1221,2.0831,2.1201,48069.0,10066.73361
1785035580000,2.1211,2.1375,2.1048,2.1064,59137.0,12535.59734
1785035640000,2.1088,2.1321,2.1082,2.1318,35495.0,7535.99644
1785035700000,2.1316,2.1371,2.1183,2.1183,6160.0,1312.02582
1785035760000,2.1184,2.1216,2.1096,2.1099,11971.0,2532.65532
1785035820000,2.1064,2.1251,2.0865,2.1226,15039.0,3173.64717
1785035880000,2.1209,2.124,2.1074,2.1074,10661.0,2252.06078
1785035940000,2.1091,2.1156,2.0964,2.1007,8281.0,1745.5595
1785036000000,2.1047,2.1092,2.0848,2.0995,34629.0,7240.04301
1785036060000,2.0991,2.1065,2.0991,2.1017,6638.0,1396.13979
1785036120000,2.1051,2.121,2.0994,2.0994,7480.0,1579.59933
1785036180000,2.0986,2.1027,2.0851,2.0889,6435.0,1349.67083
1785036240000,2.0902,2.1013,2.0791,2.1013,6348.0,1324.18876
1785036300000,2.1021,2.1115,2.0839,2.0904,9428.0,1983.46426
1785036360000,2.09,2.1004,2.0832,2.0987,7676.0,1605.74385
1785036420000,2.097,2.1188,2.0953,2.1064,16599.0,3496.97385
1785036480000,2.1115,2.1129,2.0976,2.0976,6106.0,1283.60905
1785036540000,2.0999,2.1305,2.0947,2.1305,12448.0,2630.8825
1785036600000,2.1321,2.139,2.1127,2.1254,17483.0,3720.27518
1785036660000,2.1233,2.1331,2.108,2.1331,7182.0,1520.19359
1785036720000,2.138,2.1551,2.1346,2.1545,13690.0,2935.74286
1785036780000,2.153,2.1709,2.147,2.1492,42003.0,9093.66482
1785036840000,2.1528,2.1544,2.1427,2.149,9512.0,2041.84728
1785036900000,2.1407,2.1407,2.1154,2.1201,9184.0,1951.33718
1785036960000,2.1128,2.1128,2.0917,2.0917,12676.0,2660.73521
1785037020000,2.0923,2.1011,2.0876,2.0894,4807.0,1006.82727
1785037080000,2.089,2.1154,2.0887,2.0949,13182.0,2770.56459
1785037140000,2.0933,2.1007,2.0838,2.0876,13136.0,2745.7603
1785037200000,2.0895,2.106,2.075,2.1001,18660.0,3905.50484
1785037260000,2.1015,2.1061,2.096,2.1034,8443.0,1773.6719
1785037320000,2.1023,2.1336,2.1018,2.123,15930.0,3375.55425
1785037380000,2.1277,2.1967,2.1277,2.1758,81496.0,17748.30594
1785037440000,2.1688,2.1752,2.1544,2.1653,20037.0,4337.82213
1785037500000,2.1654,2.1852,2.1575,2.1661,18089.0,3922.83988
1785037560000,2.1637,2.1814,2.1529,2.1774,20864.0,4520.09875
1785037620000,2.176,2.2236,2.1759,2.2182,41620.0,9153.83406
1785037680000,2.2182,2.2182,2.1991,2.2133,29453.0,6508.414
1785037740000,2.2163,2.2225,2.2027,2.2084,14045.0,3109.76922
1785037800000,2.2046,2.2087,2.2019,2.2059,2682.0,591.10884
1785037860000,2.2018,2.2069,2.1993,2.2038,1966.0,432.97585
1785037920000,2.2088,2.2352,2.2017,2.2026,14336.0,3179.2118
1785037980000,2.2022,2.2022,2.1796,2.1816,20880.0,4571.65266
1785038040000,2.1837,2.1883,2.1467,2.1574,36772.0,7988.3028
1785038100000,2.1594,2.1683,2.1503,2.1648,50192.0,10861.13514
1785038160000,2.1652,2.1652,2.1503,2.1572,55015.0,11852.2513
1785038220000,2.1545,2.1716,2.1421,2.1716,33192.0,7153.85962
1785038280000,2.1659,2.1809,2.16,2.1631,133968.0,29044.9231
1785038340000,2.1618,2.1618,2.1277,2.1544,47230.0,10150.51586
1785038400000,2.1555,2.1557,2.0127,2.1204,139766.0,29744.96719
1785038460000,2.121,2.1457,2.1114,2.1302,31554.0,6715.03686
1785038520000,2.1335,2.1689,2.1326,2.1653,10391.0,2237.78021
1785038580000,2.1625,2.1961,2.1625,2.1932,44123.0,9630.52431
1785038640000,2.1949,2.205,2.1886,2.2033,7727.0,1698.91779
1785038700000,2.2068,2.2547,2.205,2.2146,41518.0,9252.51953
1785038760000,2.2149,2.235,2.1942,2.2184,14916.0,3299.74904
1785038820000,2.2117,2.2139,2.1947,2.2114,21978.0,4841.72559
1785038880000,2.2126,2.26,2.2126,2.242,38534.0,8630.76795
1785038940000,2.2409,2.2429,2.2148,2.2229,57889.0,12893.9012
1785039000000,2.2114,2.2474,2.2105,2.2417,8208.0,1831.13785
1785039060000,2.2403,2.2507,2.2376,2.2477,9687.0,2175.7624
1785039120000,2.25,2.2823,2.2491,2.2655,130310.0,29605.73372
1785039180000,2.2655,2.2675,2.2371,2.2625,35365.0,7971.21392
1785039240000,2.2625,2.2951,2.2515,2.2599,27963.0,6349.57917
1785039300000,2.2574,2.2714,2.2343,2.24,17998.0,4053.68978
1785039360000,2.2375,2.2429,2.2068,2.2354,40746.0,9065.21329
1785039420000,2.2349,2.2458,2.2229,2.2355,28982.0,6464.40394
1785039480000,2.2359,2.2577,2.2359,2.2509,51134.0,11497.32498
1785039540000,2.2477,2.2583,2.2384,2.2462,67092.0,15113.49455
1785039600000,2.2438,2.2438,2.2146,2.2317,6202.0,1380.47367
1785039660000,2.23,2.2564,2.226,2.2343,16550.0,3710.76384
1785039720000,2.2336,2.2384,2.1938,2.1983,60364.0,13316.605
1785039780000,2.1984,2.1998,2.1651,2.196,93775.0,20513.18829
1785039840000,2.1908,2.192,2.1738,2.192,73894.0,16141.76764
1785039900000,2.193,2.2046,2.1714,2.1776,31162.0,6840.1481
1785039960000,2.1779,2.1779,2.1433,2.1679,77855.0,16858.72753
1785040020000,2.171,2.1712,2.1016,2.109,41836.0,8898.29837
1785040080000,2.1091,2.1404,2.0847,2.1404,36778.0,7750.61402
1785040140000,2.1377,2.1416,2.1211,2.1341,7934.0
1785040200000,2.129,2.1546,2.1223,2.1542,28898.0
1785040260000,2.1489,2.1489,2.1331,2.1439,23197.0
1785040320000,2.1418,2.1644,2.1345,2.161,36834.0
1785040380000,2.1607,2.1848,2.1461,2.1652,44392.0
1785040440000,2.1641,2.1803,2.1602,2.1711,19508.0
1785040500000,2.1652,2.1898,2.1652,2.185,23429.0
1785040560000,2.1826,2.1926,2.1711,2.1711,81965.0
1785040620000,2.1703,2.1864,2.1703,2.1784,70004.0
1785040680000,2.1758,2.1846,2.1672,2.1846,8498.0
1785040740000,2.1889,2.193,2.1815,2.1867,30814.0
1785040800000,2.1849,2.1989,2.1849,2.1976,15141.0
1785040860000,2.1982,2.2047,2.1881,2.1943,37806.0
1785040920000,2.1924,2.2016,2.1886,2.1939,25777.0
1785040980000,2.2001,2.2043,2.188,2.1981,10292.0
1785041040000,2.1972,2.2011,2.1851,2.2007,8523.0
1785041100000,2.1978,2.2247,2.1975,2.2148,63523.0
1785041160000,2.2178,2.2248,2.2149,2.2216,10541.0
1785041220000,2.219,2.22,2.1683,2.1683,88299.0
1785041280000,2.1706,2.2084,2.1701,2.1996,51944.0
1785041340000,2.1942,2.1942,2.1724,2.1843,9968.0
1785041400000,2.1818,2.1907,2.1764,2.18,12667.0
1785041460000,2.1794,2.1934,2.1761,2.1804,39348.0
1785041520000,2.1846,2.1979,2.1846,2.1861,28319.0
1785041580000,2.1887,2.2121,2.1883,2.2056,24402.0
1785041640000,2.2047,2.2449,2.2047,2.2262,36154.0
1785041700000,2.2268,2.2268,2.21,2.2198,19267.0
1785041760000,2.2156,2.2394,2.2156,2.2355,27278.0
1785041820000,2.2358,2.241,2.2307,2.2366,36357.0
1785041880000,2.2366,2.2518,2.2254,2.2497,24799.0
1785041940000,2.251,2.2511,2.2222,2.2222,8225.0
1785042000000,2.226,2.2456,2.2091,2.2274,35617.0
1785042060000,2.2261,2.2405,2.2179,2.2272,19371.0
1785042120000,2.2283,2.2292,2.2067,2.2135,18773.0
1785042180000,2.2171,2.2403,2.21,2.2389,32065.0
1785042240000,2.2334,2.2556,2.2317,2.2556,15213.0
1785042300000,2.2466,2.3421,2.2466,2.3267,37523.0
1785042360000,2.3262,2.3868,2.3262,2.365,161539.0
1785042420000,2.3677,2.44,2.3662,2.4229,244069.0
1785042480000,2.4243,2.44,2.3777,2.3804,58293.0
1785042540000,2.3776,2.3922,2.3474,2.3593,26208.0
1785042600000,2.3617,2.3756,2.3391,2.3756,21979.0
1785042660000,2.3744,2.39,2.3562,2.3634,37465.0
1785042720000,2.3637,2.3817,2.3568,2.3761,105646.0
1785042780000,2.3727,2.3826,2.3585,2.3585,18289.0
1785042840000,2.355,2.4099,2.3532,2.4025,22732.0
1785042900000,2.3988,2.4181,2.3954,2.4172,48626.0
1785042960000,2.4192,2.4508,2.3951,2.4173,117432.0
1785043020000,2.4203,2.4224,2.3904,2.4051,51047.0
1785043080000,2.4051,2.4266,2.3582,2.3913,30157.0
1785043140000,2.3896,2.4032,2.3609,2.361,16336.0
1785043200000,2.3694,2.3879,2.3604,2.378,11840.0
1785043260000,2.3786,2.4414,2.3712,2.4414,57012.0
1785043320000,2.4383,2.4656,2.4288,2.4609,46300.0
1785043380000,2.4637,2.4651,2.4417,2.4544,31481.0
1785043440000,2.4536,2.4814,2.4533,2.4813,135169.0
1785043500000,2.4823,2.4963,2.4676,2.471,89689.0
1785043560000,2.4715,2.497,2.4536,2.4934,97358.0
1785058140000,2.4751,2.5029,2.4745,2.4863,174274.0,43462.93131
1785058200000,2.4858,2.5144,2.4768,2.4858,82497.0,20604.6782
1785058260000,2.4829,2.5148,2.4819,2.4973,42529.0,10634.01447
1785058320000,2.4949,2.5047,2.4512,2.4519,53443.0,13273.83864
1785058380000,2.4523,2.4608,2.429,2.4333,58364.0,14262.15387
1785058440000,2.4323,2.4435,2.4256,2.4373,37555.0,9138.48643
1785058500000,2.4385,2.4608,2.4385,2.451,14955.0,3665.97441
1785058560000,2.4523,2.4563,2.4456,2.4471,6298.0,1541.99122
1785058620000,2.447,2.4519,2.4344,2.4424,29910.0,7298.20013
1785058680000,2.4462,2.4625,2.445,2.4577,6332.0,1555.44596
1785058740000,2.4609,2.4967,2.4596,2.4827,25234.0,6259.39357
1785058800000,2.4834,2.4877,2.4601,2.4601,7472.0,1847.43978
1785058860000,2.4613,2.4874,2.4613,2.477,16304.0,4036.59543
1785058920000,2.4794,2.4921,2.4644,2.4723,15803.0,3914.80496
1785058980000,2.4729,2.4754,2.4484,2.4492,33256.0,8171.39858
1785059040000,2.4527,2.4558,2.4439,2.4499,18640.0,4566.95819
1785059100000,2.4492,2.4694,2.4465,2.4484,26929.0,6607.84995
1785059160000,2.4504,2.4547,2.4357,2.4517,66112.0,16160.30797
1785059220000,2.4507,2.4541,2.416,2.4289,40919.0,9950.72317
1785059280000,2.4329,2.4329,2.4039,2.4094,26163.0,6321.35641
1785059340000,2.4074,2.4158,2.3873,2.4112,50934.0,12233.2212
1785059400000,2.407,2.407,2.3934,2.3954,11968.0,2867.79218
1785059460000,2.3944,2.4111,2.3755,2.4068,30754.0,7371.91155
1785059520000,2.406,2.4248,2.404,2.422,38064.0,9213.45382
1785059580000,2.4218,2.46,2.4202,2.4328,189550.0,46422.54876
1785059640000,2.4328,2.4438,2.4257,2.4278,62798.0,15295.16021
1785059700000,2.429,2.4316,2.4139,2.4316,169211.0,40909.48787
1785059760000,2.4323,2.4714,2.4293,2.4447,38924.0,9534.17668
1785059820000,2.4466,2.466,2.4466,2.4648,16118.0,3966.07824
1785059880000,2.4616,2.4656,2.4586,2.4629,8193.0,2016.83227
1785059940000,2.4696,2.4696,2.4511,2.4539,10447.0,2568.21234
1785060000000,2.4512,2.4814,2.4464,2.4642,21125.0,5212.8771
1785060060000,2.4579,2.4583,2.4425,2.4532,13119.0,3217.72398
1785060120000,2.4524,2.4524,2.4234,2.4357,38699.0,9427.74488
1785060180000,2.4357,2.4357,2.4076,2.4106,23143.0,5597.85743
1785060240000,2.4122,2.4122,2.3541,2.38,104504.0,24923.38794
1785060300000,2.3791,2.3796,2.3339,2.3613,50474.0,11892.52712
1785060360000,2.3666,2.3679,2.3466,2.3591,42467.0,10018.55549
1785060420000,2.365,2.369,2.3412,2.3671,50218.0,11838.31439
1785060480000,2.3655,2.3815,2.3512,2.3751,45129.0,10694.02564
1785060540000,2.3722,2.3735,2.3655,2.3735,10960.0,2596.66099
1785060600000,2.3758,2.399,2.37,2.3922,138712.0,33214.74765
1785060660000,2.3905,2.3987,2.3844,2.3937,51187.0,12247.78749
1785060720000,2.3913,2.3913,2.3783,2.3822,96327.0,22933.9229
1785060780000,2.3815,2.382,2.3571,2.3574,70290.0,16668.01854
1785060840000,2.3551,2.3594,2.3503,2.3559,48140.0,11327.11978
1785060900000,2.3553,2.3634,2.3336,2.3345,32779.0,7701.42993
1785060960000,2.3376,2.3499,2.3057,2.3108,34325.0,7996.25407
1785061020000,2.3123,2.3801,2.3123,2.375,35122.0,8230.81356
1785061080000,2.37,2.38,2.3603,2.3752,15778.0,3742.76218
1785061140000,2.3813,2.3882,2.3679,2.3879,14173.0,3369.12364
1785061200000,2.3849,2.3947,2.3843,2.3872,20050.0,4792.8322
1785061260000,2.3855,2.399,2.3844,2.3918,6419.0,1535.63303
1785061320000,2.3875,2.3875,2.3676,2.3686,6507.0,1548.90221
1785061380000,2.3704,2.3847,2.366,2.376,24700.0,5865.33914
1785061440000,2.3777,2.3914,2.3757,2.3871,18446.0,4395.5166
1785061500000,2.3887,2.3979,2.3881,2.3963,17879.0,4275.68987
1785061560000,2.3968,2.4084,2.387,2.3924,16440.0,3943.06761
1785061620000,2.3917,2.3921,2.3719,2.3719,12163.0,2894.89839
1785061680000,2.3738,2.3838,2.3564,2.3838,14871.0,3518.05958
1785061740000,2.3826,2.3875,2.3755,2.3755,15576.0,3707.91723
1785061800000,2.3699,2.388,2.3642,2.3805,23781.0,5649.08769
1785061860000,2.3789,2.3807,2.3687,2.3772,4054.0,963.18765
1785061920000,2.3756,2.3768,2.367,2.3763,22772.0,5402.96349
1785061980000,2.3735,2.3735,2.3524,2.3582,49131.0,11579.01427
1785062040000,2.3603,2.3625,2.35,2.3567,20248.0,4762.93813
1785062100000,2.355,2.4029,2.3508,2.3961,63646.0,15124.86419
1785062160000,2.3991,2.4103,2.3911,2.3911,20882.0,5014.12776
1785062220000,2.3877,2.408,2.3863,2.408,10713.0,2569.22366
1785062280000,2.4057,2.4057,2.3808,2.3816,32092.0,7679.54912
1785062340000,2.3791,2.3961,2.3742,2.3961,15222.0,3628.70648
1785062400000,2.4003,2.403,2.3947,2.3958,12670.0,3035.15111
1785062460000,2.3943,2.403,2.3928,2.3999,33966.0,8149.6067
1785062520000,2.4015,2.4032,2.3959,2.3968,2902.0,696.17278
1785062580000,2.3926,2.3926,2.3781,2.3855,130000.0,30982.55328
1785062640000,2.3841,2.4,2.3798,2.3987,29035.0,6926.58051
1785062700000,2.3965,2.4016,2.3725,2.3725,8245.0,1974.68031
1785062760000,2.3809,2.3855,2.3766,2.3824,4999.0,1190.21074
1785062820000,2.3806,2.3833,2.3754,2.3804,9331.0,2220.14195
1785062880000,2.3803,2.3845,2.3783,2.3813,34601.0,8242.21475
1785062940000,2.3809,2.3831,2.3587,2.3635,28043.0,6657.53969
1785063000000,2.3604,2.3655,2.357,2.3595,22683.0,5355.49438
1785063060000,2.3583,2.3724,2.3555,2.3724,12048.0,2848.201
1785063120000,2.3734,2.3909,2.3647,2.3685,10310.0,2447.71654
1785063180000,2.3701,2.3704,2.3516,2.3597,10089.0,2379.45912
1785063240000,2.3638,2.3742,2.3378,2.3491,26389.0,6217.55079
1785063300000,2.3462,2.3639,2.343,2.3639,5767.0,1355.0663
1785063360000,2.3628,2.3628,2.332,2.3417,17281.0,4048.97094
1785063420000,2.3409,2.6502,2.337,2.3804,275905.0,66608.87454
1785063480000,2.385,2.385,2.3674,2.3759,108448.0,25756.4206
1785063540000,2.3747,2.3915,2.3747,2.3865,109200.0,26056.57515
1785063600000,2.3787,2.3811,2.3596,2.36,124002.0,29479.50709
1785063660000,2.3618,2.376,2.3568,2.376,27839.0,6567.52033
1785063720000,2.3729,2.3784,2.3573,2.3668,40863.0,9657.28264
1785063780000,2.3705,2.3708,2.3494,2.3568,62472.0,14738.58249
1785063840000,2.3571,2.3687,2.3561,2.3661,50791.0,11994.84107
1785063900000,2.3644,2.3744,2.3644,2.3699,41714.0,9883.69449
1785063960000,2.372,2.3852,2.3688,2.3757,37418.0,8895.03303
1785064020000,2.3783,2.3956,2.3761,2.3916,24810.0,5920.05893
1785064080000,2.3932,2.402,2.3814,2.3851,93124.0,22240.84382
1785064140000,2.3818,2.3882,2.3798,2.3867,12686.0,3022.45646
1785064200000,2.388,2.3931,2.3773,2.3812,10060.0,2397.59826
1785064260000,2.3807,2.3889,2.3594,2.3652,28527.0,6767.1875
1785064320000,2.3723,2.395,2.3723,2.384,14351.0,3420.80162
1785064380000,2.3891,2.4334,2.3877,2.4106,45894.0,11053.84542
1785064440000,2.4116,2.435,2.4116,2.4273,9704.0,2357.65339
1785064500000,2.4287,2.4346,2.4141,2.4243,20219.0,4901.89111
1785064560000,2.4303,2.4324,2.4053,2.4132,40868.0,9867.00377
1785064620000,2.4091,2.4183,2.3906,2.3975,90800.0,21783.71547
1785064680000,2.3977,2.4189,2.3843,2.4189,42109.0,10086.55976
1785064740000,2.4181,2.4226,2.4018,2.4018,18852.0,4557.55518
1785064800000,2.4021,2.4223,2.4021,2.4157,2544.0,614.51366
1785064860000,2.4116,2.4171,2.4082,2.4138,1045.0,252.16784
1785064920000,2.415,2.42,2.4085,2.4193,15985.0,3857.87567
1785064980000,2.4208,2.4472,2.4182,2.4321,47062.0,11465.01959
1785065040000,2.438,2.4692,2.4333,2.4672,80941.0,19886.77557
1785065100000,2.459,2.4937,2.454,2.4894,80359.0,19891.84321
1785065160000,2.4902,2.5296,2.4902,2.5296,92739.0,23313.44369
1785065220000,2.5174,2.5315,2.4901,2.5012,94856.0,23780.00043
1785065280000,2.5053,2.5345,2.491,2.5239,60219.0,15159.36541
1785065340000,2.5291,2.5534,2.5209,2.5355,76665.0,19438.36231
1785065400000,2.5413,2.567,2.5344,2.5344,67356.0,17178.79397
1785065460000,2.5316,2.6105,2.4703,2.5505,332358.0,84540.02836
1785065520000,2.5541,2.5569,2.4866,2.4944,115342.0,28925.48235
1785065580000,2.5005,2.5139,2.4665,2.4778,34512.0,8601.6068
1785065640000,2.4757,2.5016,2.4756,2.4991,22153.0,5510.48013
1785065700000,2.4994,2.5097,2.4835,2.484,27922.0,6962.12107
1785065760000,2.4858,2.5051,2.4847,2.4986,15155.0,3781.0508
1785065820000,2.4979,2.5229,2.4978,2.503,77350.0,19413.04691
1785065880000,2.5009,2.5263,2.5009,2.5131,102995.0,25888.26122
1785065940000,2.5171,2.5329,2.5127,2.525,56378.0,14223.97771
1785066000000,2.5261,2.5356,2.5128,2.5169,13651.0,3446.29035
1785066060000,2.5169,2.532,2.5138,2.5194,19479.0,4914.02914
1785066120000,2.5206,2.5321,2.5043,2.53,74629.0,18795.93754
1785066180000,2.5293,2.6113,2.5293,2.5995,107518.0,27676.13954
1785066240000,2.6009,2.6604,2.5816,2.6412,82832.0,21721.22671
1785066300000,2.6454,2.6641,2.6034,2.6127,60168.0,15842.7413
1785066360000,2.6123,2.6233,2.5998,2.6138,106506.0,27789.68326
1785066420000,2.6162,2.6189,2.5825,2.5898,171712.0,44484.01666
1785066480000,2.584,2.6054,2.5782,2.5959,62091.0,16102.317
1785066540000,2.6003,2.612,2.5973,2.6031,14123.0,3678.0517
1785066600000,2.6035,2.6056,2.5797,2.5903,120082.0,31015.19201
1785066660000,2.5899,2.5907,2.566,2.5814,39508.0,10186.46239
1785066720000,2.5811,2.5811,2.5589,2.5706,15197.0,3903.36542
1785066780000,2.5708,2.6013,2.5684,2.5893,56463.0,14591.3139
1785066840000,2.5888,2.6032,2.5881,2.5944,11666.0,3026.38619
1785066900000,2.5969,2.5969,2.5748,2.5888,9290.0,2403.55527
1785066960000,2.5896,2.5943,2.583,2.588,5023.0,1300.54737
1785067020000,2.5861,2.5917,2.5695,2.5845,13735.0,3540.49421
1785067080000,2.5816,2.5828,2.5694,2.5741,16357.0,4214.50439
1785067140000,2.5687,2.5768,2.3666,2.5261,320149.0,79314.25308
1785067200000,2.5254,2.5254,2.4016,2.5094,255959.0,64103.42452
1785067260000,2.5096,2.5482,2.5092,2.5482,70935.0,17875.897
1785067320000,2.5448,2.5528,2.5356,2.5482,59002.0,15003.40763
1785067380000,2.5505,2.5512,2.5186,2.5381,153139.0,38881.71872
1785067440000,2.5376,2.5563,2.5253,2.5423,99903.0,25396.07696
1785067500000,2.5434,2.5558,2.54,2.5425,26519.0,6758.07438
1785067560000,2.5403,2.5425,2.5143,2.5165,146311.0,36928.45175
1785067620000,2.5139,2.5279,2.4947,2.5232,127800.0,32102.16398
1785067680000,2.5217,2.5231,2.5,2.5083,10418.0,2611.79396
1785067740000,2.5085,2.5085,2.4887,2.4927,15121.0,3773.96399
1785067800000,2.4918,2.493,2.4672,2.4859,65614.0,16292.37685
1785067860000,2.4801,2.488,2.4641,2.488,45076.0,11150.29829
1785067920000,2.4853,2.4853,2.4474,2.4781,182744.0,45077.77239
1785067980000,2.475,2.4766,2.4602,2.4754,100007.0,24707.74273
1785068040000,2.4714,2.4821,2.4601,2.472,38099.0,9423.9667
1785068100000,2.4703,2.492,2.4602,2.4602,120459.0,29810.49206
1785068160000,2.4583,2.4629,2.4444,2.4536,62744.0,15388.73313
1785068220000,2.4524,2.4574,2.4442,2.4523,53648.0,13149.90866
1785068280000,2.4459,2.48,2.4365,2.4779,72259.0,17778.01121
1785068340000,2.4792,2.4804,2.4612,2.4717,53500.0,13213.26982
1785068400000,2.4717,2.4742,2.4623,2.4652,21108.0,5207.04694
1785068460000,2.4634,2.4759,2.4432,2.4759,22399.0,5517.59652
1785068520000,2.4782,2.497,2.4714,2.497,32879.0,8157.40098
1785068580000,2.4831,2.5009,2.4797,2.5009,65359.0,16292.66944
1785068640000,2.4979,2.5214,2.491,2.5214,40629.0,10196.35676
1785068700000,2.5237,2.5258,2.5035,2.5065,40241.0,10101.54054
1785068760000,2.5035,2.5075,2.4923,2.4976,11354.0,2839.30897
1785068820000,2.4956,2.4996,2.4839,2.4955,15269.0,3808.06988
1785068880000,2.4968,2.4968,2.4824,2.4824,8302.0,2070.86727
1785068940000,2.4802,2.4954,2.4802,2.4874,11186.0,2783.34927
1785069000000,2.4872,2.495,2.4847,2.4931,9694.0,2414.87828
1785069060000,2.4932,2.4989,2.4894,2.4948,19256.0,4801.1674
1785069120000,2.4942,2.4969,2.4883,2.4933,12190.0,3040.8217
1785069180000,2.4927,2.5003,2.4886,2.4973,13614.0,3399.58082
1785069240000,2.4983,2.5161,2.4947,2.5127,9362.0,2346.41012
1785069300000,2.5127,2.5137,2.4791,2.4853,25375.0,6312.39223
1785069360000,2.4857,2.4982,2.464,2.4978,209869.0,51871.71248
1785069420000,2.4977,2.5078,2.4878,2.4878,49665.0,12410.48818
1785069480000,2.4861,2.4931,2.4787,2.4931,6836.0,1699.48547
1785069540000,2.4934,2.4934,2.476,2.4772,14165.0,3527.03094
1785069600000,2.4776,2.4876,2.4776,2.4817,6056.0,1503.3859
1785069660000,2.4801,2.4969,2.4761,2.4936,16954.0,4213.72002
1785069720000,2.4913,2.4961,2.4671,2.4671,87529.0,21815.5982
1785069780000,2.4655,2.4759,2.4531,2.4759,48815.0,12015.15904
1785069840000,2.4756,2.4855,2.4642,2.4685,30153.0,7471.12856
1785069900000,2.4676,2.4834,2.4676,2.475,9385.0,2321.60833
1785069960000,2.4741,2.4857,2.4741,2.4814,13491.0,3346.908
1785070020000,2.4827,2.5026,2.4808,2.4992,51068.0,12749.74872
1785070080000,2.4983,2.5023,2.4846,2.4847,10252.0,2554.41656
1785070140000,2.4826,2.4826,2.4557,2.4807,121319.0
1785070200000,2.4789,2.4789,2.4716,2.4717,9176.0
1785070260000,2.475,2.4972,2.475,2.4971,10016.0
1785070320000,2.4952,2.4962,2.4796,2.4902,5703.0
1785070380000,2.4874,2.4894,2.4807,2.487,5634.0
1785070440000,2.4879,2.4903,2.4657,2.4786,18605.0
1785070500000,2.4755,2.4755,2.4667,2.4724,18445.0
1785070560000,2.4694,2.4891,2.4694,2.4853,7105.0
1785070620000,2.4803,2.4911,2.4787,2.4911,3326.0
1785070680000,2.4917,2.5175,2.4917,2.5095,16445.0
1785070740000,2.5095,2.5144,2.4998,2.5003,14742.0
1785070800000,2.5018,2.5074,2.4894,2.4919,11809.0
1785070860000,2.4902,2.4919,2.4713,2.4713,7450.0
1785070920000,2.4714,2.4847,2.4533,2.4829,14539.0
1785070980000,2.4817,2.4919,2.4804,2.4906,19419.0
1785071040000,2.4846,2.4873,2.4826,2.4826,5921.0
1785071100000,2.4762,2.4762,2.4699,2.4747,16137.0
1785071160000,2.4763,2.4882,2.4731,2.4815,9714.0
1785071220000,2.4778,2.4901,2.4778,2.4895,3975.0
1785071280000,2.4899,2.4947,2.4887,2.4934,10639.0
1785071340000,2.4949,2.5071,2.4936,2.5071,13137.0
1785071400000,2.5071,2.5114,2.4988,2.4998,3876.0
1785071460000,2.5011,2.5038,2.4995,2.5037,21124.0
1785071520000,2.5008,2.5008,2.4677,2.4677,22126.0
1785071580000,2.4681,2.4681,2.4251,2.4362,227871.0
1785071640000,2.4357,2.4427,2.4304,2.4317,21566.0
1785071700000,2.4304,2.4469,2.409,2.4405,35903.0
1785071760000,2.4421,2.4501,2.4381,2.4467,125094.0
1785071820000,2.4499,2.4502,2.43,2.4347,40825.0
1785071880000,2.4343,2.444,2.4343,2.4421,7117.0
1785071940000,2.4439,2.4495,2.4395,2.4493,15867.0
1785072000000,2.4528,2.4671,2.4528,2.4644,16246.0
1785072060000,2.4653,2.4669,2.4577,2.4585,3446.0
1785072120000,2.4567,2.4567,2.4483,2.4493,14487.0
1785072180000,2.4438,2.4544,2.4255,2.4542,42433.0
1785072240000,2.4562,2.4673,2.4562,2.4613,47472.0
1785072300000,2.4651,2.4686,2.4494,2.4509,51623.0
1785072360000,2.458,2.4618,2.4502,2.4618,6772.0
1785072420000,2.4617,2.4639,2.4583,2.463,299.0
1785072480000,2.4637,2.4738,2.4637,2.468,14795.0
1785072540000,2.4715,2.5034,2.4715,2.4963,22172.0
1785072600000,2.5029,2.53,2.5013,2.5234,64766.0
1785072660000,2.5256,2.5315,2.5147,2.5165,19638.0
1785072720000,2.5155,2.5155,2.4907,2.494,45464.0
1785072780000,2.4906,2.5092,2.4844,2.5042,53196.0
1785072840000,2.505,2.529,2.505,2.5183,23757.0
1785072900000,2.5159,2.5182,2.504,2.504,45909.0
1785072960000,2.4998,2.5244,2.497,2.5244,45118.0
1785073020000,2.5269,2.5269,2.5157,2.5216,24484.0
1785073080000,2.521,2.533,2.5196,2.5289,11315.0
1785073140000,2.5274,2.544,2.5215,2.5215,18424.0
1785073200000,2.5291,2.5364,2.5248,2.5248,6028.0
1785073260000,2.5159,2.5162,2.4938,2.5003,32331.0
1785073320000,2.5013,2.5052,2.4951,2.4968,41714.0
1785073380000,2.4969,2.4969,2.4687,2.4691,195218.0
1785073440000,2.4678,2.4784,2.4622,2.4698,46390.0
1785073500000,2.47,2.4907,2.4657,2.4787,14206.0
1785073560000,2.4818,2.4916,2.4818,2.4916,6844.0
1785073620000,2.4915,2.4938,2.4846,2.4846,10584.0
1785073680000,2.4837,2.4837,2.4691,2.4749,33948.0
1785073740000,2.4739,2.4739,2.4621,2.4658,25877.0
1785073800000,2.4629,2.4712,2.4616,2.4663,12675.0
1785073860000,2.4667,2.4705,2.4458,2.4493,54676.0
1785073920000,2.4485,2.4658,2.4413,2.4656,25941.0
1785073980000,2.4645,2.4692,2.4606,2.4669,130588.0
1785074040000,2.4651,2.4752,2.4623,2.4752,15304.0
1785074100000,2.4755,2.4962,2.4744,2.495,5155.0
1785074160000,2.4933,2.4952,2.4889,2.4889,10134.0
1785074220000,2.4867,2.5075,2.4867,2.5041,26658.0
1785074280000,2.5025,2.5045,2.5005,2.5005,5487.0
1785074340000,2.4953,2.4979,2.4813,2.4813,21644.0
1785074400000,2.4826,2.484,2.4677,2.4695,18305.0
1785074460000,2.4791,2.4952,2.4781,2.4879,38461.0
1785074520000,2.4864,2.4921,2.458,2.4618,38775.0
1785074580000,2.4607,2.4632,2.4555,2.456,30157.0
1785074640000,2.4539,2.4566,2.4349,2.4395,23420.0
1785074700000,2.4405,2.4706,2.4405,2.4699,27331.0
1785074760000,2.4707,2.4846,2.4707,2.4739,12948.0
1785074820000,2.4742,2.4774,2.4468,2.4553,49497.0
1785074880000,2.4548,2.4651,2.4501,2.459,9966.0
1785074940000,2.4596,2.4596,2.4522,2.4537,8104.0
1785075000000,2.4515,2.4515,2.4246,2.426,26890.0
1785075060000,2.4265,2.4425,2.4244,2.4244,46015.0
1785075120000,2.4263,2.4283,2.329,2.37,534273.0
1785075180000,2.3683,2.3683,2.331,2.3372,141121.0
1785075240000,2.3437,2.3481,2.3,2.3369,208833.0
1785075300000,2.333,2.3331,2.1683,2.2923,401130.0
1785075360000,2.2909,2.2919,2.2611,2.2818,124208.0
1785075420000,2.2788,2.2919,2.2656,2.2758,47911.0
1785075480000,2.271,2.2823,2.2499,2.2513,104702.0
1785075540000,2.2514,2.2799,2.2416,2.2702,250120.0
1785075600000,2.2674,2.2872,2.265,2.2791,166828.0
1785075660000,2.278,2.2784,2.2598,2.2629,166775.0
1785075720000,2.2608,2.2729,2.2377,2.2716,87033.0
1785075780000,2.2675,2.2738,2.2485,2.2525,42889.0
1785075840000,2.2553,2.2589,2.211,2.2228,79173.0
1785075900000,2.222,2.2235,2.1618,2.1827,213277.0
1785075960000,2.1869,2.2116,2.1869,2.2116,68726.0
1785076020000,2.2156,2.2164,2.1299,2.1641,206459.0
1785076080000,2.1633,2.1869,2.1463,2.1815,176477.0
1785076140000,2.1832,2.1938,2.1673,2.1839,202666.0
1785076200000,2.1826,2.2109,2.1826,2.204,80989.0
1785076260000,2.204,2.2057,2.1722,2.1805,35629.0
1785076320000,2.1809,2.1811,2.1316,2.1731,171347.0
1785076380000,2.1682,2.1899,2.1597,2.1832,29077.0
1785076440000,2.1808,2.2087,2.1803,2.2031,25382.0
1785076500000,2.2008,2.2265,2.1999,2.2213,227588.0
1785076560000,2.2193,2.2303,2.2079,2.2282,36292.0
1785076620000,2.2281,2.2348,2.2248,2.2248,18850.0
1785076680000,2.2248,2.2256,2.1781,2.1796,224346.0
1785076740000,2.1844,2.1902,2.1606,2.1865,93652.0
1785076800000,2.1882,2.1945,2.1664,2.1741,24904.0
1785076860000,2.1722,2.1766,2.1558,2.1595,49735.0
1785076920000,2.1597,2.1869,2.1597,2.1741,28873.0
1785076980000,2.1778,2.1996,2.1778,2.1992,66548.0
1785077040000,2.1978,2.2103,2.192,2.2103,23603.0
1785077100000,2.2077,2.211,2.1703,2.1712,34612.0
1785077160000,2.1701,2.1853,2.17,2.1781,27733.0
1785077220000,2.1772,2.1977,2.176,2.1845,23809.0
1785077280000,2.186,2.2012,2.186,2.2002,21230.0
1785077340000,2.2003,2.2022,2.1731,2.1764,19681.0
1785077400000,2.1751,2.1864,2.1737,2.1864,15414.0
1785077460000,2.1876,2.2038,2.1812,2.183,26132.0
1785077520000,2.1851,2.2189,2.1846,2.2171,15513.0
1785077580000,2.2185,2.2611,2.2184,2.2457,46787.0
1785077640000,2.2466,2.2626,2.2421,2.2478,107102.0
1785077700000,2.2457,2.3015,2.2456,2.2856,231684.0
1785077760000,2.2832,2.3287,2.2788,2.3088,112842.0
1785077820000,2.3079,2.3096,2.2881,2.2985,47429.0
1785077880000,2.302,2.3374,2.2966,2.3293,50907.0
1785077940000,2.3319,2.3502,2.3131,2.3156,50271.0
1785078000000,2.3135,2.345,2.3135,2.329,85495.0
1785078060000,2.3303,2.3306,2.293,2.293,174632.0
1785078120000,2.2977,2.2996,2.261,2.2737,85915.0
1785078180000,2.2748,2.3004,2.2584,2.2765,224975.0
1785078240000,2.2762,2.2912,2.2579,2.2684,115136.0
1785078300000,2.2637,2.2756,2.2556,2.2556,86192.0
1785078360000,2.2569,2.2758,2.2546,2.2692,21174.0
1785078420000,2.2715,2.2741,2.2621,2.2704,9512.0
1785078480000,2.2737,2.306,2.2737,2.2967,193050.0
1785078540000,2.2948,2.3115,2.2948,2.3017,52969.0
1785078600000,2.3009,2.3016,2.2675,2.2711,124000.0
1785078660000,2.2714,2.3151,2.2714,2.3033,71657.0
1785078720000,2.3044,2.3068,2.2747,2.2758,16237.0
1785078780000,2.276,2.2993,2.2738,2.2993,48159.0
1785078840000,2.3015,2.3015,2.2882,2.294,11233.0
1785078900000,2.2951,2.3187,2.2951,2.3101,21112.0
1785078960000,2.3083,2.3256,2.2846,2.2869,29235.0
1785079020000,2.2853,2.2954,2.2701,2.2954,26942.0
1785079080000,2.2963,2.3133,2.2873,2.29,14823.0
1785079140000,2.2894,2.3076,2.2881,2.3019,5363.0
1785079200000,2.3007,2.3116,2.2948,2.3079,4963.0
1785079260000,2.3102,2.3431,2.3093,2.3255,204582.0
1785079320000,2.3255,2.332,2.3075,2.3151,138178.0
1785079380000,2.3146,2.3252,2.3053,2.3252,25944.0
1785079440000,2.3256,2.3941,2.323,2.3585,358488.0
1785079500000,2.3572,2.3676,2.3395,2.3429,37743.0
1785079560000,2.3421,2.3589,2.3349,2.3515,37866.0
1785079620000,2.3504,2.4144,2.3483,2.3906,122527.0
1785079680000,2.3919,2.4061,2.3825,2.3831,27516.0
1785079740000,2.3852,2.3907,2.3704,2.3704,8137.0
1785079800000,2.3707,2.3881,2.3676,2.383,23377.0
1785079860000,2.3818,2.3941,2.365,2.3899,15077.0
1785079920000,2.3891,2.3891,2.3592,2.3648,7480.0
1785079980000,2.3648,2.3811,2.3648,2.3651,8852.0
1785080040000,2.3659,2.3779,2.3533,2.3728,13708.0
1785080100000,2.3747,2.4081,2.3747,2.3976,23108.0
1785080160000,2.3965,2.398,2.3863,2.3922,8112.0
1785080220000,2.3921,2.417,2.3909,2.4059,5132.0
1785080280000,2.403,2.4084,2.3895,2.4016,53047.0
1785080340000,2.3967,2.4338,2.3932,2.4291,16295.0
1785080400000,2.4303,2.4606,2.4277,2.4578,53735.0
1785080460000,2.4523,2.48,2.4502,2.4788,14173.0
1785080520000,2.4775,2.515,2.4754,2.5132,64374.0
1785080580000,2.5157,2.5572,2.4969,2.5377,62061.0
1785080640000,2.5314,2.595,2.5314,2.5787,65884.0
1785080700000,2.5749,2.6032,2.55,2.55,128723.0
1785080760000,2.5524,2.571,2.5192,2.5327,399318.0
1785080820000,2.5334,2.54,2.484,2.5186,119407.0
1785080880000,2.5203,2.5417,2.517,2.517,92280.0
1785080940000,2.517,2.5308,2.5003,2.5184,29630.0
1785081000000,2.5285,2.5668,2.5182,2.5487,87127.0
1785081060000,2.5492,2.5597,2.5184,2.5398,50663.0
1785081120000,2.5377,2.5502,2.5273,2.543,29473.0
1785081180000,2.5433,2.5485,2.5119,2.519,58334.0
1785081240000,2.5176,2.5396,2.5176,2.5359,34375.0
1785081300000,2.5363,2.5405,2.5099,2.5144,41954.0
1785081360000,2.5129,2.5195,2.5009,2.5132,24382.0
1785081420000,2.5162,2.525,2.5142,2.5227,4041.0
1785081480000,2.5263,2.5375,2.5109,2.5171,34167.0
1785081540000,2.515,2.5178,2.4913,2.5072,47476.0
1785081600000,2.5115,2.5192,2.4573,2.465,256606.0
1785081660000,2.472,2.4878,2.4511,2.4511,27981.0
1785081720000,2.4589,2.4701,2.4259,2.4502,61377.0
1785081780000,2.4501,2.4501,2.4044,2.4232,67124.0
1785081840000,2.4244,2.4283,2.4013,2.4023,156189.0
1785081900000,2.406,2.4223,2.3684,2.3813,72934.0
1785081960000,2.3845,2.4161,2.3833,2.4128,108510.0
1785082020000,2.4085,2.4085,2.3657,2.3894,36680.0
1785082080000,2.3878,2.4055,2.3782,2.4055,30603.0
1785082140000,2.4022,2.4156,2.3959,2.4124,57014.0
1785082200000,2.409,2.4155,2.4004,2.4141,46131.0
1785082260000,2.416,2.4214,2.4009,2.4009,11826.0
1785082320000,2.4005,2.4128,2.3846,2.3875,32505.0
1785082380000,2.3866,2.4052,2.3748,2.3863,20151.0
1785082440000,2.385,2.4021,2.3788,2.3929,9677.0
1785082500000,2.385,2.3872,2.3719,2.3872,16600.0
1785082560000,2.3826,2.3936,2.3706,2.3885,13891.0
1785082620000,2.3845,2.385,2.3425,2.3633,91152.0
1785082680000,2.3624,2.3686,2.341,2.3452,32998.0
1785082740000,2.354,2.3622,2.3304,2.3565,37324.0
1785082800000,2.3564,2.395,2.3495,2.386,29326.0
1785082860000,2.3821,2.4086,2.3791,2.4044,56161.0
1785082920000,2.3986,2.4499,2.398,2.4499,72689.0
1785082980000,2.4443,2.4502,2.4324,2.4332,23775.0
1785083040000,2.4304,2.4582,2.4208,2.4275,92728.0
1785083100000,2.4241,2.4241,2.4053,2.4165,35731.0
1785083160000,2.4165,2.4165,2.3915,2.3992,34402.0
1785083220000,2.4007,2.4246,2.3989,2.4176,24807.0
1785083280000,2.4129,2.4238,2.4113,2.4165,3799.0
1785083340000,2.4122,2.4305,2.4027,2.4224,29916.0
1785083400000,2.4206,2.4351,2.4172,2.4265,12866.0
1785083460000,2.428,2.428,2.4108,2.4233,22939.0
1785083520000,2.4233,2.4246,2.4102,2.4167,16655.0
1785083580000,2.4176,2.43,2.4171,2.4176,15240.0
1785083640000,2.4162,2.4245,2.4092,2.4166,18198.0
1785083700000,2.4129,2.4228,2.4046,2.4151,16422.0
1785083760000,2.418,2.4358,2.418,2.4199,128086.0
1785083820000,2.4193,2.4202,2.3859,2.3984,34574.0
1785083880000,2.3989,2.4016,2.3703,2.3817,28156.0
1785083940000,2.3806,2.3843,2.3712,2.3782,51900.0
1785084000000,2.3797,2.394,2.3797,2.3909,139393.0
1785084060000,2.3921,2.434,2.3872,2.4301,56657.0
1785084120000,2.4297,2.4369,2.4205,2.4304,9869.0
1785084180000,2.4294,2.4317,2.4127,2.4233,12779.0
1785084240000,2.42,2.4205,2.3873,2.3873,33191.0
1785084300000,2.3847,2.3948,2.3712,2.3768,129524.0
1785084360000,2.3755,2.3777,2.3544,2.3556,14373.0
1785084420000,2.3525,2.3706,2.3525,2.3678,10861.0
1785084480000,2.3701,2.3712,2.3428,2.3441,24144.0
1785084540000,2.3429,2.3442,2.3066,2.3324,124259.0
1785084600000,2.3308,2.3312,2.3161,2.3218,23856.0
1785084660000,2.3215,2.3439,2.3215,2.3423,70392.0
1785084720000,2.3418,2.3481,2.3376,2.34,10714.0
1785084780000,2.3375,2.3422,2.3375,2.3418,9336.0
1785084840000,2.3403,2.3513,2.3389,2.3492,24228.0
1785084900000,2.3479,2.3479,2.3399,2.3476,10073.0
1785084960000,2.3463,2.3554,2.3413,2.3505,191944.0
1785085020000,2.3481,2.3613,2.3441,2.3613,56817.0
1785085080000,2.3653,2.3654,2.3534,2.3543,9113.0
1785085140000,2.3547,2.3661,2.3547,2.3661,13736.0
1785085200000,2.3646,2.3828,2.3623,2.3706,32747.0
1785085260000,2.3686,2.3686,2.3544,2.3544,17035.0
1785085320000,2.3563,2.3596,2.3488,2.3509,35755.0
1785085380000,2.3541,2.3806,2.3516,2.3806,38735.0
1785085440000,2.3734,2.3762,2.3576,2.3576,7538.0
1785085500000,2.3538,2.3711,2.3476,2.3666,37207.0
1785085560000,2.3613,2.3613,2.3442,2.3443,153456.0
1785088140000,2.353,2.3645,2.353,2.3628,8332.0,1965.22602
1785088200000,2.3624,2.3765,2.3591,2.3726,32003.0,7582.36887
1785088260000,2.3709,2.3793,2.3709,2.3739,1943.0,462.00405
1785088320000,2.3738,2.3798,2.3712,2.3798,6071.0,1440.58564
1785088380000,2.379,2.3796,2.372,2.372,9067.0,2154.79885
1785088440000,2.3697,2.3697,2.3696,2.3696,262.0,62.08506
1785088500000,2.3675,2.3677,2.3439,2.3524,16685.0,3923.57533
1785088560000,2.3548,2.3548,2.3384,2.3463,6378.0,1495.53801
1785088620000,2.3467,2.3582,2.3467,2.3524,9141.0,2150.25022
1785088680000,2.3551,2.3605,2.3523,2.3604,8615.0,2029.18814
1785088740000,2.3594,2.3615,2.3558,2.3562,1828.0,430.98034
1785088800000,2.3552,2.3582,2.3457,2.3491,3044.0,716.27527
1785088860000,2.3503,2.3529,2.3342,2.3524,3901.0,911.37745
1785088920000,2.3512,2.3512,2.3392,2.3397,7676.0,1797.54829
1785088980000,2.3405,2.3462,2.3365,2.3367,6708.0,1571.58294
1785089040000,2.3371,2.3372,2.3168,2.3168,13251.0,3079.19416
1785089100000,2.3168,2.3172,2.3033,2.3044,25749.0,5940.27544
1785089160000,2.3059,2.3084,2.266,2.2887,142513.0,32520.59566
1785089220000,2.2874,2.294,2.2765,2.2839,24114.0,5508.76393
1785089280000,2.2869,2.2871,2.264,2.264,22220.0,5051.34287
1785089340000,2.2652,2.2977,2.2652,2.2977,39088.0,8912.95074
1785089400000,2.3012,2.3051,2.2898,2.2945,37294.0,8572.37768
1785089460000,2.2953,2.32,2.2953,2.3127,47153.0,10900.86974
1785089520000,2.3112,2.332,2.311,2.3276,19326.0,4496.74032
1785089580000,2.3254,2.3323,2.3218,2.3323,8180.0,1903.84557
1785089640000,2.3325,2.3328,2.3224,2.3264,4697.0,1092.888
1785089700000,2.3273,2.3367,2.3251,2.333,4830.0,1125.33404
1785089760000,2.3314,2.3363,2.3242,2.3283,9263.0,2156.44494
1785089820000,2.3283,2.3283,2.3093,2.3232,21744.0,5038.40776
1785089880000,2.3244,2.3268,2.3053,2.3058,66300.0,15309.17019
1785089940000,2.3056,2.3153,2.3055,2.3125,4009.0,924.43104
1785090000000,2.3142,2.3146,2.2927,2.3009,25079.0,5774.04113
1785090060000,2.3067,2.3127,2.3043,2.3107,15175.0,3506.22661
1785090120000,2.3083,2.3094,2.3001,2.3034,13485.0,3107.5955
1785090180000,2.3044,2.3109,2.3033,2.3062,10512.0,2424.01193
1785090240000,2.3091,2.3105,2.2997,2.2997,4859.0,1120.6334
1785090300000,2.3019,2.3165,2.2978,2.3148,17023.0,3929.06155
1785090360000,2.3139,2.3699,2.3139,2.3587,50537.0,11882.26328
1785090420000,2.3494,2.3528,2.3414,2.3482,14467.0,3395.32846
1785090480000,2.3469,2.353,2.3417,2.353,4422.0,1037.48761
1785090540000,2.3456,2.3489,2.3437,2.3437,7074.0,1658.57718
1785090600000,2.341,2.3476,2.3372,2.3441,24648.0,5774.27996
1785090660000,2.3441,2.3454,2.3402,2.3454,5305.0,1242.66429
1785090720000,2.3486,2.3486,2.3438,2.3443,1242.0,291.24255
1785090780000,2.3426,2.3504,2.3426,2.3468,9628.0,2259.8159
1785090840000,2.3437,2.3451,2.3416,2.3434,13869.0,3249.45282
1785090900000,2.342,2.3432,2.3295,2.3309,77940.0,18167.40144
1785090960000,2.3309,2.3309,2.3079,2.3204,48301.0,11198.34881
1785091020000,2.3235,2.3235,2.3019,2.3019,14231.0,3287.74259
1785091080000,2.3028,2.3061,2.2976,2.3051,24565.0,5657.74341
1785091140000,2.3068,2.3141,2.3066,2.3089,90877.0,21002.39756
1785091200000,2.3076,2.325,2.3076,2.3123,38527.0,8930.36369
1785091260000,2.3114,2.3141,2.3073,2.3141,10973.0,2535.32527
1785091320000,2.3145,2.3145,2.3004,2.3018,13458.0,3102.24759
1785091380000,2.3014,2.3163,2.3014,2.3083,19204.0,4439.57669
1785091440000,2.3,2.3034,2.2914,2.3016,9100.0,2089.53
1785091500000,2.3005,2.3005,2.295,2.295,929.0,213.51605
1785091560000,2.2967,2.2992,2.2939,2.2939,23138.0,5316.80433
1785091620000,2.2945,2.3034,2.2876,2.2979,61978.0,14244.02652
1785091680000,2.2993,2.3015,2.2971,2.3015,4929.0,1133.73891
1785091740000,2.3,2.3,2.2912,2.2912,9357.0,2148.30893
1785091800000,2.2929,2.2929,2.2758,2.2843,128625.0,29353.05349
1785091860000,2.2847,2.2871,2.2783,2.2871,18977.0,4331.32097
1785091920000,2.288,2.3007,2.2861,2.2985,13601.0,3124.57968
1785091980000,2.2993,2.2993,2.2799,2.2814,21579.0,4938.19206
1785092040000,2.2807,2.2817,2.2769,2.2787,18385.0,4190.1735
1785092100000,2.2797,2.2838,2.2797,2.2838,6745.0,1539.64996
1785092160000,2.2804,2.2961,2.2804,2.2951,3055.0,699.40872
1785092220000,2.2993,2.3006,2.2961,2.3006,8208.0,1886.23592
1785092280000,2.3014,2.3159,2.3014,2.3036,17774.0,4105.06346
1785092340000,2.3019,2.3031,2.276,2.2784,29628.0,6774.63982
1785092400000,2.2782,2.2937,2.2765,2.2896,9112.0,2079.77075
1785092460000,2.2866,2.3001,2.2866,2.2886,13896.0,3193.43088
1785092520000,2.2933,2.3002,2.2925,2.2953,5677.0,1303.6433
1785092580000,2.29,2.29,2.2811,2.2846,1691.0,386.23678
1785092640000,2.2842,2.2851,2.2772,2.2824,9540.0,2175.88561
1785092700000,2.2813,2.2916,2.2793,2.2793,9303.0,2126.01165
1785092760000,2.2811,2.2811,2.2643,2.2741,29623.0,6735.21055
1785092820000,2.2755,2.2788,2.2657,2.2671,10300.0,2341.34524
1785092880000,2.2687,2.2725,2.2658,2.2675,7657.0,1736.56514
1785092940000,2.2707,2.2771,2.265,2.265,9281.0,2108.67669
1785093000000,2.2665,2.2838,2.265,2.2816,73944.0,16782.33422
1785093060000,2.2812,2.2812,2.2715,2.2744,10256.0,2333.86871
1785093120000,2.2749,2.2824,2.2719,2.2824,26916.0,6131.37489
1785093180000,2.2835,2.286,2.276,2.2782,97430.0,22209.28108
1785093240000,2.2784,2.2784,2.2727,2.2753,18133.0,4125.38678
1785093300000,2.2759,2.2903,2.2759,2.2885,16937.0,3861.98836
1785093360000,2.2872,2.3036,2.2858,2.3017,3852.0,884.85233
1785093420000,2.2981,2.2981,2.2892,2.291,4148.0,950.58121
1785093480000,2.2889,2.3072,2.2889,2.3051,23495.0,5407.439
1785093540000,2.3041,2.3065,2.2945,2.3044,22232.0,5119.64872
1785093600000,2.3031,2.3031,2.2953,2.2984,29836.0,6854.73546
1785093660000,2.2964,2.3132,2.2964,2.3028,19794.0,4559.84136
1785093720000,2.305,2.3306,2.304,2.3119,57623.0,13368.51128
1785093780000,2.3081,2.3158,2.3068,2.3068,3359.0,776.38972
1785093840000,2.3071,2.3087,2.2943,2.2985,12154.0,2792.63557
1785093900000,2.2935,2.2982,2.2897,2.2913,3298.0,756.4791
1785093960000,2.2907,2.2966,2.2907,2.2965,2788.0,640.13814
1785094020000,2.2972,2.3012,2.2935,2.2955,3799.0,872.65411
1785094080000,2.2914,2.301,2.2914,2.301,8804.0,2025.43559
1785094140000,2.2977,2.3008,2.2966,2.299,4665.0,1071.55322
1785094200000,2.3004,2.3059,2.3,2.3014,910.0,209.31217
1785094260000,2.3001,2.3009,2.2947,2.2951,7310.0,1680.26998
1785094320000,2.2972,2.2972,2.2866,2.2866,10065.0,2303.76795
1785094380000,2.2883,2.2947,2.2871,2.2913,3415.0,781.3814
1785094440000,2.2903,2.2991,2.2876,2.2943,9015.0,2064.15551
1785094500000,2.2964,2.2964,2.2895,2.2898,1641.0,376.21887
1785094560000,2.2932,2.2932,2.29,2.2924,1036.0,237.41889
1785094620000,2.2968,2.2968,2.285,2.2881,5330.0,1219.97433
1785094680000,2.288,2.2904,2.2863,2.2863,1939.0,443.60192
1785094740000,2.2902,2.2943,2.2887,2.2939,1825.0,418.06387
1785094800000,2.2929,2.2929,2.2823,2.2831,10535.0,2408.65634
1785094860000,2.2831,2.2902,2.2815,2.2887,1860.0,425.22989
1785094920000,2.291,2.291,2.2881,2.2881,1460.0,334.09666
1785094980000,2.2904,2.2995,2.2904,2.2928,9972.0,2288.05391
1785095040000,2.2932,2.2932,2.286,2.2873,7171.0,1640.3253
1785095100000,2.2904,2.3065,2.2808,2.3032,36739.0,8433.67575
1785095160000,2.304,2.3054,2.2989,2.2989,8571.0,1974.66241
1785095220000,2.302,2.3073,2.2988,2.3045,883.0,203.16243
1785095280000,2.2997,2.2998,2.2958,2.2959,823.0,189.19633
1785095340000,2.2975,2.2976,2.2947,2.2976,2430.0,557.69204
1785095400000,2.3013,2.3064,2.2935,2.2935,6782.0,1559.91446
1785095460000,2.2946,2.3056,2.2917,2.3036,3864.0,889.7709
1785095520000,2.3036,2.3036,2.2863,2.2874,2961.0,679.53472
1785095580000,2.2882,2.2882,2.2824,2.285,4331.0,989.58562
1785095640000,2.285,2.2852,2.2749,2.2754,10169.0,2314.55212
1785095700000,2.2781,2.2804,2.2757,2.2783,311.0,70.85356
1785095760000,2.276,2.2847,2.276,2.279,3356.0,766.72665
1785095820000,2.2796,2.284,2.2783,2.284,4589.0,1046.88692
1785095880000,2.2827,2.2844,2.2775,2.2808,2171.0,495.0044
1785095940000,2.2818,2.2818,2.2818,2.2818,7590.0,1731.8862
1785096000000,2.281,2.2859,2.2772,2.2843,3333.0,760.97175
1785096060000,2.2853,2.2924,2.2828,2.2848,6682.0,1528.67459
1785096120000,2.2861,2.2861,2.2775,2.282,4311.0,982.76346
1785096180000,2.2838,2.2838,2.2742,2.2742,3219.0,733.15765
1785096240000,2.2734,2.2809,2.2728,2.2809,3180.0,723.72662
1785096300000,2.2798,2.2826,2.273,2.2826,2481.0,565.23319
1785096360000,2.282,2.3149,2.282,2.3149,17453.0,4012.41358
1785096420000,2.3141,2.3229,2.3069,2.3201,12189.0,2821.96297
1785096480000,2.3212,2.3906,2.3197,2.3743,279191.0,66048.39512
1785096540000,2.3749,2.3851,2.3554,2.3595,46450.0,10980.88576
1785096600000,2.3624,2.4409,2.3611,2.4303,135039.0,32653.89637
1785096660000,2.4277,2.4376,2.387,2.3899,57009.0,13754.36004
1785096720000,2.3883,2.3966,2.3881,2.3885,27285.0,6524.33217
1785096780000,2.387,2.387,2.3716,2.3746,32128.0,7646.68267
1785096840000,2.3766,2.4031,2.3756,2.3985,16102.0,3857.77151
1785096900000,2.3981,2.4076,2.3787,2.3814,14713.0,3516.14711
1785096960000,2.3801,2.3934,2.3797,2.3811,30349.0,7247.65851
1785097020000,2.3833,2.3888,2.3809,2.3853,10172.0,2425.38333
1785097080000,2.3887,2.3923,2.3846,2.3909,12960.0,3094.55689
1785097140000,2.3883,2.3892,2.3785,2.3795,30714.0,7325.69198
1785097200000,2.38,2.38,2.3598,2.3694,69659.0,16527.46666
1785097260000,2.3672,2.3967,2.3672,2.3926,33800.0,8074.15388
1785097320000,2.3912,2.4059,2.3912,2.3913,38788.0,9305.75569
1785097380000,2.3881,2.394,2.3848,2.391,6129.0,1464.34112
1785097440000,2.387,2.39,2.3771,2.3825,5035.0,1198.28773
1785097500000,2.3815,2.3829,2.3734,2.3765,18228.0,4333.84018
1785097560000,2.3773,2.3824,2.3764,2.3824,1311.0,311.78298
1785097620000,2.3774,2.3848,2.3774,2.3808,13238.0,3152.61261
1785097680000,2.3806,2.3909,2.3806,2.3881,35220.0,8412.2596
1785097740000,2.3865,2.4111,2.3865,2.4058,16767.0,4030.27829
1785097800000,2.4051,2.4283,2.3996,2.418,50035.0,12102.25517
1785097860000,2.4184,2.4201,2.4,2.408,294311.0,70903.56937
1785097920000,2.4075,2.4287,2.4029,2.421,257387.0,62173.77841
1785097980000,2.4219,2.4329,2.42,2.4211,76056.0,18448.00931
1785098040000,2.4187,2.44,2.4187,2.4272,18924.0,4596.19979
1785098100000,2.4278,2.4308,2.4221,2.43,29356.0,7116.17459
1785098160000,2.4301,2.4377,2.4294,2.4325,9021.0,2193.92729
1785098220000,2.4298,2.4528,2.4163,2.4166,88200.0,21455.87616
1785098280000,2.4164,2.4219,2.4144,2.4144,11779.0,2847.39178
1785098340000,2.4133,2.428,2.4025,2.4246,8438.0,2036.34379
1785098400000,2.4249,2.4346,2.4103,2.4103,14811.0,3594.05237
1785098460000,2.4114,2.43,2.4114,2.4217,10058.0,2434.90838
1785098520000,2.4216,2.4348,2.4216,2.4306,20846.0,5068.03072
1785098580000,2.4269,2.4293,2.423,2.4232,626.0,151.86539
1785098640000,2.4189,2.4189,2.4135,2.4162,13859.0,3346.70027
1785098700000,2.4148,2.4148,2.3791,2.3813,60458.0,14466.88255
1785098760000,2.3801,2.3939,2.3741,2.3905,54606.0,12996.42675
1785098820000,2.3904,2.3905,2.3733,2.3812,30003.0,7142.62307
1785098880000,2.382,2.3922,2.382,2.3851,10985.0,2621.09614
1785098940000,2.3848,2.3853,2.381,2.3837,7606.0,1813.02487
1785099000000,2.3839,2.3849,2.3786,2.3802,4620.0,1100.19263
1785099060000,2.3837,2.3845,2.3758,2.3797,4093.0,973.8089
1785099120000,2.3777,2.3778,2.373,2.3742,7285.0,1730.51683
1785099180000,2.3747,2.3748,2.3608,2.3687,8899.0,2107.93739
1785099240000,2.3688,2.3753,2.3688,2.3753,8193.0,1944.58256
1785099300000,2.3758,2.3758,2.3647,2.3647,6540.0,1548.70875
1785099360000,2.3682,2.3686,2.3525,2.3566,35212.0,8307.60205
1785099420000,2.3611,2.3624,2.34,2.34,24111.0,5678.29794
1785099480000,2.3391,2.3581,2.3389,2.3581,3306.0,774.99601
1785099540000,2.3577,2.3578,2.3496,2.3535,14173.0,3335.89362
1785099600000,2.3559,2.3603,2.3491,2.3522,13073.0,3083.40464
1785099660000,2.3517,2.3517,2.3456,2.347,1877.0,440.65504
1785099720000,2.3469,2.354,2.3454,2.3527,3625.0,852.18288
1785099780000,2.354,2.354,2.3482,2.3532,7774.0,1827.35418
1785099840000,2.3561,2.3787,2.3561,2.3755,37862.0,8978.71294
1785099900000,2.3757,2.3854,2.3628,2.3681,59518.0,14146.49033
1785099960000,2.3663,2.3693,2.352,2.3556,18975.0,4481.24679
1785100020000,2.3554,2.3729,2.3495,2.3672,8394.0,1979.98574
1785100080000,2.3668,2.3678,2.3668,2.3678,866.0,205.03677
1785103620000,2.361,2.3635,2.361,2.3613,256.0
1785103680000,2.3617,2.3617,2.355,2.355,1398.0
1785103740000,2.3542,2.3542,2.3506,2.3506,4312.0
1785103800000,2.3541,2.3541,2.3302,2.3312,7233.0
1785103860000,2.3339,2.3339,2.3054,2.3081,62012.0
1785103920000,2.3091,2.3106,2.2996,2.303,22685.0
1785103980000,2.3007,2.3015,2.2814,2.2905,49572.0
1785104040000,2.2916,2.3065,2.2915,2.3065,105738.0
1785104100000,2.3085,2.3118,2.303,2.3047,85507.0
1785104160000,2.3041,2.3113,2.3025,2.3113,5497.0
1785104220000,2.3111,2.3111,2.3037,2.3037,920.0
1785104280000,2.3043,2.3043,2.2678,2.2876,234070.0
1785104340000,2.2878,2.2878,2.2037,2.2327,243297.0
1785104400000,2.2364,2.2501,2.2219,2.2433,21204.0
1785104460000,2.2462,2.2462,2.218,2.2342,28629.0
1785104520000,2.2328,2.2381,2.2236,2.2304,15594.0
1785104580000,2.2295,2.237,2.2293,2.237,44372.0
1785104640000,2.2371,2.2385,2.2225,2.2272,22568.0
1785104700000,2.2256,2.2329,2.225,2.225,4545.0
1785104760000,2.2207,2.2429,2.2207,2.2368,16433.0
1785104820000,2.2365,2.2365,2.2241,2.2321,6398.0
1785104880000,2.2325,2.2332,2.2205,2.2257,4184.0
1785104940000,2.2281,2.2303,2.22,2.22,16478.0
1785105000000,2.224,2.2351,2.2235,2.233,16836.0
1785105060000,2.2297,2.2372,2.2256,2.227,34793.0
1785105120000,2.2314,2.248,2.2314,2.2467,30587.0
1785105180000,2.2433,2.2695,2.2433,2.2684,50039.0
1785105240000,2.2666,2.2666,2.2562,2.2562,9206.0
1785105300000,2.2565,2.2613,2.2535,2.2571,113631.0
1785105360000,2.2574,2.2588,2.2329,2.2495,95447.0
1785105420000,2.2474,2.25,2.2433,2.2471,3385.0
1785105480000,2.2483,2.2567,2.2483,2.2516,13452.0
1785105540000,2.2553,2.2613,2.2553,2.261,3052.0
1785105600000,2.2598,2.2844,2.2597,2.2807,25152.0
1785105660000,2.2795,2.2805,2.2701,2.2718,61704.0
1785105720000,2.2714,2.2737,2.269,2.269,52472.0
1785105780000,2.2712,2.2716,2.2672,2.2683,1964.0
1785105840000,2.2693,2.2738,2.2693,2.2738,4698.0
1785105900000,2.2721,2.2808,2.2721,2.2742,14052.0
1785105960000,2.2751,2.2793,2.2751,2.2766,61420.0
1785106020000,2.276,2.2774,2.2705,2.2717,4964.0
1785106080000,2.2739,2.277,2.2686,2.2686,1365.0
1785106140000,2.2721,2.2721,2.2552,2.2595,7196.0
1785106200000,2.2608,2.2608,2.2547,2.2547,14219.0
1785106260000,2.258,2.2698,2.258,2.2635,7802.0
1785106320000,2.2616,2.2616,2.2609,2.2609,444.0
1785106380000,2.2638,2.2672,2.2638,2.2665,1599.0
1785106440000,2.266,2.2692,2.2648,2.2692,4070.0
1785106500000,2.274,2.3155,2.274,2.3109,154195.0
1785106560000,2.3096,2.3305,2.3095,2.3237,29239.0
1785106620000,2.3204,2.3396,2.3192,2.3315,53675.0
1785106680000,2.3319,2.3325,2.317,2.3278,44930.0
1785106740000,2.3267,2.3294,2.3233,2.3291,19934.0
1785106800000,2.3289,2.3403,2.3288,2.3339,19881.0
1785106860000,2.3343,2.3354,2.3252,2.3252,4849.0
1785106920000,2.3235,2.3251,2.3118,2.3128,5051.0
1785106980000,2.314,2.314,2.2934,2.2934,4925.0
1785107040000,2.2948,2.3126,2.2948,2.3097,11366.0
1785107100000,2.3087,2.3198,2.3068,2.3193,11045.0
1785107160000,2.3209,2.3211,2.3083,2.3083,2013.0
1785107220000,2.3119,2.3119,2.3051,2.3067,3242.0
1785107280000,2.3057,2.3118,2.3042,2.3104,8752.0
1785107340000,2.3092,2.327,2.3092,2.327,15380.0
1785107400000,2.3271,2.3345,2.3271,2.3331,3760.0
1785107460000,2.3319,2.3434,2.3286,2.3288,4505.0
1785107520000,2.3247,2.3265,2.3207,2.3265,14422.0
1785107580000,2.3301,2.3309,2.3288,2.3288,4891.0
1785107640000,2.3313,2.3337,2.3283,2.3283,3892.0
1785107700000,2.3211,2.3211,2.3071,2.3159,5722.0
1785107760000,2.3123,2.314,2.3038,2.3038,3309.0
1785107820000,2.3067,2.3132,2.3067,2.3108,4005.0
1785107940000,2.3114,2.3114,2.3047,2.3065,5050.0
1785108000000,2.3099,2.3253,2.3083,2.3253,8730.0
1785108060000,2.3275,2.33,2.3251,2.3251,5214.0
1785108120000,2.3167,2.318,2.3139,2.3139,632.0
1785108180000,2.3132,2.3182,2.3116,2.3177,18520.0
1785108240000,2.318,2.3319,2.318,2.3319,1920.0
1785108300000,2.3303,2.3512,2.3272,2.3419,10161.0
1785108360000,2.3526,2.3526,2.3353,2.3358,11119.0
1785108420000,2.3394,2.3409,2.3325,2.3325,7645.0
1785108480000,2.3343,2.343,2.3343,2.341,7383.0
1785108540000,2.3413,2.3413,2.3389,2.3404,1143.0
1785108600000,2.3404,2.3419,2.337,2.3375,4507.0
1785108660000,2.327,2.327,2.3148,2.3188,10451.0
1785108720000,2.32,2.3201,2.3168,2.3178,9182.0
1785108780000,2.3133,2.3259,2.3133,2.3259,15956.0
1785108840000,2.319,2.3217,2.319,2.3217,2393.0
1785108900000,2.3238,2.3248,2.3225,2.3235,4319.0
1785108960000,2.3242,2.3242,2.3097,2.3167,10233.0
1785109020000,2.3166,2.3202,2.3154,2.3169,2544.0
1785109080000,2.319,2.3386,2.3151,2.3386,8207.0
1785109140000,2.3405,2.3456,2.3312,2.3312,21578.0
1785109200000,2.3308,2.3308,2.3284,2.3284,775.0
1785109260000,2.3289,2.3289,2.3211,2.3216,2523.0
1785109320000,2.3182,2.3194,2.312,2.3134,62905.0
1785109380000,2.3154,2.325,2.3132,2.325,7148.0
1785109440000,2.3267,2.3267,2.3252,2.3255,1406.0
1785109500000,2.3237,2.3244,2.3147,2.3147,6400.0
1785109560000,2.3155,2.3217,2.3155,2.3217,19613.0
1785109620000,2.322,2.3293,2.3157,2.3177,25724.0
1785109680000,2.3166,2.317,2.2845,2.2868,117752.0
1785109740000,2.2864,2.2909,2.2817,2.2855,24825.0
1785109800000,2.2873,2.2899,2.2873,2.2899,11553.0
1785109860000,2.2873,2.2873,2.2733,2.2733,18105.0
1785109920000,2.276,2.2769,2.2663,2.2713,14363.0
1785109980000,2.2713,2.2884,2.2713,2.2884,5339.0
1785110040000,2.2866,2.2876,2.282,2.2876,4920.0
1785110100000,2.2849,2.2849,2.2771,2.2777,2554.0
1785110160000,2.2777,2.282,2.2777,2.2791,1399.0
1785110220000,2.2765,2.2765,2.2699,2.2699,450.0
1785110280000,2.2725,2.2746,2.2701,2.2746,2815.0
1785110340000,2.2757,2.2784,2.2749,2.2755,6189.0
1785110400000,2.2761,2.2873,2.2656,2.2873,19060.0
1785110460000,2.2851,2.2859,2.2537,2.2591,8627.0
1785110520000,2.2584,2.2644,2.2439,2.256,14120.0
1785110580000,2.2564,2.2863,2.2564,2.2826,5553.0
1785110640000,2.2846,2.2963,2.2795,2.2932,4860.0
1785110700000,2.2929,2.3012,2.2908,2.292,23966.0
1785110760000,2.2895,2.306,2.2872,2.3045,36077.0
1785110820000,2.3039,2.3168,2.2805,2.2805,27358.0
1785110880000,2.2769,2.2872,2.2551,2.2832,59369.0
1785110940000,2.2841,2.2841,2.265,2.2734,45697.0
1785111000000,2.2719,2.299,2.2719,2.2968,10826.0
1785111060000,2.2968,2.2993,2.2864,2.2864,3218.0
1785111120000,2.2881,2.2881,2.2621,2.2657,11391.0
1785111180000,2.2658,2.2658,2.2476,2.254,4982.0
1785111240000,2.2587,2.2645,2.248,2.2632,4922.0
1785111300000,2.265,2.2745,2.262,2.2635,17660.0
1785111360000,2.2628,2.2629,2.2456,2.2456,3568.0
1785111420000,2.2457,2.2469,2.1063,2.1271,282302.0
1785111480000,2.1281,2.1731,2.1277,2.1568,98463.0
1785111540000,2.1569,2.173,2.1204,2.1642,59565.0
1785111600000,2.1651,2.1682,2.1514,2.1514,10578.0
1785111660000,2.1579,2.1626,2.1513,2.1621,7476.0
1785111720000,2.1645,2.1688,2.1493,2.1599,13943.0
1785111780000,2.1583,2.1654,2.1574,2.1583,5866.0
1785111840000,2.1547,2.1555,2.1347,2.1388,5223.0
1785111900000,2.1439,2.1447,2.1218,2.1368,13523.0
1785111960000,2.137,2.1432,2.1254,2.1432,47387.0
1785112020000,2.1439,2.1686,2.1424,2.1608,20499.0
1785112080000,2.1588,2.1634,2.1556,2.1634,15402.0
1785112140000,2.1609,2.1617,2.151,2.1611,2283.0
1785112200000,2.1616,2.1616,2.1367,2.1367,3635.0
1785112260000,2.1371,2.1405,2.1265,2.1387,2779.0
1785112320000,2.1341,2.1342,2.1088,2.12,14734.0
1785112380000,2.1205,2.1208,2.0501,2.0535,70787.0
1785112440000,2.0535,2.0741,2.05,2.0688,38708.0
1785112500000,2.0692,2.0941,2.0673,2.0806,27675.0
1785112560000,2.0807,2.0827,2.0678,2.0782,5913.0
1785112620000,2.078,2.0928,2.0655,2.0877,10252.0
1785112680000,2.0874,2.0938,2.0835,2.0923,4108.0
1785112740000,2.0931,2.0939,2.0718,2.0829,5913.0
1785112800000,2.0849,2.0944,2.0833,2.0901,18188.0
1785112860000,2.0917,2.1109,2.0917,2.0966,15225.0
1785112920000,2.0966,2.1017,2.0928,2.0988,17307.0
1785112980000,2.0996,2.1007,2.0883,2.0896,15178.0
1785113040000,2.0907,2.0931,2.082,2.0867,6637.0
1785113100000,2.0931,2.0947,2.0685,2.0685,11009.0
1785113160000,2.0729,2.0841,2.0696,2.0726,17460.0
1785113220000,2.0752,2.0909,2.0751,2.0909,3482.0
1785113280000,2.089,2.0973,2.0832,2.095,3408.0
1785113340000,2.0942,2.1012,2.0939,2.1012,1286.0
1785113400000,2.1046,2.1261,2.1037,2.1224,6779.0
1785113460000,2.116,2.116,2.1041,2.1092,10121.0
1785113520000,2.1075,2.1081,2.1001,2.1001,985.0
1785113580000,2.1016,2.1038,2.0959,2.0959,26515.0
1785113640000,2.096,2.096,2.0863,2.0915,7547.0
1785113700000,2.0933,2.0939,2.0792,2.0801,6135.0
1785113760000,2.0794,2.0973,2.0725,2.0973,1777.0
1785113820000,2.0957,2.0957,2.0893,2.0898,3422.0
1785113880000,2.0837,2.088,2.0757,2.0757,5331.0
1785113940000,2.078,2.0788,2.0647,2.0667,3819.0
1785114000000,2.0677,2.0838,2.0677,2.0729,3857.0
1785114060000,2.0716,2.0758,2.0674,2.0702,2580.0
1785114120000,2.0743,2.0762,2.0608,2.0716,22583.0
1785114180000,2.0695,2.0828,2.0586,2.0828,12094.0
1785114240000,2.0801,2.0934,2.0793,2.0796,4900.0
1785114300000,2.0802,2.0816,2.0763,2.0767,633.0
1785114360000,2.0874,2.0874,2.0691,2.0728,5296.0
1785114420000,2.0701,2.0748,2.0682,2.0748,1925.0
1785114480000,2.0752,2.0752,2.0604,2.0605,2855.0
1785114540000,2.064,2.0669,2.0592,2.0604,17391.0
1785114600000,2.059,2.0703,2.057,2.0673,2766.0
1785114660000,2.066,2.0737,2.0646,2.0685,4399.0
1785114720000,2.0684,2.0838,2.0684,2.0809,1393.0
1785114780000,2.0724,2.0751,2.0724,2.073,141.0
1785114840000,2.0724,2.082,2.0724,2.0778,1514.0
1785114900000,2.0779,2.0779,2.0767,2.0767,1088.0
1785114960000,2.0751,2.0849,2.0751,2.0784,7812.0
1785115020000,2.0832,2.0946,2.0832,2.0918,2924.0
1785115080000,2.0892,2.1107,2.0892,2.1026,6568.0
1785115140000,2.1037,2.1154,2.1002,2.1094,4037.0
1785115200000,2.1099,2.1099,2.0801,2.0853,6108.0
1785115260000,2.0844,2.0848,2.0617,2.062,6076.0
1785115320000,2.0659,2.0873,2.0659,2.086,2984.0
1785115380000,2.0858,2.09,2.0833,2.09,30912.0
1785115440000,2.0867,2.0952,2.0847,2.0847,4071.0
1785115500000,2.0884,2.09,2.0813,2.0884,5252.0
1785115560000,2.0904,2.0962,2.075,2.075,3586.0
1785115620000,2.075,2.0798,2.0707,2.0746,1357.0
1785115680000,2.0738,2.0819,2.0653,2.0797,5742.0
1785115740000,2.0776,2.0777,2.0683,2.0701,5584.0
1785115800000,2.0683,2.0683,2.0618,2.0629,2264.0
1785115860000,2.0599,2.077,2.0579,2.0769,3034.0
1785115920000,2.0783,2.0784,2.061,2.061,3202.0
1785115980000,2.0641,2.0847,2.0639,2.0816,2376.0
1785116040000,2.0815,2.0836,2.073,2.073,2992.0
1785116100000,2.0731,2.0806,2.0714,2.0779,7710.0
1785116160000,2.067,2.0682,2.0598,2.0682,5604.0
1785116220000,2.0676,2.0676,2.0674,2.0674,916.0
1785116280000,2.0643,2.0767,2.0638,2.0721,4536.0
1785116340000,2.0728,2.0737,2.0572,2.0572,3521.0
1785116400000,2.057,2.0649,2.056,2.06,3227.0
1785116460000,2.0623,2.0642,2.0529,2.0552,10896.0
1785116520000,2.0545,2.0545,2.0419,2.0447,17440.0
1785116580000,2.0489,2.0511,2.0302,2.039,17973.0
1785116640000,2.0389,2.0459,2.0389,2.0416,4824.0
1785116700000,2.0428,2.0593,2.0428,2.0472,10521.0
1785116760000,2.0488,2.0722,2.0488,2.0645,5003.0
1785116820000,2.0674,2.0674,2.0584,2.064,1609.0
1785116880000,2.0614,2.0669,2.0558,2.0669,5701.0
1785116940000,2.0645,2.0658,2.0607,2.0651,1271.0
1785117000000,2.063,2.0753,2.063,2.0651,10867.0
1785117060000,2.0648,2.0716,2.0648,2.067,4973.0
1785117120000,2.0653,2.0674,2.0621,2.0672,10731.0
1785117180000,2.0642,2.0678,2.0533,2.0533,15784.0
1785117240000,2.0511,2.0589,2.0498,2.0589,1854.0
1785117300000,2.0579,2.0678,2.0579,2.0678,895.0
1785117360000,2.0628,2.0765,2.0621,2.0765,10052.0
1785117420000,2.0742,2.0755,2.0707,2.0736,2320.0
1785117480000,2.0716,2.0802,2.0704,2.0718,16501.0
1785117540000,2.0712,2.0712,2.0585,2.063,548.0
1785117600000,2.0583,2.065,2.0541,2.0576,3796.0
1785117660000,2.059,2.0655,2.0383,2.0464,35473.0
1785117720000,2.053,2.0531,2.0372,2.0386,26955.0
1785117780000,2.0443,2.0529,2.0443,2.0503,4839.0
1785117840000,2.0501,2.0601,1.9947,2.0188,46892.0
1785117900000,2.0247,2.0317,2.0149,2.0172,30837.0
1785117960000,2.0189,2.0394,2.0189,2.0375,4733.0
1785118020000,2.0394,2.0395,2.0236,2.0395,2070.0
1785118080000,2.0415,2.0472,2.0304,2.0383,3209.0
1785118140000,2.038,2.0381,2.0312,2.0312,6828.0,1389.55851
1785118200000,2.031,2.0333,2.0254,2.0333,9498.0,1926.43514
1785118260000,2.0384,2.0467,2.0349,2.0393,12448.0,2540.668
1785118320000,2.0415,2.0449,2.0405,2.0405,9324.0,1904.87732
1785118380000,2.0426,2.0452,2.041,2.0439,2598.0,531.07097
1785118440000,2.0409,2.0409,2.0409,2.0409,795.0,162.25155
1785118500000,2.038,2.038,2.0306,2.0306,1774.0,360.96522
1785118560000,2.0352,2.0352,2.0288,2.0288,3758.0,763.44969
1785118620000,2.0305,2.0347,2.0286,2.0347,3226.0,655.25672
1785118680000,2.0339,2.0407,2.0339,2.0397,2453.0,499.48926
1785118740000,2.0402,2.0445,2.0387,2.044,400.0,81.68242
1785118800000,2.0449,2.0521,2.0443,2.05,4240.0,869.23396
1785118860000,2.0493,2.0694,2.0493,2.0656,7270.0,1499.07409
1785118920000,2.0651,2.0768,2.0651,2.0746,32078.0,6654.5181
1785118980000,2.0747,2.0789,2.0709,2.0709,11143.0,2312.57993
1785119040000,2.0682,2.0682,2.0665,2.0665,1614.0,333.75183
1785119100000,2.0673,2.0811,2.0673,2.0771,17527.0,3643.8089
1785119160000,2.0786,2.0839,2.0605,2.0605,3732.0,775.82567
1785119220000,2.0573,2.0573,2.0454,2.0467,12061.0,2468.77341
1785119280000,2.0451,2.0553,2.0451,2.0534,3871.0,794.835
1785119340000,2.0565,2.0636,2.0544,2.0636,4404.0,906.91501
1785119400000,2.0651,2.0702,2.0628,2.0676,6407.0,1324.2833
1785119460000,2.0562,2.0592,2.051,2.0586,11065.0,2271.70399
1785119520000,2.0548,2.0553,2.048,2.048,2840.0,583.02712
1785119580000,2.05,2.0509,2.0492,2.0504,1901.0,389.67096
1785119640000,2.051,2.0523,2.047,2.047,97.0,19.90031
1785119700000,2.0472,2.0539,2.0469,2.0539,5899.0,1208.76051
1785119760000,2.0512,2.0781,2.0509,2.0781,10459.0,2154.81765
1785119820000,2.0747,2.0801,2.0715,2.0801,30404.0,6312.70627
1785119880000,2.0758,2.0823,2.0708,2.0793,8997.0,1870.08102
1785119940000,2.0776,2.0779,2.0753,2.0775,1959.0,406.78313
1785120000000,2.0766,2.0771,2.0658,2.067,7491.0,1551.11285
1785120060000,2.0647,2.0688,2.0635,2.0681,2300.0,475.42951
1785120120000,2.0675,2.0685,2.0675,2.0676,667.0,137.91548
1785120180000,2.0676,2.0849,2.0676,2.0778,19138.0,3982.6125
1785120240000,2.0774,2.0885,2.0679,2.0679,14166.0,2952.08765
1785120300000,2.0639,2.0671,2.0575,2.0575,4873.0,1004.64372
1785120360000,2.0528,2.0729,2.0496,2.0717,78129.0,16122.45412
1785120420000,2.0702,2.0707,2.0674,2.0707,16372.0,3388.25516
1785120480000,2.0717,2.0824,2.0717,2.0788,2060.0,428.63751
1785120540000,2.074,2.074,2.0739,2.0739,369.0,76.52872
1785120600000,2.0672,2.0692,2.0577,2.0584,4586.0,944.48003
1785120660000,2.0587,2.0587,2.0494,2.0549,5774.0,1187.30054
1785120720000,2.0541,2.0544,2.0466,2.0466,1762.0,361.62204
1785120780000,2.0467,2.0505,2.0467,2.0505,3228.0,661.45759
1785120840000,2.0513,2.0519,2.0476,2.0519,2192.0,449.39346
1785120900000,2.0495,2.0545,2.0495,2.0545,1141.0,234.20167
1785120960000,2.0522,2.0532,2.0519,2.0532,1519.0,311.82901
1785121020000,2.0512,2.056,2.051,2.0559,4296.0,882.21431
1785121080000,2.0548,2.0704,2.0545,2.0697,2679.0,552.77687
1785121200000,2.0706,2.072,2.061,2.0625,7952.0,1641.00612
1785121260000,2.0613,2.0646,2.0522,2.0535,5011.0,1031.05916
1785121320000,2.0512,2.0578,2.0512,2.0575,4249.0,873.6301
1785121380000,2.0621,2.0621,2.0554,2.0621,3122.0,643.19885
1785121440000,2.063,2.0743,2.063,2.0743,3578.0,740.46013
1785121500000,2.0754,2.0796,2.0742,2.0794,2132.0,442.97124
1785121560000,2.0823,2.0823,2.0658,2.0721,5033.0,1041.40612
1785121620000,2.0712,2.0735,2.0681,2.0695,1902.0,394.14675
1785121680000,2.063,2.063,2.0604,2.0604,7.0,1.44332
1785121740000,2.0592,2.0592,2.0544,2.0544,205.0,42.21188
1785121800000,2.0537,2.0542,2.0535,2.0542,176.0,36.14289
1785121860000,2.056,2.0592,2.0557,2.0573,50863.0,10467.1572
1785121920000,2.0554,2.0624,2.0554,2.0624,3509.0,722.29283
1785121980000,2.0631,2.067,2.0552,2.0565,9151.0,1885.68138
1785122040000,2.0529,2.0561,2.0499,2.0499,1858.0,381.77873
1785122100000,2.0497,2.0498,2.0406,2.0428,4463.0,913.71641
1785122160000,2.0448,2.0489,2.044,2.0482,4964.0,1016.13632
1785122220000,2.0478,2.0478,2.0478,2.0478,59.0,12.08202
1785122280000,2.0518,2.0518,2.0414,2.0425,3470.0,710.10691
1785122340000,2.0424,2.0424,2.0363,2.039,2007.0,409.1868
1785122400000,2.0399,2.0427,2.0399,2.0427,1078.0,220.18187
1785122460000,2.0406,2.0432,2.0364,2.0432,3440.0,701.68579
1785122520000,2.0446,2.0446,2.0408,2.0434,2304.0,470.53044
1785122580000,2.043,2.043,2.0412,2.0412,1140.0,232.7265
