generated_utc,system,profile,paper_portfolio,action,dimension,value,events,win_rate_pct,profit_factor,expectancy,baseline_expectancy,delta_expectancy,metric_unit,confidence
2026-07-19T12:24:58+00:00,MAIN_PAPER_RESEARCH,MAIN,MAIN,PREFERIRE IN CHALLENGER,Fascia score,6–7,14,42.857142857142854,1.449872342419187,0.26418475242591455,0.017710932074254927,0.24647382035165963,R,MEDIA
2026-07-19T12:24:58+00:00,MAIN_PAPER_RESEARCH,MAIN,MAIN,RIDURRE / ESCLUDERE IN CHALLENGER,Fascia score,≥7,9,22.22222222222222,0.5469469207764798,-0.3656927884727711,0.017710932074254927,-0.38340372054702604,R,MEDIA
2026-07-19T12:24:58+00:00,MAIN_PAPER_RESEARCH,MAIN,MAIN,PREFERIRE IN CHALLENGER,Confidenza segnale,BUONA,14,42.857142857142854,1.449872342419187,0.26418475242591455,0.017710932074254927,0.24647382035165963,R,MEDIA
2026-07-19T12:24:58+00:00,MAIN_PAPER_RESEARCH,MAIN,MAIN,RIDURRE / ESCLUDERE IN CHALLENGER,Confidenza segnale,ALTA,9,22.22222222222222,0.5469469207764798,-0.3656927884727711,0.017710932074254927,-0.38340372054702604,R,MEDIA
2026-07-19T12:24:58+00:00,MAIN_PAPER_RESEARCH,Bilanciata 1H V1,SHADOW_1H_BALANCED,PREFERIRE IN CHALLENGER,Asset,LAB,9,44.44444444444444,1.5683737167921314,0.3199830089447787,0.05288214003057957,0.26710086891419915,R,MEDIA
2026-07-19T12:24:58+00:00,MAIN_PAPER_RESEARCH,Bilanciata 1H V1,SHADOW_1H_BALANCED,PREFERIRE IN CHALLENGER,Asset,AKE,9,66.66666666666666,3.9210526315789465,0.9866666666666668,0.05288214003057957,0.9337845266360872,R,MEDIA
2026-07-19T12:24:58+00:00,MAIN_PAPER_RESEARCH,Bilanciata 1H V1,SHADOW_1H_BALANCED,PREFERIRE IN CHALLENGER,Asset,ESPORTS,9,55.55555555555556,2.450657894736843,0.6533333333333338,0.05288214003057957,0.6004511933027542,R,MEDIA
2026-07-19T12:24:58+00:00,MAIN_PAPER_RESEARCH,Bilanciata 1H V1,SHADOW_1H_BALANCED,PREFERIRE IN CHALLENGER,Regime entrata,ALT_ROTATION_UP,10,50.0,1.8342837781833328,0.4406439367153786,0.05288214003057957,0.38776179668479904,R,MEDIA
2026-07-19T12:24:58+00:00,MAIN_PAPER_RESEARCH,Bilanciata 1H V1,SHADOW_1H_BALANCED,RIDURRE / ESCLUDERE IN CHALLENGER,Regime entrata,RANGE_HIGH_VOL,9,0.0,0.0,-1.0805430240309095,0.05288214003057957,-1.1334251640614892,R,MEDIA
2026-07-19T12:24:58+00:00,MAIN_PAPER_RESEARCH,Bilanciata 1H V1,SHADOW_1H_BALANCED,PREFERIRE IN CHALLENGER,Regime entrata,TREND_UP,21,42.857142857142854,1.3953172189355652,0.24067861319660017,0.05288214003057957,0.1877964731660206,R,ALTA
2026-07-19T12:24:58+00:00,MAIN_PAPER_RESEARCH,Bilanciata 1H V1,SHADOW_1H_BALANCED,PREFERIRE IN CHALLENGER,Regime entrata,TRANSITION,18,44.44444444444444,1.460420290888074,0.2724598991567187,0.05288214003057957,0.21957775912613914,R,MEDIA
2026-07-19T12:24:58+00:00,MAIN_PAPER_RESEARCH,Bilanciata 1H V1,SHADOW_1H_BALANCED,PREFERIRE IN CHALLENGER,Volatilità entrata,NORMAL,69,42.028985507246375,1.3302646224984878,0.20359913853268305,0.05288214003057957,0.1507169985021035,R,ALTA
2026-07-19T12:24:58+00:00,MAIN_PAPER_RESEARCH,Bilanciata 1H V1,SHADOW_1H_BALANCED,RIDURRE / ESCLUDERE IN CHALLENGER,Volatilità entrata,HIGH,9,0.0,0.0,-1.0805430240309095,0.05288214003057957,-1.1334251640614892,R,MEDIA
2026-07-19T12:24:58+00:00,MAIN_PAPER_RESEARCH,Bilanciata 1H V1,SHADOW_1H_BALANCED,RIDURRE / ESCLUDERE IN CHALLENGER,Fascia score,5–6,29,31.03448275862069,0.7973059988521644,-0.1514060966517621,0.05288214003057957,-0.20428823668234167,R,ALTA
2026-07-19T12:24:58+00:00,MAIN_PAPER_RESEARCH,Bilanciata 1H V1,SHADOW_1H_BALANCED,PREFERIRE IN CHALLENGER,Fascia score,6–7,31,48.38709677419355,1.7339780275389296,0.4025103512226809,0.05288214003057957,0.34962821119210136,R,ALTA
2026-07-19T12:24:58+00:00,MAIN_PAPER_RESEARCH,Bilanciata 1H V1,SHADOW_1H_BALANCED,RIDURRE / ESCLUDERE IN CHALLENGER,Fascia score,≥7,21,28.57142857142857,0.7565828574099679,-0.18112336869166962,0.05288214003057957,-0.23400550872224918,R,ALTA
2026-07-19T12:24:58+00:00,MAIN_PAPER_RESEARCH,Bilanciata 1H V1,SHADOW_1H_BALANCED,RIDURRE / ESCLUDERE IN CHALLENGER,Confidenza segnale,MEDIA,29,31.03448275862069,0.7973059988521644,-0.1514060966517621,0.05288214003057957,-0.20428823668234167,R,ALTA
2026-07-19T12:24:58+00:00,MAIN_PAPER_RESEARCH,Bilanciata 1H V1,SHADOW_1H_BALANCED,PREFERIRE IN CHALLENGER,Confidenza segnale,BUONA,38,50.0,1.858216210115941,0.4536695851094401,0.05288214003057957,0.40078744507886055,R,ALTA
2026-07-19T12:24:58+00:00,MAIN_PAPER_RESEARCH,Bilanciata 1H V1,SHADOW_1H_BALANCED,RIDURRE / ESCLUDERE IN CHALLENGER,Confidenza segnale,ALTA,14,14.285714285714285,0.3168894449707656,-0.611801006341477,0.05288214003057957,-0.6646831463720566,R,MEDIA
2026-07-19T12:24:58+00:00,MAIN_PAPER_RESEARCH,Bilanciata 1H V2,SHADOW_1H_BALANCED_V2,PREFERIRE IN CHALLENGER,Lato,LONG,8,62.5,3.186868368944134,0.8520469764508288,0.633918300055058,0.21812867639577083,R,MEDIA
2026-07-19T12:24:58+00:00,MAIN_PAPER_RESEARCH,Bilanciata 1H V2,SHADOW_1H_BALANCED_V2,PREFERIRE IN CHALLENGER,Fascia score,6–7,8,62.5,3.089938177760532,0.8398247542286068,0.633918300055058,0.2059064541735488,R,MEDIA
2026-07-19T12:24:58+00:00,MAIN_PAPER_RESEARCH,Bilanciata 1H V2,SHADOW_1H_BALANCED_V2,PREFERIRE IN CHALLENGER,Confidenza segnale,BUONA,8,62.5,3.089938177760532,0.8398247542286068,0.633918300055058,0.2059064541735488,R,MEDIA
2026-07-19T12:24:58+00:00,MAIN_PAPER_RESEARCH,Bilanciata 1H V3 Filtered,SHADOW_1H_BALANCED_V3,PREFERIRE IN CHALLENGER,Lato,LONG,10,60.0,2.8715203426124227,0.7768888888888896,0.4646878451485718,0.3122010437403178,R,MEDIA
2026-07-19T12:24:58+00:00,MAIN_PAPER_RESEARCH,Rapida 1H V1,SHADOW_1H_FAST,PREFERIRE IN CHALLENGER,Asset,AKE,13,84.61538461538461,8.067868041007843,1.1018625048545567,-0.007997245472926481,1.1098597503274832,R,MEDIA
2026-07-19T12:24:58+00:00,MAIN_PAPER_RESEARCH,Rapida 1H V1,SHADOW_1H_FAST,PREFERIRE IN CHALLENGER,Asset,ESPORTS,10,50.0,1.4671052631578945,0.23666666666666658,-0.007997245472926481,0.24466391213959307,R,MEDIA
2026-07-19T12:24:58+00:00,MAIN_PAPER_RESEARCH,Rapida 1H V1,SHADOW_1H_FAST,RIDURRE / ESCLUDERE IN CHALLENGER,Lato,SHORT,40,35.0,0.7379474818507651,-0.17754359951113413,-0.007997245472926481,-0.16954635403820764,R,ALTA
2026-07-19T12:24:58+00:00,MAIN_PAPER_RESEARCH,Rapida 1H V1,SHADOW_1H_FAST,RIDURRE / ESCLUDERE IN CHALLENGER,Regime entrata,RANGE_HIGH_VOL,10,0.0,0.0,-1.0976350446177443,-0.007997245472926481,-1.0896377991448178,R,MEDIA
2026-07-19T12:24:58+00:00,MAIN_PAPER_RESEARCH,Rapida 1H V1,SHADOW_1H_FAST,PREFERIRE IN CHALLENGER,Regime entrata,TRANSITION,17,58.82352941176471,2.273131264509159,0.47932712390375776,-0.007997245472926481,0.4873243693766842,R,MEDIA
2026-07-19T12:24:58+00:00,MAIN_PAPER_RESEARCH,Rapida 1H V1,SHADOW_1H_FAST,RIDURRE / ESCLUDERE IN CHALLENGER,Volatilità entrata,HIGH,10,0.0,0.0,-1.0976350446177443,-0.007997245472926481,-1.0896377991448178,R,MEDIA
2026-07-19T12:24:58+00:00,MAIN_PAPER_RESEARCH,Rapida 1H V1,SHADOW_1H_FAST,RIDURRE / ESCLUDERE IN CHALLENGER,Fascia score,5–6,27,33.33333333333333,0.6808341201472771,-0.2206472976601629,-0.007997245472926481,-0.2126500521872364,R,ALTA
2026-07-19T12:24:58+00:00,MAIN_PAPER_RESEARCH,Rapida 1H V1,SHADOW_1H_FAST,PREFERIRE IN CHALLENGER,Fascia score,<5,11,54.54545454545454,1.6359537986470245,0.31079908599233186,-0.007997245472926481,0.3187963314652583,R,MEDIA
2026-07-19T12:24:58+00:00,MAIN_PAPER_RESEARCH,Rapida 1H V1,SHADOW_1H_FAST,PREFERIRE IN CHALLENGER,Confidenza segnale,BUONA,34,50.0,1.4581218203998083,0.2304497648418883,-0.007997245472926481,0.2384470103148148,R,ALTA
2026-07-19T12:24:58+00:00,MAIN_PAPER_RESEARCH,Rapida 1H V1,SHADOW_1H_FAST,RIDURRE / ESCLUDERE IN CHALLENGER,Confidenza segnale,ALTA,20,30.0,0.5915568838802373,-0.3016175748612345,-0.007997245472926481,-0.29362032938830807,R,ALTA
2026-07-19T12:24:58+00:00,MAIN_PAPER_RESEARCH,SHADOW_4H_WIDE,SHADOW_4H_WIDE,RIDURRE / ESCLUDERE IN CHALLENGER,Lato,SHORT,9,22.22222222222222,0.7741812225339287,-0.18063001890276698,0.2457088881323628,-0.4263389070351298,R,MEDIA
2026-07-19T12:24:58+00:00,MAIN_PAPER_RESEARCH,SHADOW_4H_WIDE,SHADOW_4H_WIDE,PREFERIRE IN CHALLENGER,Lato,LONG,12,41.66666666666667,1.9493241442433944,0.5654630684087102,0.2457088881323628,0.3197541802763474,R,MEDIA
2026-07-19T12:24:58+00:00,MAIN_PAPER_RESEARCH,SHADOW_4H_WIDE,SHADOW_4H_WIDE,PREFERIRE IN CHALLENGER,Fascia score,6–7,9,55.55555555555556,3.4231576058309767,1.0958908096279922,0.2457088881323628,0.8501819214956294,R,MEDIA
2026-07-19T12:24:58+00:00,MAIN_PAPER_RESEARCH,SHADOW_4H_WIDE,SHADOW_4H_WIDE,PREFERIRE IN CHALLENGER,Confidenza segnale,BUONA,9,55.55555555555556,3.4231576058309767,1.0958908096279922,0.2457088881323628,0.8501819214956294,R,MEDIA
2026-07-19T12:24:58+00:00,MAIN_PAPER_RESEARCH,SHADOW_BOLLINGER_MR_1H,SHADOW_BOLLINGER_MR_1H,PREFERIRE IN CHALLENGER,Confidenza segnale,ALTA,9,55.55555555555556,1.626651946687606,0.30202853819545805,-0.04167825986589019,0.34370679806134824,R,MEDIA
2026-07-19T12:24:58+00:00,MAIN_PAPER_RESEARCH,SHADOW_BOLLINGER_MR_1H,SHADOW_BOLLINGER_MR_1H,RIDURRE / ESCLUDERE IN CHALLENGER,Confidenza segnale,BUONA,8,25.0,0.464574579382656,-0.4283484076849069,-0.04167825986589019,-0.3866701478190167,R,MEDIA
2026-07-19T12:24:58+00:00,MAIN_PAPER_RESEARCH,SHADOW_COMBO_ADAPTIVE,SHADOW_COMBO_ADAPTIVE,PREFERIRE IN CHALLENGER,Asset,AKE,9,66.66666666666666,3.9210526315789465,0.9866666666666668,0.45290893522515246,0.5337577314415143,R,MEDIA
2026-07-19T12:24:58+00:00,MAIN_PAPER_RESEARCH,SHADOW_COMBO_ADAPTIVE,SHADOW_COMBO_ADAPTIVE,PREFERIRE IN CHALLENGER,Fascia score,≥7,23,56.52173913043478,2.5114288310500683,0.6742283616440617,0.45290893522515246,0.22131942641890928,R,ALTA
2026-07-19T12:24:58+00:00,MAIN_PAPER_RESEARCH,SHADOW_COMBO_ADAPTIVE_MFE_TRAIL,SHADOW_COMBO_ADAPTIVE_MFE_TRAIL,PREFERIRE IN CHALLENGER,Lato,LONG,8,50.0,1.960526315789474,0.4866666666666668,0.32,0.1666666666666668,R,MEDIA
2026-07-19T12:24:58+00:00,MAIN_PAPER_RESEARCH,SHADOW_COMBO_ADAPTIVE_MFE_TRAIL,SHADOW_COMBO_ADAPTIVE_MFE_TRAIL,PREFERIRE IN CHALLENGER,Regime entrata,TREND_UP,8,50.0,1.9605263157894732,0.4866666666666667,0.32,0.16666666666666669,R,MEDIA
2026-07-19T12:24:58+00:00,MAIN_PAPER_RESEARCH,SHADOW_COMBO_ADAPTIVE_MFE_TRAIL,SHADOW_COMBO_ADAPTIVE_MFE_TRAIL,PREFERIRE IN CHALLENGER,Fascia score,≥7,8,50.0,1.960526315789474,0.4866666666666668,0.32,0.1666666666666668,R,MEDIA
2026-07-19T12:24:58+00:00,MAIN_PAPER_RESEARCH,SHADOW_COMBO_SCANNER,SHADOW_COMBO_SCANNER,PREFERIRE IN CHALLENGER,Asset,AKE,8,62.5,3.596491228070175,0.9866666666666668,0.49982527694885914,0.48684138971780766,R,MEDIA
2026-07-19T12:24:58+00:00,MAIN_PAPER_RESEARCH,SHADOW_COMBO_SCANNER,SHADOW_COMBO_SCANNER,PREFERIRE IN CHALLENGER,Fascia score,≥7,19,57.89473684210527,2.938327473827391,0.835119499862566,0.49982527694885914,0.3352942229137068,R,MEDIA
2026-07-19T12:24:58+00:00,MAIN_PAPER_RESEARCH,SHADOW_COMBO_SCANNER,SHADOW_COMBO_SCANNER,PREFERIRE IN CHALLENGER,Confidenza segnale,ALTA,18,61.111111111111114,3.377074207973347,0.9405998401327715,0.49982527694885914,0.4407745631839124,R,MEDIA
2026-07-19T12:24:58+00:00,MAIN_PAPER_RESEARCH,SHADOW_COMBO_TREND,SHADOW_COMBO_TREND,PREFERIRE IN CHALLENGER,Asset,AKE,8,62.5,3.596491228070175,0.9866666666666668,0.2845212990463776,0.7021453676202892,R,MEDIA
2026-07-19T12:24:58+00:00,MAIN_PAPER_RESEARCH,SHADOW_COMBO_TREND,SHADOW_COMBO_TREND,PREFERIRE IN CHALLENGER,Regime entrata,TRANSITION,12,50.0,2.0880428895067475,0.564292785023741,0.2845212990463776,0.27977148597736345,R,MEDIA
2026-07-19T12:24:58+00:00,MAIN_PAPER_RESEARCH,SHADOW_COMBO_TREND,SHADOW_COMBO_TREND,PREFERIRE IN CHALLENGER,Fascia score,≥7,16,50.0,2.122661138002873,0.5765329584020737,0.2845212990463776,0.2920116593556962,R,MEDIA
2026-07-19T12:24:58+00:00,MAIN_PAPER_RESEARCH,SHADOW_DONCHIAN_1H,SHADOW_DONCHIAN_1H,RIDURRE / ESCLUDERE IN CHALLENGER,Lato,LONG,9,22.22222222222222,0.662547126609118,-0.27908794065375603,-0.12709405404446442,-0.1519938866092916,R,MEDIA
2026-07-19T12:24:58+00:00,MAIN_PAPER_RESEARCH,SHADOW_DONCHIAN_1H,SHADOW_DONCHIAN_1H,RIDURRE / ESCLUDERE IN CHALLENGER,Volatilità entrata,NORMAL,14,21.428571428571427,0.6257568975808986,-0.31379124838097383,-0.12709405404446442,-0.18669719433650941,R,MEDIA
2026-07-19T12:24:58+00:00,MAIN_PAPER_RESEARCH,SHADOW_EMA_TREND_1H,SHADOW_EMA_TREND_1H,PREFERIRE IN CHALLENGER,Asset,AKE,8,62.5,3.596491228070175,0.9866666666666668,0.14457078352747726,0.8420958831391896,R,MEDIA
2026-07-19T12:24:58+00:00,MAIN_PAPER_RESEARCH,SHADOW_EMA_TREND_1H,SHADOW_EMA_TREND_1H,PREFERIRE IN CHALLENGER,Regime entrata,TRANSITION,12,50.0,2.0878611551241866,0.564198531936975,0.14457078352747726,0.41962774840949774,R,MEDIA
2026-07-19T12:24:58+00:00,MAIN_PAPER_RESEARCH,Forza relativa 1H V1,SHADOW_RELATIVE_STRENGTH,PREFERIRE IN CHALLENGER,Asset,AKE,9,66.66666666666666,4.31578947368421,1.12,0.15632576239558718,0.963674237604413,R,MEDIA
2026-07-19T12:24:58+00:00,MAIN_PAPER_RESEARCH,Forza relativa 1H V1,SHADOW_RELATIVE_STRENGTH,PREFERIRE IN CHALLENGER,Asset,ESPORTS,8,50.0,2.1578947368421066,0.5866666666666672,0.15632576239558718,0.43034090427108007,R,MEDIA
2026-07-19T12:24:58+00:00,MAIN_PAPER_RESEARCH,Forza relativa 1H V1,SHADOW_RELATIVE_STRENGTH,RIDURRE / ESCLUDERE IN CHALLENGER,Regime entrata,RANGE,16,25.0,0.6902151543650237,-0.24166554955267755,0.15632576239558718,-0.39799131194826476,R,MEDIA
2026-07-19T12:24:58+00:00,MAIN_PAPER_RESEARCH,Forza relativa 1H V1,SHADOW_RELATIVE_STRENGTH,PREFERIRE IN CHALLENGER,Regime entrata,TREND_UP,13,46.15384615384615,1.8048843440436089,0.4500643203880037,0.15632576239558718,0.29373855799241655,R,MEDIA
2026-07-19T12:24:58+00:00,MAIN_PAPER_RESEARCH,Forza relativa 1H V1,SHADOW_RELATIVE_STRENGTH,PREFERIRE IN CHALLENGER,Regime entrata,TRANSITION,11,54.54545454545454,2.546816136313887,0.7165793854216204,0.15632576239558718,0.5602536230260332,R,MEDIA
2026-07-19T12:24:58+00:00,MAIN_PAPER_RESEARCH,Forza relativa 1H V1,SHADOW_RELATIVE_STRENGTH,PREFERIRE IN CHALLENGER,Fascia score,6–7,15,53.333333333333336,2.384055364095301,0.677046408696273,0.15632576239558718,0.5207206463006858,R,MEDIA
2026-07-19T12:24:58+00:00,MAIN_PAPER_RESEARCH,Forza relativa 1H V1,SHADOW_RELATIVE_STRENGTH,RIDURRE / ESCLUDERE IN CHALLENGER,Fascia score,≥7,15,26.666666666666668,0.7782429296277144,-0.16615507417893985,0.15632576239558718,-0.32248083657452703,R,MEDIA
2026-07-19T12:24:58+00:00,MAIN_PAPER_RESEARCH,Forza relativa 1H V1,SHADOW_RELATIVE_STRENGTH,RIDURRE / ESCLUDERE IN CHALLENGER,Fascia score,<5,9,22.22222222222222,0.6005040932050474,-0.3232707663604034,0.15632576239558718,-0.47959652875599057,R,MEDIA
2026-07-19T12:24:58+00:00,MAIN_PAPER_RESEARCH,Forza relativa 1H V1,SHADOW_RELATIVE_STRENGTH,PREFERIRE IN CHALLENGER,Confidenza segnale,BUONA,21,47.61904761904761,1.911716676934856,0.4965919327528966,0.15632576239558718,0.34026617035730944,R,ALTA
2026-07-19T12:24:58+00:00,MAIN_PAPER_RESEARCH,Forza relativa 1H V1,SHADOW_RELATIVE_STRENGTH,RIDURRE / ESCLUDERE IN CHALLENGER,Confidenza segnale,ALTA,9,22.22222222222222,0.6126494828563646,-0.30722895222787006,0.15632576239558718,-0.4635547146234572,R,MEDIA
2026-07-19T12:24:58+00:00,MAIN_PAPER_RESEARCH,SHADOW_SCANNER_TOP5_BTC,SHADOW_SCANNER_TOP5_BTC,PREFERIRE IN CHALLENGER,Asset,AKE,8,62.5,3.596491228070175,0.9866666666666668,0.5042281089899989,0.4824385576766679,R,MEDIA
2026-07-19T12:24:58+00:00,MAIN_PAPER_RESEARCH,SHADOW_SCANNER_TOP5_BTC,SHADOW_SCANNER_TOP5_BTC,PREFERIRE IN CHALLENGER,Fascia score,≥7,20,60.0,3.1996735101250344,0.8990800058224451,0.5042281089899989,0.39485189683244615,R,ALTA
2026-07-19T12:24:58+00:00,MAIN_PAPER_RESEARCH,SHADOW_SCANNER_TOP5_BTC,SHADOW_SCANNER_TOP5_BTC,RIDURRE / ESCLUDERE IN CHALLENGER,Confidenza segnale,BUONA,8,25.0,0.6519489226284761,-0.28306332935369527,0.5042281089899989,-0.7872914383436942,R,MEDIA
2026-07-19T12:24:58+00:00,MAIN_PAPER_RESEARCH,SHADOW_SCANNER_TOP5_BTC,SHADOW_SCANNER_TOP5_BTC,PREFERIRE IN CHALLENGER,Confidenza segnale,ALTA,19,57.89473684210527,2.942423356147332,0.8357192409241859,0.5042281089899989,0.331491131934187,R,MEDIA
2026-07-19T12:24:58+00:00,MAIN_PAPER_RESEARCH,SHADOW_SCANNER_TOP5_LONG,SHADOW_SCANNER_TOP5_LONG,PREFERIRE IN CHALLENGER,Asset,AKE,9,66.66666666666666,3.9210526315789465,0.9866666666666668,0.3713777417545876,0.6152889249120792,R,MEDIA
2026-07-19T12:24:58+00:00,MAIN_PAPER_RESEARCH,SHADOW_SCANNER_TOP5_LONG,SHADOW_SCANNER_TOP5_LONG,PREFERIRE IN CHALLENGER,Asset,ESPORTS,9,55.55555555555556,2.450657894736843,0.6533333333333338,0.3713777417545876,0.28195559157874617,R,MEDIA
2026-07-19T12:24:58+00:00,MAIN_PAPER_RESEARCH,SHADOW_SCANNER_TOP5_LONG,SHADOW_SCANNER_TOP5_LONG,RIDURRE / ESCLUDERE IN CHALLENGER,Fascia score,6–7,10,10.0,0.19789413587566881,-0.7858385802254527,0.3713777417545876,-1.1572163219800404,R,MEDIA
2026-07-19T12:24:58+00:00,MAIN_PAPER_RESEARCH,SHADOW_SCANNER_TOP5_LONG,SHADOW_SCANNER_TOP5_LONG,PREFERIRE IN CHALLENGER,Fascia score,≥7,24,62.5,3.228934114482346,0.853551209246271,0.3713777417545876,0.48217346749168344,R,ALTA
2026-07-19T12:24:58+00:00,MAIN_PAPER_RESEARCH,SHADOW_SCANNER_TOP5_LONG,SHADOW_SCANNER_TOP5_LONG,RIDURRE / ESCLUDERE IN CHALLENGER,Confidenza segnale,BUONA,11,18.181818181818183,0.3921268043982081,-0.5414046272153424,0.3713777417545876,-0.91278236896993,R,MEDIA
2026-07-19T12:24:58+00:00,MAIN_PAPER_RESEARCH,SHADOW_SCANNER_TOP5_LONG,SHADOW_SCANNER_TOP5_LONG,PREFERIRE IN CHALLENGER,Confidenza segnale,ALTA,23,60.86956521739131,3.021881680841277,0.8079258312619454,0.3713777417545876,0.4365480895073578,R,ALTA
2026-07-19T12:24:58+00:00,RSI5_PAPER_SHADOW,SHORT RSI 70 · leva 10×,RSI5_SHORT_RSI70_10X,RIDURRE / ESCLUDERE IN CHALLENGER,Profondità RSI,1–3 punti,10,30.0,0.5128271006690616,-1.027078887867243,-0.6532036361038723,-0.37387525176337066,% margine,MEDIA
2026-07-19T12:24:58+00:00,RSI5_PAPER_SHADOW,SHORT RSI 70 · leva 10×,RSI5_SHORT_RSI70_10X,RIDURRE / ESCLUDERE IN CHALLENGER,Motivo uscita,STOP,11,0.0,0.0,-3.9021202999999223,-0.6532036361038723,-3.24891666389605,% margine,MEDIA
2026-07-19T12:24:58+00:00,RSI5_PAPER_SHADOW,SHORT RSI 70 · leva 10×,RSI5_SHORT_RSI70_10X,PREFERIRE IN CHALLENGER,Motivo uscita,TARGET,8,100.0,inf,3.6038806000000054,-0.6532036361038723,4.257084236103878,% margine,MEDIA
2026-07-19T12:24:58+00:00,RSI5_PAPER_SHADOW,SHORT RSI 70 · leva 20×,RSI5_SHORT_RSI70_20X,RIDURRE / ESCLUDERE IN CHALLENGER,Profondità RSI,1–3 punti,10,30.0,0.5128271006690616,-2.054157775734486,-1.3064072722077447,-0.7477505035267413,% margine,MEDIA
2026-07-19T12:24:58+00:00,RSI5_PAPER_SHADOW,SHORT RSI 70 · leva 20×,RSI5_SHORT_RSI70_20X,RIDURRE / ESCLUDERE IN CHALLENGER,Motivo uscita,STOP,11,0.0,0.0,-7.8042405999998445,-1.3064072722077447,-6.4978333277921,% margine,MEDIA
2026-07-19T12:24:58+00:00,RSI5_PAPER_SHADOW,SHORT RSI 70 · leva 20×,RSI5_SHORT_RSI70_20X,PREFERIRE IN CHALLENGER,Motivo uscita,TARGET,8,100.0,inf,7.207761200000011,-1.3064072722077447,8.514168472207755,% margine,MEDIA
