generated_utc,scope,portfolio,scenario_id,scenario_kind,sample_total,sample_full_from_entry,sample_partial,average_actual_comparable_pnl_eur,average_shadow_comparable_pnl_eur,average_delta_vs_actual_eur,median_delta_vs_actual_eur,total_delta_vs_actual_eur,improved_count,worsened_count,equal_count,improved_pct,shadow_win_rate_pct,actual_win_rate_pct,shadow_profit_factor,shadow_expectancy_eur,earlier_better_count,too_early_count,later_better_count,too_late_count,same_time_better_count,same_time_worse_count,ambiguous_count,data_stage
2026-07-20T05:10:21+00:00,ALL,ALL,ATR15_R100,ATR_TRAIL,32,14,18,-25.383521085223872,-28.594201762312963,-3.210680677089089,0.0,-102.74178166685086,14,4,14,43.75,25.0,15.625,0.10553543589989937,-28.594201762312963,14,2,0,2,0,0,0,PRELIMINARY_SAMPLE
2026-07-20T05:10:21+00:00,ALL,ALL,ATR20_R100,ATR_TRAIL,30,13,17,-31.621197520689453,-32.3985785066746,-0.7773809859851504,0.0,-23.32142957955451,13,2,15,43.333333333333336,10.0,10.0,0.052502153315607925,-32.3985785066746,12,0,1,2,0,0,0,PRELIMINARY_SAMPLE
2026-07-20T05:10:21+00:00,ALL,ALL,ATR30_R100,ATR_TRAIL,28,13,15,-38.08177829390174,-36.75064671552985,1.331131578371892,0.0,37.27168419441298,10,2,16,35.714285714285715,3.571428571428571,3.571428571428571,0.001968405168005078,-36.75064671552985,10,1,0,1,0,0,0,PRELIMINARY_SAMPLE
2026-07-20T05:10:21+00:00,ALL,ALL,BE_R050,BREAKEVEN,34,16,18,-18.66513265217355,-20.405771871445555,-1.7406392192720037,0.0,-59.18173345524813,10,8,16,29.411764705882355,0.0,14.705882352941178,0.0,-20.405771871445555,10,8,0,0,0,0,0,PRELIMINARY_SAMPLE
2026-07-20T05:10:21+00:00,ALL,ALL,BE_R100,BREAKEVEN,27,13,14,-39.82483625900127,-38.18694916715898,1.6378870918423019,0.0,44.22295147974215,10,1,16,37.03703703703704,0.0,0.0,0.0,-38.18694916715898,10,0,0,1,0,0,0,PRELIMINARY_SAMPLE
2026-07-20T05:10:21+00:00,ALL,ALL,GB20_R050,MFE_GIVEBACK,40,18,22,-7.057584233650279,6.511050054771223,13.568634288421501,5.328497742743683,542.74537153686,20,9,11,50.0,70.0,27.500000000000004,1.4016931461277562,6.511050054771223,20,9,0,0,0,0,0,PRELIMINARY_SAMPLE
2026-07-20T05:10:21+00:00,ALL,ALL,GB20_R100,MFE_GIVEBACK,38,17,21,-7.399061289790616,2.199535225845294,9.59859651563591,0.0,364.7466675941646,18,9,11,47.368421052631575,50.0,28.947368421052634,1.0828335829874385,2.199535225845294,18,8,0,1,0,0,0,PRELIMINARY_SAMPLE
2026-07-20T05:10:21+00:00,ALL,ALL,GB30_R050,MFE_GIVEBACK,40,18,22,-7.057584233650279,3.4702267869238135,10.527811020574093,3.7990108217629084,421.1124408229637,20,9,11,50.0,70.0,27.500000000000004,1.2140923973998263,3.4702267869238135,20,9,0,0,0,0,0,PRELIMINARY_SAMPLE
2026-07-20T05:10:21+00:00,ALL,ALL,GB30_R100,MFE_GIVEBACK,38,17,21,-7.399061289790616,-1.199470413895842,6.199590875894774,0.0,235.58445328400143,18,9,11,47.368421052631575,50.0,28.947368421052634,0.9548284424350444,-1.199470413895842,18,8,0,1,0,0,0,PRELIMINARY_SAMPLE
2026-07-20T05:10:21+00:00,ALL,ALL,GB40_R050,MFE_GIVEBACK,40,18,22,-7.057584233650279,1.059926685411654,8.117510919061932,2.2695239007819206,324.7004367624773,20,9,11,50.0,70.0,27.500000000000004,1.0653911859602085,1.059926685411654,20,9,0,0,0,0,0,PRELIMINARY_SAMPLE
2026-07-20T05:10:21+00:00,ALL,ALL,GB40_R100,MFE_GIVEBACK,38,17,21,-7.399061289790616,-4.5973500877771185,2.8017112020134984,0.0,106.46502567651294,18,9,11,47.368421052631575,50.0,28.947368421052634,0.8268657052892416,-4.5973500877771185,18,7,0,2,0,0,0,PRELIMINARY_SAMPLE
2026-07-20T05:10:21+00:00,ALL,ALL,GB50_R050,MFE_GIVEBACK,40,18,22,-7.057584233650279,-1.0935577721514556,5.964026461498824,0.7400369798009327,238.56105845995293,20,9,11,50.0,70.0,27.500000000000004,0.932533975584156,-1.0935577721514556,20,9,0,0,0,0,0,PRELIMINARY_SAMPLE
2026-07-20T05:10:21+00:00,ALL,ALL,GB50_R100,MFE_GIVEBACK,38,17,21,-7.399061289790616,-7.685239809517088,-0.28617851972647157,0.0,-10.87478374960592,17,10,11,44.73684210526316,50.0,28.947368421052634,0.7105770609809842,-7.685239809517088,17,7,0,3,0,0,0,PRELIMINARY_SAMPLE
2026-07-20T05:10:21+00:00,ALL,ALL,TIME_12H,TIME_EXIT,29,10,19,-31.004309041767822,-22.9677769362366,8.036532105531222,1.6866215552477755,233.05943106040544,17,7,5,58.620689655172406,24.137931034482758,13.793103448275861,0.271618338726454,-22.9677769362366,15,6,2,1,0,0,0,PRELIMINARY_SAMPLE
2026-07-20T05:10:21+00:00,ALL,ALL,TIME_24H,TIME_EXIT,25,10,15,-42.11913105050627,-38.649209405614855,3.4699216448914187,1.7180864411970518,86.74804112228547,16,4,5,64.0,12.0,4.0,0.03787053518143102,-38.649209405614855,14,2,2,2,0,0,0,PRELIMINARY_SAMPLE
2026-07-20T05:10:21+00:00,ALL,ALL,TIME_6H,TIME_EXIT,36,14,22,-7.55557765062248,-13.893582928252771,-6.33800527763029,0.821425144203694,-228.16818999469044,18,14,4,50.0,27.77777777777778,30.555555555555557,0.44302376189620113,-13.893582928252771,18,11,0,3,0,0,0,PRELIMINARY_SAMPLE
2026-07-20T05:10:21+00:00,ALL,ALL,TP_R050,FIXED_R,40,18,22,-7.057584233650279,-0.27101472506022406,6.786569508590054,4.707627035863661,271.46278034360216,20,9,11,50.0,70.0,27.500000000000004,0.9832799999016111,-0.27101472506022406,20,9,0,0,0,0,0,PRELIMINARY_SAMPLE
2026-07-20T05:10:21+00:00,ALL,ALL,TP_R100,FIXED_R,38,17,21,-7.399061289790616,-2.696260597599091,4.702800692191525,0.0,178.70642630327796,18,9,11,47.368421052631575,50.0,28.947368421052634,0.8984599458364421,-2.696260597599091,18,8,0,1,0,0,0,PRELIMINARY_SAMPLE
2026-07-20T05:10:21+00:00,ALL,ALL,TP_R150,FIXED_R,33,14,19,-8.305128494091058,0.5190240908023251,8.824152584893382,0.0,291.1970353014816,13,6,14,39.39393939393939,42.42424242424242,30.303030303030305,1.0169743590847071,0.5190240908023251,13,5,0,1,0,0,0,PRELIMINARY_SAMPLE
2026-07-20T05:10:21+00:00,ALL,ALL,TP_R200,FIXED_R,31,13,18,-11.103372189502656,5.552316973100522,16.655689162603178,5.684341886080802e-14,516.3263640406985,14,3,14,45.16129032258064,38.70967741935484,29.03225806451613,1.1705799073529417,5.552316973100522,10,2,4,1,0,0,0,PRELIMINARY_SAMPLE
2026-07-20T05:10:21+00:00,PORTFOLIO,SHADOW_1H_BALANCED,ATR15_R100,ATR_TRAIL,2,2,0,-28.530119897619368,-27.671076677020842,0.8590432205985259,0.8590432205985259,1.7180864411970518,1,0,1,50.0,0.0,0.0,0.0,-27.671076677020842,1,0,0,0,0,0,0,COLLECTING
2026-07-20T05:10:21+00:00,PORTFOLIO,SHADOW_1H_BALANCED,ATR20_R100,ATR_TRAIL,2,2,0,-28.530119897619368,-27.671076677020842,0.8590432205985259,0.8590432205985259,1.7180864411970518,1,0,1,50.0,0.0,0.0,0.0,-27.671076677020842,1,0,0,0,0,0,0,COLLECTING
2026-07-20T05:10:21+00:00,PORTFOLIO,SHADOW_1H_BALANCED,ATR30_R100,ATR_TRAIL,2,2,0,-28.530119897619368,-27.671076677020842,0.8590432205985259,0.8590432205985259,1.7180864411970518,1,0,1,50.0,0.0,0.0,0.0,-27.671076677020842,1,0,0,0,0,0,0,COLLECTING
2026-07-20T05:10:21+00:00,PORTFOLIO,SHADOW_1H_BALANCED,BE_R050,BREAKEVEN,3,2,1,14.668445493322265,-1.495067933590743,-16.163513426913006,0.0,-48.49054028073902,1,1,1,33.33333333333333,0.0,33.33333333333333,0.0,-1.495067933590743,1,1,0,0,0,0,0,COLLECTING
2026-07-20T05:10:21+00:00,PORTFOLIO,SHADOW_1H_BALANCED,BE_R100,BREAKEVEN,2,2,0,-28.530119897619368,-27.671076677020842,0.8590432205985259,0.8590432205985259,1.7180864411970518,1,0,1,50.0,0.0,0.0,0.0,-27.671076677020842,1,0,0,0,0,0,0,COLLECTING
2026-07-20T05:10:21+00:00,PORTFOLIO,SHADOW_1H_BALANCED,GB20_R050,MFE_GIVEBACK,3,2,1,14.668445493322265,30.707016140651934,16.038570647329667,33.061741169413196,48.115711941989005,2,1,0,66.66666666666666,100.0,33.33333333333333,inf,30.707016140651934,2,1,0,0,0,0,0,COLLECTING
2026-07-20T05:10:21+00:00,PORTFOLIO,SHADOW_1H_BALANCED,GB20_R100,MFE_GIVEBACK,3,2,1,14.668445493322265,11.81737308574293,-2.851072407579333,1.7180864411970518,-8.553217222737999,2,1,0,66.66666666666666,66.66666666666666,33.33333333333333,1.6811138524425873,11.81737308574293,2,1,0,0,0,0,0,COLLECTING
2026-07-20T05:10:21+00:00,PORTFOLIO,SHADOW_1H_BALANCED,GB30_R050,MFE_GIVEBACK,3,2,1,14.668445493322265,26.6817556313716,12.013310138049336,28.929023523236545,36.03993041414801,2,1,0,66.66666666666666,100.0,33.33333333333333,inf,26.6817556313716,2,1,0,0,0,0,0,COLLECTING
2026-07-20T05:10:21+00:00,PORTFOLIO,SHADOW_1H_BALANCED,GB30_R100,MFE_GIVEBACK,3,2,1,14.668445493322265,8.009551945911165,-6.6588935474110995,1.7180864411970518,-19.976680642233298,2,1,0,66.66666666666666,66.66666666666666,33.33333333333333,1.4616437801054332,8.009551945911165,2,1,0,0,0,0,0,COLLECTING
2026-07-20T05:10:21+00:00,PORTFOLIO,SHADOW_1H_BALANCED,GB40_R050,MFE_GIVEBACK,3,2,1,14.668445493322265,22.65649512209126,7.988049628768997,24.796305877059897,23.96414888630699,2,1,0,66.66666666666666,100.0,33.33333333333333,inf,22.65649512209126,2,1,0,0,0,0,0,COLLECTING
2026-07-20T05:10:21+00:00,PORTFOLIO,SHADOW_1H_BALANCED,GB40_R100,MFE_GIVEBACK,3,2,1,14.668445493322265,4.201730806079309,-10.466714687242956,1.7180864411970518,-31.400144061728867,2,1,0,66.66666666666666,66.66666666666666,33.33333333333333,1.2421737077682742,4.201730806079309,2,1,0,0,0,0,0,COLLECTING
2026-07-20T05:10:21+00:00,PORTFOLIO,SHADOW_1H_BALANCED,GB50_R050,MFE_GIVEBACK,3,2,1,14.668445493322265,21.677226898304497,7.008781404982238,29.80156508736395,21.026344214946715,2,1,0,66.66666666666666,100.0,33.33333333333333,inf,21.677226898304497,2,1,0,0,0,0,0,COLLECTING
2026-07-20T05:10:21+00:00,PORTFOLIO,SHADOW_1H_BALANCED,GB50_R100,MFE_GIVEBACK,3,2,1,14.668445493322265,9.335337948780628,-5.333107544541637,1.7180864411970518,-15.99932263362491,2,1,0,66.66666666666666,66.66666666666666,33.33333333333333,1.5380576502081142,9.335337948780628,2,0,0,1,0,0,0,COLLECTING
2026-07-20T05:10:21+00:00,PORTFOLIO,SHADOW_1H_BALANCED,TIME_12H,TIME_EXIT,1,1,0,-53.76829674024122,-52.05021029904417,1.7180864411970518,1.7180864411970518,1.7180864411970518,1,0,0,100.0,0.0,0.0,0.0,-52.05021029904417,1,0,0,0,0,0,0,COLLECTING
2026-07-20T05:10:21+00:00,PORTFOLIO,SHADOW_1H_BALANCED,TIME_24H,TIME_EXIT,1,1,0,-53.76829674024122,-52.05021029904417,1.7180864411970518,1.7180864411970518,1.7180864411970518,1,0,0,100.0,0.0,0.0,0.0,-52.05021029904417,1,0,0,0,0,0,0,COLLECTING
2026-07-20T05:10:21+00:00,PORTFOLIO,SHADOW_1H_BALANCED,TIME_6H,TIME_EXIT,2,1,1,23.648639767482155,5.87612726937941,-17.772512498102746,-17.772512498102746,-35.54502499620549,1,1,0,50.0,50.0,50.0,1.2257868790776938,5.87612726937941,1,0,0,1,0,0,0,COLLECTING
2026-07-20T05:10:21+00:00,PORTFOLIO,SHADOW_1H_BALANCED,TP_R050,FIXED_R,3,2,1,14.668445493322265,24.057622940379442,9.389177447057177,25.518127717953725,28.16753234117153,2,1,0,66.66666666666666,100.0,33.33333333333333,inf,24.057622940379442,2,1,0,0,0,0,0,COLLECTING
2026-07-20T05:10:21+00:00,PORTFOLIO,SHADOW_1H_BALANCED,TP_R100,FIXED_R,3,2,1,14.668445493322265,15.310057615706933,0.6416121223846692,1.7180864411970518,1.9248363671540076,2,1,0,66.66666666666666,66.66666666666666,33.33333333333333,1.8824205048017693,15.310057615706933,2,1,0,0,0,0,0,COLLECTING
2026-07-20T05:10:21+00:00,PORTFOLIO,SHADOW_1H_BALANCED,TP_R150,FIXED_R,2,1,1,23.648639767482155,11.800306610593232,-11.848333156888923,-11.848333156888923,-23.696666313777847,1,1,0,50.0,50.0,50.0,1.4534201319378697,11.800306610593232,1,1,0,0,0,0,0,COLLECTING
2026-07-20T05:10:21+00:00,PORTFOLIO,SHADOW_1H_BALANCED,TP_R200,FIXED_R,2,1,1,23.648639767482155,24.50768298808071,0.8590432205985543,0.8590432205985543,1.7180864411971086,1,0,1,50.0,50.0,50.0,1.9416939085270424,24.50768298808071,1,0,0,0,0,0,0,COLLECTING
2026-07-20T05:10:21+00:00,PORTFOLIO,SHADOW_1H_BALANCED_V2,ATR15_R100,ATR_TRAIL,2,1,1,-22.537156989632134,-20.404814149004842,2.1323428406272926,2.1323428406272926,4.264685681254585,1,0,1,50.0,50.0,50.0,0.27639798902985424,-20.404814149004842,1,0,0,0,0,0,0,COLLECTING
2026-07-20T05:10:21+00:00,PORTFOLIO,SHADOW_1H_BALANCED_V2,ATR20_R100,ATR_TRAIL,2,1,1,-22.537156989632134,-18.87385785274732,3.6632991368848113,3.6632991368848113,7.326598273769623,1,0,1,50.0,50.0,50.0,0.3306892482684676,-18.87385785274732,0,0,1,0,0,0,0,COLLECTING
2026-07-20T05:10:21+00:00,PORTFOLIO,SHADOW_1H_BALANCED_V2,ATR30_R100,ATR_TRAIL,1,1,0,-56.39789232107786,-56.39789232107786,0.0,0.0,0.0,0,0,1,0.0,0.0,0.0,0.0,-56.39789232107786,0,0,0,0,0,0,0,COLLECTING
2026-07-20T05:10:21+00:00,PORTFOLIO,SHADOW_1H_BALANCED_V2,BE_R050,BREAKEVEN,1,1,0,-56.39789232107786,-56.39789232107786,0.0,0.0,0.0,0,0,1,0.0,0.0,0.0,0.0,-56.39789232107786,0,0,0,0,0,0,0,COLLECTING
2026-07-20T05:10:21+00:00,PORTFOLIO,SHADOW_1H_BALANCED_V2,BE_R100,BREAKEVEN,1,1,0,-56.39789232107786,-56.39789232107786,0.0,0.0,0.0,0,0,1,0.0,0.0,0.0,0.0,-56.39789232107786,0,0,0,0,0,0,0,COLLECTING
2026-07-20T05:10:21+00:00,PORTFOLIO,SHADOW_1H_BALANCED_V2,GB20_R050,MFE_GIVEBACK,2,1,1,-22.537156989632134,-15.061540784549058,7.475616205083076,7.475616205083076,14.951232410166153,1,0,1,50.0,50.0,50.0,0.46588284899717664,-15.061540784549058,1,0,0,0,0,0,0,COLLECTING
2026-07-20T05:10:21+00:00,PORTFOLIO,SHADOW_1H_BALANCED_V2,GB20_R100,MFE_GIVEBACK,2,1,1,-22.537156989632134,-9.69773594545395,12.839421044178184,12.839421044178184,25.67884208835637,1,0,1,50.0,50.0,50.0,0.656095802650073,-9.69773594545395,1,0,0,0,0,0,0,COLLECTING
2026-07-20T05:10:21+00:00,PORTFOLIO,SHADOW_1H_BALANCED_V2,GB30_R050,MFE_GIVEBACK,2,1,1,-22.537156989632134,-16.97878295419722,5.558374035434914,5.558374035434914,11.116748070869829,1,0,1,50.0,50.0,50.0,0.397892997222818,-16.97878295419722,1,0,0,0,0,0,0,COLLECTING
2026-07-20T05:10:21+00:00,PORTFOLIO,SHADOW_1H_BALANCED_V2,GB30_R100,MFE_GIVEBACK,2,1,1,-22.537156989632134,-12.28545371998909,10.251703269643045,10.251703269643045,20.50340653928609,1,0,1,50.0,50.0,50.0,0.564329331669099,-12.28545371998909,1,0,0,0,0,0,0,COLLECTING
2026-07-20T05:10:21+00:00,PORTFOLIO,SHADOW_1H_BALANCED_V2,GB40_R050,MFE_GIVEBACK,2,1,1,-22.537156989632134,-12.845121317758803,9.692035671873331,9.692035671873331,19.384071343746662,1,0,1,50.0,50.0,50.0,0.5444822212635017,-12.845121317758803,1,0,0,0,0,0,0,COLLECTING
2026-07-20T05:10:21+00:00,PORTFOLIO,SHADOW_1H_BALANCED_V2,GB40_R100,MFE_GIVEBACK,2,1,1,-22.537156989632134,-12.845121317758803,9.692035671873331,9.692035671873331,19.384071343746662,1,0,1,50.0,50.0,50.0,0.5444822212635017,-12.845121317758803,1,0,0,0,0,0,0,COLLECTING
2026-07-20T05:10:21+00:00,PORTFOLIO,SHADOW_1H_BALANCED_V2,GB50_R050,MFE_GIVEBACK,2,1,1,-22.537156989632134,-15.770847455088218,6.766309534543916,6.766309534543916,13.532619069087833,1,0,1,50.0,50.0,50.0,0.44072919018663037,-15.770847455088218,1,0,0,0,0,0,0,COLLECTING
2026-07-20T05:10:21+00:00,PORTFOLIO,SHADOW_1H_BALANCED_V2,GB50_R100,MFE_GIVEBACK,2,1,1,-22.537156989632134,-15.770847455088218,6.766309534543916,6.766309534543916,13.532619069087833,1,0,1,50.0,50.0,50.0,0.44072919018663037,-15.770847455088218,1,0,0,0,0,0,0,COLLECTING
2026-07-20T05:10:21+00:00,PORTFOLIO,SHADOW_1H_BALANCED_V2,TIME_12H,TIME_EXIT,2,1,1,-22.537156989632134,-9.952598683897225,12.584558305734909,12.584558305734909,25.169116611469818,1,0,1,50.0,50.0,50.0,0.6470577791369841,-9.952598683897225,1,0,0,0,0,0,0,COLLECTING
2026-07-20T05:10:21+00:00,PORTFOLIO,SHADOW_1H_BALANCED_V2,TIME_24H,TIME_EXIT,1,1,0,-56.39789232107786,-56.39789232107786,0.0,0.0,0.0,0,0,1,0.0,0.0,0.0,0.0,-56.39789232107786,0,0,0,0,0,0,0,COLLECTING
2026-07-20T05:10:21+00:00,PORTFOLIO,SHADOW_1H_BALANCED_V2,TIME_6H,TIME_EXIT,2,1,1,-22.537156989632134,-43.08850047913431,-20.551343489502173,-20.551343489502173,-41.102686979004346,0,1,1,0.0,0.0,50.0,0.0,-43.08850047913431,0,1,0,0,0,0,0,COLLECTING
2026-07-20T05:10:21+00:00,PORTFOLIO,SHADOW_1H_BALANCED_V2,TP_R050,FIXED_R,2,1,1,-22.537156989632134,-17.82952995376847,4.707627035863661,4.707627035863661,9.415254071727322,1,0,1,50.0,50.0,50.0,0.3677235364660975,-17.82952995376847,1,0,0,0,0,0,0,COLLECTING
2026-07-20T05:10:21+00:00,PORTFOLIO,SHADOW_1H_BALANCED_V2,TP_R100,FIXED_R,2,1,1,-22.537156989632134,-5.259581765801414,17.27757522383072,17.27757522383072,34.55515044766144,1,0,1,50.0,50.0,50.0,0.8134830381299294,-5.259581765801414,1,0,0,0,0,0,0,COLLECTING
2026-07-20T05:10:21+00:00,PORTFOLIO,SHADOW_1H_BALANCED_V2,TP_R150,FIXED_R,2,1,1,-22.537156989632134,7.3103664221654086,29.847523411797543,29.847523411797543,59.695046823595085,1,0,1,50.0,50.0,50.0,1.2592425397937528,7.3103664221654086,1,0,0,0,0,0,0,COLLECTING
2026-07-20T05:10:21+00:00,PORTFOLIO,SHADOW_1H_BALANCED_V2,TP_R200,FIXED_R,2,1,1,-22.537156989632134,19.880314610132466,42.417471599764596,42.417471599764596,84.83494319952919,1,0,1,50.0,50.0,50.0,1.7050020414575846,19.880314610132466,0,0,1,0,0,0,0,COLLECTING
2026-07-20T05:10:21+00:00,PORTFOLIO,SHADOW_1H_BALANCED_V3,ATR15_R100,ATR_TRAIL,1,1,0,96.01582107373704,29.660900658073608,-66.35492041566343,-66.35492041566343,-66.35492041566343,0,1,0,0.0,100.0,100.0,inf,29.660900658073608,0,0,0,1,0,0,0,COLLECTING
2026-07-20T05:10:21+00:00,PORTFOLIO,SHADOW_1H_BALANCED_V3,BE_R050,BREAKEVEN,2,1,1,97.7962957835654,-2.357040205927046,-100.15333598949243,-100.15333598949243,-200.30667197898487,0,2,0,0.0,0.0,100.0,0.0,-2.357040205927046,0,2,0,0,0,0,0,COLLECTING
2026-07-20T05:10:21+00:00,PORTFOLIO,SHADOW_1H_BALANCED_V3,GB20_R050,MFE_GIVEBACK,2,1,1,97.7962957835654,23.156074366313618,-74.64022141725178,-74.64022141725178,-149.28044283450356,0,2,0,0.0,100.0,100.0,inf,23.156074366313618,0,2,0,0,0,0,0,COLLECTING
2026-07-20T05:10:21+00:00,PORTFOLIO,SHADOW_1H_BALANCED_V3,GB20_R100,MFE_GIVEBACK,2,1,1,97.7962957835654,50.78740655189952,-47.00888923166587,-47.00888923166587,-94.01777846333174,0,2,0,0.0,100.0,100.0,inf,50.78740655189952,0,2,0,0,0,0,0,COLLECTING
2026-07-20T05:10:21+00:00,PORTFOLIO,SHADOW_1H_BALANCED_V3,GB30_R050,MFE_GIVEBACK,2,1,1,97.7962957835654,19.966935044783447,-77.82936073878194,-77.82936073878194,-155.6587214775639,0,2,0,0.0,100.0,100.0,inf,19.966935044783447,0,2,0,0,0,0,0,COLLECTING
2026-07-20T05:10:21+00:00,PORTFOLIO,SHADOW_1H_BALANCED_V3,GB30_R100,MFE_GIVEBACK,2,1,1,97.7962957835654,50.80706806845151,-46.989227715113884,-46.989227715113884,-93.97845543022777,0,2,0,0.0,100.0,100.0,inf,50.80706806845151,0,2,0,0,0,0,0,COLLECTING
2026-07-20T05:10:21+00:00,PORTFOLIO,SHADOW_1H_BALANCED_V3,GB40_R050,MFE_GIVEBACK,2,1,1,97.7962957835654,17.279852918451788,-80.51644286511362,-80.51644286511362,-161.03288573022724,0,2,0,0.0,100.0,100.0,inf,17.279852918451788,0,2,0,0,0,0,0,COLLECTING
2026-07-20T05:10:21+00:00,PORTFOLIO,SHADOW_1H_BALANCED_V3,GB40_R100,MFE_GIVEBACK,2,1,1,97.7962957835654,44.40058274040893,-53.39571304315646,-53.39571304315646,-106.79142608631292,0,2,0,0.0,100.0,100.0,inf,44.40058274040893,0,2,0,0,0,0,0,COLLECTING
2026-07-20T05:10:21+00:00,PORTFOLIO,SHADOW_1H_BALANCED_V3,GB50_R050,MFE_GIVEBACK,2,1,1,97.7962957835654,14.007037397721835,-83.78925838584355,-83.78925838584355,-167.5785167716871,0,2,0,0.0,100.0,100.0,inf,14.007037397721835,0,2,0,0,0,0,0,COLLECTING
2026-07-20T05:10:21+00:00,PORTFOLIO,SHADOW_1H_BALANCED_V3,GB50_R100,MFE_GIVEBACK,2,1,1,97.7962957835654,36.60764558268629,-61.188650200879096,-61.188650200879096,-122.37730040175819,0,2,0,0.0,100.0,100.0,inf,36.60764558268629,0,2,0,0,0,0,0,COLLECTING
2026-07-20T05:10:21+00:00,PORTFOLIO,SHADOW_1H_BALANCED_V3,TIME_6H,TIME_EXIT,2,1,1,97.7962957835654,58.17372635142241,-39.62256943214298,-39.62256943214298,-79.24513886428596,0,2,0,0.0,100.0,100.0,inf,58.17372635142241,0,2,0,0,0,0,0,COLLECTING
2026-07-20T05:10:21+00:00,PORTFOLIO,SHADOW_1H_BALANCED_V3,TP_R050,FIXED_R,2,1,1,97.7962957835654,22.681297475765835,-75.11499830779955,-75.11499830779955,-150.2299966155991,0,2,0,0.0,100.0,100.0,inf,22.681297475765835,0,2,0,0,0,0,0,COLLECTING
2026-07-20T05:10:21+00:00,PORTFOLIO,SHADOW_1H_BALANCED_V3,TP_R100,FIXED_R,2,1,1,97.7962957835654,47.719635157458974,-50.07666062610642,-50.07666062610642,-100.15332125221283,0,2,0,0.0,100.0,100.0,inf,47.719635157458974,0,2,0,0,0,0,0,COLLECTING
2026-07-20T05:10:21+00:00,PORTFOLIO,SHADOW_1H_BALANCED_V3,TP_R150,FIXED_R,2,1,1,97.7962957835654,72.75797283915185,-25.038322944413537,-25.038322944413537,-50.07664588882707,0,2,0,0.0,100.0,100.0,inf,72.75797283915185,0,2,0,0,0,0,0,COLLECTING
2026-07-20T05:10:21+00:00,PORTFOLIO,SHADOW_1H_BALANCED_V3,TP_R200,FIXED_R,2,1,1,97.7962957835654,97.79631052084497,1.4737279578014295e-05,1.4737279578014295e-05,2.947455915602859e-05,0,0,2,0.0,100.0,100.0,inf,97.79631052084497,0,0,0,0,0,0,0,COLLECTING
2026-07-20T05:10:21+00:00,PORTFOLIO,SHADOW_1H_FAST,ATR15_R100,ATR_TRAIL,2,1,1,-52.68626473261335,-51.864839588409666,0.821425144203694,0.821425144203694,1.642850288407388,1,0,1,50.0,0.0,0.0,0.0,-51.864839588409666,1,0,0,0,0,0,0,COLLECTING
2026-07-20T05:10:21+00:00,PORTFOLIO,SHADOW_1H_FAST,ATR20_R100,ATR_TRAIL,2,1,1,-52.68626473261335,-51.864839588409666,0.821425144203694,0.821425144203694,1.642850288407388,1,0,1,50.0,0.0,0.0,0.0,-51.864839588409666,1,0,0,0,0,0,0,COLLECTING
2026-07-20T05:10:21+00:00,PORTFOLIO,SHADOW_1H_FAST,ATR30_R100,ATR_TRAIL,2,1,1,-52.68626473261335,-51.864839588409666,0.821425144203694,0.821425144203694,1.642850288407388,1,0,1,50.0,0.0,0.0,0.0,-51.864839588409666,1,0,0,0,0,0,0,COLLECTING
2026-07-20T05:10:21+00:00,PORTFOLIO,SHADOW_1H_FAST,BE_R050,BREAKEVEN,3,2,1,-11.459829079972847,-18.363079617364118,-6.903250537391268,0.0,-20.709751612173804,1,1,1,33.33333333333333,0.0,33.33333333333333,0.0,-18.363079617364118,1,1,0,0,0,0,0,COLLECTING
2026-07-20T05:10:21+00:00,PORTFOLIO,SHADOW_1H_FAST,BE_R100,BREAKEVEN,2,1,1,-52.68626473261335,-51.864839588409666,0.821425144203694,0.821425144203694,1.642850288407388,1,0,1,50.0,0.0,0.0,0.0,-51.864839588409666,1,0,0,0,0,0,0,COLLECTING
2026-07-20T05:10:21+00:00,PORTFOLIO,SHADOW_1H_FAST,GB20_R050,MFE_GIVEBACK,3,2,1,-11.459829079972847,-3.3527539118322145,8.107075168140634,0.0,24.321225504421903,1,1,1,33.33333333333333,66.66666666666666,33.33333333333333,0.8135936116953681,-3.3527539118322145,1,1,0,0,0,0,0,COLLECTING
2026-07-20T05:10:21+00:00,PORTFOLIO,SHADOW_1H_FAST,GB20_R100,MFE_GIVEBACK,3,2,1,-11.459829079972847,-17.41121564495606,-5.9513865649832125,0.0,-17.854159694949637,1,1,1,33.33333333333333,33.33333333333333,33.33333333333333,0.49644453401007976,-17.41121564495606,1,1,0,0,0,0,0,COLLECTING
2026-07-20T05:10:21+00:00,PORTFOLIO,SHADOW_1H_FAST,GB30_R050,MFE_GIVEBACK,3,2,1,-11.459829079972847,-5.229044625023697,6.230784454949152,0.0,18.692353364847456,1,1,1,33.33333333333333,66.66666666666666,33.33333333333333,0.7092756138783399,-5.229044625023697,1,1,0,0,0,0,0,COLLECTING
2026-07-20T05:10:21+00:00,PORTFOLIO,SHADOW_1H_FAST,GB30_R100,MFE_GIVEBACK,3,2,1,-11.459829079972847,-19.58008770839263,-8.120258628419784,0.0,-24.36077588525935,1,1,1,33.33333333333333,33.33333333333333,33.33333333333333,0.4337178752375367,-19.58008770839263,1,1,0,0,0,0,0,COLLECTING
2026-07-20T05:10:21+00:00,PORTFOLIO,SHADOW_1H_FAST,GB40_R050,MFE_GIVEBACK,3,2,1,-11.459829079972847,-7.105335338215197,4.354493741757648,0.0,13.063481225272945,1,1,1,33.33333333333333,66.66666666666666,33.33333333333333,0.6049576160613106,-7.105335338215197,1,1,0,0,0,0,0,COLLECTING
2026-07-20T05:10:21+00:00,PORTFOLIO,SHADOW_1H_FAST,GB40_R100,MFE_GIVEBACK,3,2,1,-11.459829079972847,-21.74895977182922,-10.289130691856373,0.0,-30.86739207556912,1,1,1,33.33333333333333,33.33333333333333,33.33333333333333,0.37099121646499306,-21.74895977182922,1,1,0,0,0,0,0,COLLECTING
2026-07-20T05:10:21+00:00,PORTFOLIO,SHADOW_1H_FAST,GB50_R050,MFE_GIVEBACK,3,2,1,-11.459829079972847,-8.981626051406662,2.4782030285661847,0.0,7.434609085698554,1,1,1,33.33333333333333,66.66666666666666,33.33333333333333,0.5006396182442833,-8.981626051406662,1,1,0,0,0,0,0,COLLECTING
2026-07-20T05:10:21+00:00,PORTFOLIO,SHADOW_1H_FAST,GB50_R100,MFE_GIVEBACK,3,2,1,-11.459829079972847,-23.30287598139513,-11.843046901422282,0.0,-35.529140704266844,1,1,1,33.33333333333333,33.33333333333333,33.33333333333333,0.3260498972042709,-23.30287598139513,1,1,0,0,0,0,0,COLLECTING
2026-07-20T05:10:21+00:00,PORTFOLIO,SHADOW_1H_FAST,TIME_12H,TIME_EXIT,2,1,1,-52.68626473261335,-51.864839588409666,0.821425144203694,0.821425144203694,1.642850288407388,1,0,1,50.0,0.0,0.0,0.0,-51.864839588409666,1,0,0,0,0,0,0,COLLECTING
2026-07-20T05:10:21+00:00,PORTFOLIO,SHADOW_1H_FAST,TIME_24H,TIME_EXIT,2,1,1,-52.68626473261335,-51.864839588409666,0.821425144203694,0.821425144203694,1.642850288407388,1,0,1,50.0,0.0,0.0,0.0,-51.864839588409666,1,0,0,0,0,0,0,COLLECTING
2026-07-20T05:10:21+00:00,PORTFOLIO,SHADOW_1H_FAST,TIME_6H,TIME_EXIT,3,2,1,-11.459829079972847,-15.916815788667753,-4.456986708694906,0.0,-13.370960126084718,1,1,1,33.33333333333333,33.33333333333333,33.33333333333333,0.5396645613392185,-15.916815788667753,1,0,0,1,0,0,0,COLLECTING
2026-07-20T05:10:21+00:00,PORTFOLIO,SHADOW_1H_FAST,TP_R050,FIXED_R,3,2,1,-11.459829079972847,-2.2135300713956716,9.246299008577177,0.0,27.738897025731532,1,1,1,33.33333333333333,66.66666666666666,33.33333333333333,0.8769321707279512,-2.2135300713956716,1,1,0,0,0,0,0,COLLECTING
2026-07-20T05:10:21+00:00,PORTFOLIO,SHADOW_1H_FAST,TP_R100,FIXED_R,3,2,1,-11.459829079972847,-18.862205595596482,-7.402376515623634,0.0,-22.207129546870902,1,1,1,33.33333333333333,33.33333333333333,33.33333333333333,0.45447997876932633,-18.862205595596482,1,1,0,0,0,0,0,COLLECTING
2026-07-20T05:10:21+00:00,PORTFOLIO,SHADOW_1H_FAST,TP_R150,FIXED_R,3,2,1,-11.459829079972847,-10.912212317170365,0.5476167628024816,5.684341886080802e-14,1.6428502884074447,1,0,2,33.33333333333333,33.33333333333333,33.33333333333333,0.6844043362391231,-10.912212317170365,1,0,0,0,0,0,0,COLLECTING
2026-07-20T05:10:21+00:00,PORTFOLIO,SHADOW_1H_FAST,TP_R200,FIXED_R,3,2,1,-11.459829079972847,-2.9622190387442253,8.49761004122862,1.642850288407388,25.492830123685863,2,0,1,66.66666666666666,33.33333333333333,33.33333333333333,0.9143286937089207,-2.9622190387442253,1,0,1,0,0,0,0,COLLECTING
2026-07-20T05:10:21+00:00,PORTFOLIO,SHADOW_1H_FAST_V3,ATR15_R100,ATR_TRAIL,5,3,2,-48.08220751131614,-40.23582117503115,7.846386336284991,2.7014718865342857,39.23193168142495,3,0,2,60.0,20.0,0.0,0.042339048946332565,-40.23582117503115,3,0,0,0,0,0,0,COLLECTING
2026-07-20T05:10:21+00:00,PORTFOLIO,SHADOW_1H_FAST_V3,ATR20_R100,ATR_TRAIL,5,3,2,-48.08220751131614,-42.2131866445595,5.8690208667566415,2.7014718865342857,29.34510433378321,3,0,2,60.0,0.0,0.0,0.0,-42.2131866445595,3,0,0,0,0,0,0,COLLECTING
2026-07-20T05:10:21+00:00,PORTFOLIO,SHADOW_1H_FAST_V3,ATR30_R100,ATR_TRAIL,5,3,2,-48.08220751131614,-43.25974347104885,4.822464040267287,0.0,24.112320201336438,2,0,3,40.0,0.0,0.0,0.0,-43.25974347104885,2,0,0,0,0,0,0,COLLECTING
2026-07-20T05:10:21+00:00,PORTFOLIO,SHADOW_1H_FAST_V3,BE_R050,BREAKEVEN,6,3,3,-27.711189745187294,-27.80249251901493,-0.09130277382763552,0.0,-0.5478166429658131,2,1,3,33.33333333333333,0.0,16.666666666666664,0.0,-27.80249251901493,2,1,0,0,0,0,0,COLLECTING
2026-07-20T05:10:21+00:00,PORTFOLIO,SHADOW_1H_FAST_V3,BE_R100,BREAKEVEN,5,3,2,-48.08220751131614,-43.25974347104885,4.822464040267287,0.0,24.112320201336438,2,0,3,40.0,0.0,0.0,0.0,-43.25974347104885,2,0,0,0,0,0,0,COLLECTING
2026-07-20T05:10:21+00:00,PORTFOLIO,SHADOW_1H_FAST_V3,GB20_R050,MFE_GIVEBACK,7,4,3,-13.140551217798345,-1.3956809786034665,11.744870239194878,0.0,82.21409167436414,3,2,2,42.857142857142854,57.14285714285714,28.57142857142857,0.9387184813212885,-1.3956809786034665,3,2,0,0,0,0,0,COLLECTING
2026-07-20T05:10:21+00:00,PORTFOLIO,SHADOW_1H_FAST_V3,GB20_R100,MFE_GIVEBACK,7,4,3,-13.140551217798345,-7.255973633312924,5.88457758448542,0.0,41.19204309139794,3,2,2,42.857142857142854,42.857142857142854,28.57142857142857,0.7582187371700693,-7.255973633312924,3,2,0,0,0,0,0,COLLECTING
2026-07-20T05:10:21+00:00,PORTFOLIO,SHADOW_1H_FAST_V3,GB30_R050,MFE_GIVEBACK,7,4,3,-13.140551217798345,-4.210464826106174,8.93008639169217,0.0,62.51060474184519,3,2,2,42.857142857142854,57.14285714285714,28.57142857142857,0.8151270363050556,-4.210464826106174,3,2,0,0,0,0,0,COLLECTING
2026-07-20T05:10:21+00:00,PORTFOLIO,SHADOW_1H_FAST_V3,GB30_R100,MFE_GIVEBACK,7,4,3,-13.140551217798345,-10.232245471821118,2.9083057459772257,0.0,20.35814022184058,3,2,2,42.857142857142854,42.857142857142854,28.57142857142857,0.6590443465223574,-10.232245471821118,3,2,0,0,0,0,0,COLLECTING
2026-07-20T05:10:21+00:00,PORTFOLIO,SHADOW_1H_FAST_V3,GB40_R050,MFE_GIVEBACK,7,4,3,-13.140551217798345,-7.025248673608798,6.1153025441895466,0.0,42.807117809326826,3,2,2,42.857142857142854,57.14285714285714,28.57142857142857,0.6915355912888265,-7.025248673608798,3,2,0,0,0,0,0,COLLECTING
2026-07-20T05:10:21+00:00,PORTFOLIO,SHADOW_1H_FAST_V3,GB40_R100,MFE_GIVEBACK,7,4,3,-13.140551217798345,-12.870766086055186,0.2697851317431577,0.0,1.8884959222021038,3,2,2,42.857142857142854,42.857142857142854,28.57142857142857,0.5711243955479705,-12.870766086055186,3,1,0,1,0,0,0,COLLECTING
2026-07-20T05:10:21+00:00,PORTFOLIO,SHADOW_1H_FAST_V3,GB50_R050,MFE_GIVEBACK,7,4,3,-13.140551217798345,-9.840032521111505,3.300518696686841,0.0,23.103630876807888,3,2,2,42.857142857142854,57.14285714285714,28.57142857142857,0.5679441462725936,-9.840032521111505,3,2,0,0,0,0,0,COLLECTING
2026-07-20T05:10:21+00:00,PORTFOLIO,SHADOW_1H_FAST_V3,GB50_R100,MFE_GIVEBACK,7,4,3,-13.140551217798345,-15.903329795275699,-2.762778577477356,0.0,-19.339450042341493,3,2,2,42.857142857142854,42.857142857142854,28.57142857142857,0.4700742649547059,-15.903329795275699,3,1,0,1,0,0,0,COLLECTING
2026-07-20T05:10:21+00:00,PORTFOLIO,SHADOW_1H_FAST_V3,TIME_12H,TIME_EXIT,5,3,2,-48.08220751131614,-43.994032870882045,4.088174640434093,0.0,20.440873202170465,2,1,2,40.0,0.0,0.0,0.0,-43.994032870882045,2,1,0,0,0,0,0,COLLECTING
2026-07-20T05:10:21+00:00,PORTFOLIO,SHADOW_1H_FAST_V3,TIME_24H,TIME_EXIT,5,3,2,-48.08220751131614,-41.396630698558916,6.685576812757224,2.7014718865342857,33.427884063786124,3,0,2,60.0,20.0,0.0,0.01471038573456717,-41.396630698558916,2,0,1,0,0,0,0,COLLECTING
2026-07-20T05:10:21+00:00,PORTFOLIO,SHADOW_1H_FAST_V3,TIME_6H,TIME_EXIT,7,4,3,-13.140551217798345,-16.79218911371347,-3.651637895915126,0.0,-25.561465271405883,3,3,1,42.857142857142854,28.57142857142857,28.57142857142857,0.3799880357482871,-16.79218911371347,3,2,0,1,0,0,0,COLLECTING
2026-07-20T05:10:21+00:00,PORTFOLIO,SHADOW_1H_FAST_V3,TP_R050,FIXED_R,7,4,3,-13.140551217798345,-9.659673488307819,3.4808777294905235,0.0,24.366144106433666,3,2,2,42.857142857142854,57.14285714285714,28.57142857142857,0.5758633452923386,-9.659673488307819,3,2,0,0,0,0,0,COLLECTING
2026-07-20T05:10:21+00:00,PORTFOLIO,SHADOW_1H_FAST_V3,TP_R100,FIXED_R,7,4,3,-13.140551217798345,-9.709788383497335,3.4307628343010097,0.0,24.015339840107067,3,2,2,42.857142857142854,42.857142857142854,28.57142857142857,0.6764534966892523,-9.709788383497335,3,2,0,0,0,0,0,COLLECTING
2026-07-20T05:10:21+00:00,PORTFOLIO,SHADOW_1H_FAST_V3,TP_R150,FIXED_R,6,4,2,-14.293092603550775,-10.274372569994703,4.018720033556073,0.0,24.112320201336438,2,0,4,33.33333333333333,33.33333333333333,33.33333333333333,0.7065490862763816,-10.274372569994703,2,0,0,0,0,0,0,COLLECTING
2026-07-20T05:10:21+00:00,PORTFOLIO,SHADOW_1H_FAST_V3,TP_R200,FIXED_R,5,3,2,-32.008367113568006,-22.204202211729044,9.804164901838961,2.7014718865342857,49.0208245091948,3,0,2,60.0,20.0,20.0,0.47151327383202296,-22.204202211729044,2,0,1,0,0,0,0,COLLECTING
2026-07-20T05:10:21+00:00,PORTFOLIO,SHADOW_4H_WIDE,ATR15_R100,ATR_TRAIL,1,0,1,-17.49549062565414,-0.5937476181352852,16.901743007518853,16.901743007518853,16.901743007518853,1,0,0,100.0,0.0,0.0,0.0,-0.5937476181352852,1,0,0,0,0,0,0,WAITING_FULL_SAMPLE
2026-07-20T05:10:21+00:00,PORTFOLIO,SHADOW_4H_WIDE,ATR20_R100,ATR_TRAIL,1,0,1,-17.49549062565414,-0.5937476181352852,16.901743007518853,16.901743007518853,16.901743007518853,1,0,0,100.0,0.0,0.0,0.0,-0.5937476181352852,1,0,0,0,0,0,0,WAITING_FULL_SAMPLE
2026-07-20T05:10:21+00:00,PORTFOLIO,SHADOW_4H_WIDE,ATR30_R100,ATR_TRAIL,1,0,1,-17.49549062565414,-0.5937476181352852,16.901743007518853,16.901743007518853,16.901743007518853,1,0,0,100.0,0.0,0.0,0.0,-0.5937476181352852,1,0,0,0,0,0,0,WAITING_FULL_SAMPLE
2026-07-20T05:10:21+00:00,PORTFOLIO,SHADOW_4H_WIDE,BE_R050,BREAKEVEN,1,0,1,-17.49549062565414,-0.5937476181352852,16.901743007518853,16.901743007518853,16.901743007518853,1,0,0,100.0,0.0,0.0,0.0,-0.5937476181352852,1,0,0,0,0,0,0,WAITING_FULL_SAMPLE
2026-07-20T05:10:21+00:00,PORTFOLIO,SHADOW_4H_WIDE,BE_R100,BREAKEVEN,1,0,1,-17.49549062565414,-0.5937476181352852,16.901743007518853,16.901743007518853,16.901743007518853,1,0,0,100.0,0.0,0.0,0.0,-0.5937476181352852,1,0,0,0,0,0,0,WAITING_FULL_SAMPLE
2026-07-20T05:10:21+00:00,PORTFOLIO,SHADOW_4H_WIDE,GB20_R050,MFE_GIVEBACK,1,0,1,-17.49549062565414,23.746540303639286,41.24203092929342,41.24203092929342,41.24203092929342,1,0,0,100.0,100.0,0.0,inf,23.746540303639286,1,0,0,0,0,0,0,WAITING_FULL_SAMPLE
2026-07-20T05:10:21+00:00,PORTFOLIO,SHADOW_4H_WIDE,GB20_R100,MFE_GIVEBACK,1,0,1,-17.49549062565414,111.95804926675022,129.45353989240436,129.45353989240436,129.45353989240436,1,0,0,100.0,100.0,0.0,inf,111.95804926675022,1,0,0,0,0,0,0,WAITING_FULL_SAMPLE
2026-07-20T05:10:21+00:00,PORTFOLIO,SHADOW_4H_WIDE,GB30_R050,MFE_GIVEBACK,1,0,1,-17.49549062565414,20.704004313417467,38.199494939071606,38.199494939071606,38.199494939071606,1,0,0,100.0,100.0,0.0,inf,20.704004313417467,1,0,0,0,0,0,0,WAITING_FULL_SAMPLE
2026-07-20T05:10:21+00:00,PORTFOLIO,SHADOW_4H_WIDE,GB30_R100,MFE_GIVEBACK,1,0,1,-17.49549062565414,97.88907465613956,115.3845652817937,115.3845652817937,115.3845652817937,1,0,0,100.0,100.0,0.0,inf,97.88907465613956,1,0,0,0,0,0,0,WAITING_FULL_SAMPLE
2026-07-20T05:10:21+00:00,PORTFOLIO,SHADOW_4H_WIDE,GB40_R050,MFE_GIVEBACK,1,0,1,-17.49549062565414,17.661468323195653,35.15695894884979,35.15695894884979,35.15695894884979,1,0,0,100.0,100.0,0.0,inf,17.661468323195653,1,0,0,0,0,0,0,WAITING_FULL_SAMPLE
2026-07-20T05:10:21+00:00,PORTFOLIO,SHADOW_4H_WIDE,GB40_R100,MFE_GIVEBACK,1,0,1,-17.49549062565414,83.82010004552887,101.31559067118302,101.31559067118302,101.31559067118302,1,0,0,100.0,100.0,0.0,inf,83.82010004552887,1,0,0,0,0,0,0,WAITING_FULL_SAMPLE
2026-07-20T05:10:21+00:00,PORTFOLIO,SHADOW_4H_WIDE,GB50_R050,MFE_GIVEBACK,1,0,1,-17.49549062565414,14.618932332973838,32.114422958627976,32.114422958627976,32.114422958627976,1,0,0,100.0,100.0,0.0,inf,14.618932332973838,1,0,0,0,0,0,0,WAITING_FULL_SAMPLE
2026-07-20T05:10:21+00:00,PORTFOLIO,SHADOW_4H_WIDE,GB50_R100,MFE_GIVEBACK,1,0,1,-17.49549062565414,69.75112543491811,87.24661606057225,87.24661606057225,87.24661606057225,1,0,0,100.0,100.0,0.0,inf,69.75112543491811,1,0,0,0,0,0,0,WAITING_FULL_SAMPLE
2026-07-20T05:10:21+00:00,PORTFOLIO,SHADOW_4H_WIDE,TIME_12H,TIME_EXIT,1,0,1,-17.49549062565414,75.73348781076469,93.22897843641883,93.22897843641883,93.22897843641883,1,0,0,100.0,100.0,0.0,inf,75.73348781076469,1,0,0,0,0,0,0,WAITING_FULL_SAMPLE
2026-07-20T05:10:21+00:00,PORTFOLIO,SHADOW_4H_WIDE,TIME_24H,TIME_EXIT,1,0,1,-17.49549062565414,-51.45005169766966,-33.95456107201552,-33.95456107201552,-33.95456107201552,0,1,0,0.0,0.0,0.0,0.0,-51.45005169766966,0,0,0,1,0,0,0,WAITING_FULL_SAMPLE
2026-07-20T05:10:21+00:00,PORTFOLIO,SHADOW_4H_WIDE,TIME_6H,TIME_EXIT,1,0,1,-17.49549062565414,0.32713774310432625,17.822628368758465,17.822628368758465,17.822628368758465,1,0,0,100.0,100.0,0.0,inf,0.32713774310432625,1,0,0,0,0,0,0,WAITING_FULL_SAMPLE
2026-07-20T05:10:21+00:00,PORTFOLIO,SHADOW_4H_WIDE,TP_R050,FIXED_R,1,0,1,-17.49549062565414,24.834404421631877,42.329895047286016,42.329895047286016,42.329895047286016,1,0,0,100.0,100.0,0.0,inf,24.834404421631877,1,0,0,0,0,0,0,WAITING_FULL_SAMPLE
2026-07-20T05:10:21+00:00,PORTFOLIO,SHADOW_4H_WIDE,TP_R100,FIXED_R,1,0,1,-17.49549062565414,50.262556461399186,67.75804708705333,67.75804708705333,67.75804708705333,1,0,0,100.0,100.0,0.0,inf,50.262556461399186,1,0,0,0,0,0,0,WAITING_FULL_SAMPLE
2026-07-20T05:10:21+00:00,PORTFOLIO,SHADOW_4H_WIDE,TP_R150,FIXED_R,1,0,1,-17.49549062565414,75.69070850116638,93.18619912682053,93.18619912682053,93.18619912682053,1,0,0,100.0,100.0,0.0,inf,75.69070850116638,1,0,0,0,0,0,0,WAITING_FULL_SAMPLE
2026-07-20T05:10:21+00:00,PORTFOLIO,SHADOW_4H_WIDE,TP_R200,FIXED_R,1,0,1,-17.49549062565414,101.11886054093351,118.61435116658765,118.61435116658765,118.61435116658765,1,0,0,100.0,100.0,0.0,inf,101.11886054093351,1,0,0,0,0,0,0,WAITING_FULL_SAMPLE
2026-07-20T05:10:21+00:00,PORTFOLIO,SHADOW_BOLLINGER_MR_1H,ATR15_R100,ATR_TRAIL,1,0,1,-4.530149101744037,-55.87608159466192,-51.34593249291788,-51.34593249291788,-51.34593249291788,0,1,0,0.0,0.0,0.0,0.0,-55.87608159466192,0,0,0,1,0,0,0,WAITING_FULL_SAMPLE
2026-07-20T05:10:21+00:00,PORTFOLIO,SHADOW_BOLLINGER_MR_1H,ATR20_R100,ATR_TRAIL,1,0,1,-4.530149101744037,-55.87608159466192,-51.34593249291788,-51.34593249291788,-51.34593249291788,0,1,0,0.0,0.0,0.0,0.0,-55.87608159466192,0,0,0,1,0,0,0,WAITING_FULL_SAMPLE
2026-07-20T05:10:21+00:00,PORTFOLIO,SHADOW_BOLLINGER_MR_1H,ATR30_R100,ATR_TRAIL,1,0,1,-4.530149101744037,-55.87608159466192,-51.34593249291788,-51.34593249291788,-51.34593249291788,0,1,0,0.0,0.0,0.0,0.0,-55.87608159466192,0,0,0,1,0,0,0,WAITING_FULL_SAMPLE
2026-07-20T05:10:21+00:00,PORTFOLIO,SHADOW_BOLLINGER_MR_1H,BE_R050,BREAKEVEN,1,0,1,-4.530149101744037,-5.529481706646552,-0.9993326049025146,-0.9993326049025146,-0.9993326049025146,0,1,0,0.0,0.0,0.0,0.0,-5.529481706646552,0,1,0,0,0,0,0,WAITING_FULL_SAMPLE
2026-07-20T05:10:21+00:00,PORTFOLIO,SHADOW_BOLLINGER_MR_1H,BE_R100,BREAKEVEN,1,0,1,-4.530149101744037,-55.87608159466192,-51.34593249291788,-51.34593249291788,-51.34593249291788,0,1,0,0.0,0.0,0.0,0.0,-55.87608159466192,0,0,0,1,0,0,0,WAITING_FULL_SAMPLE
2026-07-20T05:10:21+00:00,PORTFOLIO,SHADOW_BOLLINGER_MR_1H,GB20_R050,MFE_GIVEBACK,1,0,1,-4.530149101744037,33.09881611498022,37.628965216724254,37.628965216724254,37.628965216724254,1,0,0,100.0,100.0,0.0,inf,33.09881611498022,1,0,0,0,0,0,0,WAITING_FULL_SAMPLE
2026-07-20T05:10:21+00:00,PORTFOLIO,SHADOW_BOLLINGER_MR_1H,GB20_R100,MFE_GIVEBACK,1,0,1,-4.530149101744037,-55.87608159466192,-51.34593249291788,-51.34593249291788,-51.34593249291788,0,1,0,0.0,0.0,0.0,0.0,-55.87608159466192,0,0,0,1,0,0,0,WAITING_FULL_SAMPLE
2026-07-20T05:10:21+00:00,PORTFOLIO,SHADOW_BOLLINGER_MR_1H,GB30_R050,MFE_GIVEBACK,1,0,1,-4.530149101744037,28.27027888727702,32.80042798902106,32.80042798902106,32.80042798902106,1,0,0,100.0,100.0,0.0,inf,28.27027888727702,1,0,0,0,0,0,0,WAITING_FULL_SAMPLE
2026-07-20T05:10:21+00:00,PORTFOLIO,SHADOW_BOLLINGER_MR_1H,GB30_R100,MFE_GIVEBACK,1,0,1,-4.530149101744037,-55.87608159466192,-51.34593249291788,-51.34593249291788,-51.34593249291788,0,1,0,0.0,0.0,0.0,0.0,-55.87608159466192,0,0,0,1,0,0,0,WAITING_FULL_SAMPLE
2026-07-20T05:10:21+00:00,PORTFOLIO,SHADOW_BOLLINGER_MR_1H,GB40_R050,MFE_GIVEBACK,1,0,1,-4.530149101744037,23.44174165957382,27.97189076131786,27.97189076131786,27.97189076131786,1,0,0,100.0,100.0,0.0,inf,23.44174165957382,1,0,0,0,0,0,0,WAITING_FULL_SAMPLE
2026-07-20T05:10:21+00:00,PORTFOLIO,SHADOW_BOLLINGER_MR_1H,GB40_R100,MFE_GIVEBACK,1,0,1,-4.530149101744037,-55.87608159466192,-51.34593249291788,-51.34593249291788,-51.34593249291788,0,1,0,0.0,0.0,0.0,0.0,-55.87608159466192,0,0,0,1,0,0,0,WAITING_FULL_SAMPLE
2026-07-20T05:10:21+00:00,PORTFOLIO,SHADOW_BOLLINGER_MR_1H,GB50_R050,MFE_GIVEBACK,1,0,1,-4.530149101744037,18.613204431870034,23.14335353361407,23.14335353361407,23.14335353361407,1,0,0,100.0,100.0,0.0,inf,18.613204431870034,1,0,0,0,0,0,0,WAITING_FULL_SAMPLE
2026-07-20T05:10:21+00:00,PORTFOLIO,SHADOW_BOLLINGER_MR_1H,GB50_R100,MFE_GIVEBACK,1,0,1,-4.530149101744037,-55.87608159466192,-51.34593249291788,-51.34593249291788,-51.34593249291788,0,1,0,0.0,0.0,0.0,0.0,-55.87608159466192,0,0,0,1,0,0,0,WAITING_FULL_SAMPLE
2026-07-20T05:10:21+00:00,PORTFOLIO,SHADOW_BOLLINGER_MR_1H,TIME_12H,TIME_EXIT,1,0,1,-4.530149101744037,5.458045838252691,9.988194939996728,9.988194939996728,9.988194939996728,1,0,0,100.0,100.0,0.0,inf,5.458045838252691,0,0,1,0,0,0,0,WAITING_FULL_SAMPLE
2026-07-20T05:10:21+00:00,PORTFOLIO,SHADOW_BOLLINGER_MR_1H,TIME_24H,TIME_EXIT,1,0,1,-4.530149101744037,-55.87608159466192,-51.34593249291788,-51.34593249291788,-51.34593249291788,0,1,0,0.0,0.0,0.0,0.0,-55.87608159466192,0,0,0,1,0,0,0,WAITING_FULL_SAMPLE
2026-07-20T05:10:21+00:00,PORTFOLIO,SHADOW_BOLLINGER_MR_1H,TIME_6H,TIME_EXIT,1,0,1,-4.530149101744037,4.901361588518891,9.431510690262929,9.431510690262929,9.431510690262929,1,0,0,100.0,100.0,0.0,inf,4.901361588518891,1,0,0,0,0,0,0,WAITING_FULL_SAMPLE
2026-07-20T05:10:21+00:00,PORTFOLIO,SHADOW_BOLLINGER_MR_1H,TP_R050,FIXED_R,1,0,1,-4.530149101744037,19.643818237361717,24.173967339105754,24.173967339105754,24.173967339105754,1,0,0,100.0,100.0,0.0,inf,19.643818237361717,1,0,0,0,0,0,0,WAITING_FULL_SAMPLE
2026-07-20T05:10:21+00:00,PORTFOLIO,SHADOW_BOLLINGER_MR_1H,TP_R100,FIXED_R,1,0,1,-4.530149101744037,-55.87608159466192,-51.34593249291788,-51.34593249291788,-51.34593249291788,0,1,0,0.0,0.0,0.0,0.0,-55.87608159466192,0,0,0,1,0,0,0,WAITING_FULL_SAMPLE
2026-07-20T05:10:21+00:00,PORTFOLIO,SHADOW_BOLLINGER_MR_1H,TP_R150,FIXED_R,1,0,1,-4.530149101744037,-55.87608159466192,-51.34593249291788,-51.34593249291788,-51.34593249291788,0,1,0,0.0,0.0,0.0,0.0,-55.87608159466192,0,0,0,1,0,0,0,WAITING_FULL_SAMPLE
2026-07-20T05:10:21+00:00,PORTFOLIO,SHADOW_BOLLINGER_MR_1H,TP_R200,FIXED_R,1,0,1,-4.530149101744037,-55.87608159466192,-51.34593249291788,-51.34593249291788,-51.34593249291788,0,1,0,0.0,0.0,0.0,0.0,-55.87608159466192,0,0,0,1,0,0,0,WAITING_FULL_SAMPLE
2026-07-20T05:10:21+00:00,PORTFOLIO,SHADOW_COMBO_ADAPTIVE_MFE_TRAIL,ATR15_R100,ATR_TRAIL,1,0,1,40.347429819782626,5.595335425346181,-34.75209439443645,-34.75209439443645,-34.75209439443645,0,1,0,0.0,100.0,100.0,inf,5.595335425346181,0,1,0,0,0,0,0,WAITING_FULL_SAMPLE
2026-07-20T05:10:21+00:00,PORTFOLIO,SHADOW_COMBO_ADAPTIVE_MFE_TRAIL,BE_R050,BREAKEVEN,2,1,1,-0.5695201669838612,-3.969629869467992,-3.4001097024841314,-3.4001097024841314,-6.800219404968263,0,2,0,0.0,0.0,0.0,0.0,-3.969629869467992,0,2,0,0,0,0,0,COLLECTING
2026-07-20T05:10:21+00:00,PORTFOLIO,SHADOW_COMBO_ADAPTIVE_MFE_TRAIL,GB20_R050,MFE_GIVEBACK,3,1,2,13.069463161938302,22.05919524075307,8.989732078814766,19.855631919151016,26.9691962364443,2,1,0,66.66666666666666,100.0,33.33333333333333,inf,22.05919524075307,2,1,0,0,0,0,0,COLLECTING
2026-07-20T05:10:21+00:00,PORTFOLIO,SHADOW_COMBO_ADAPTIVE_MFE_TRAIL,GB20_R100,MFE_GIVEBACK,1,0,1,40.347429819782626,63.06727797157575,22.719848151793123,22.719848151793123,22.719848151793123,1,0,0,100.0,100.0,100.0,inf,63.06727797157575,1,0,0,0,0,0,0,WAITING_FULL_SAMPLE
2026-07-20T05:10:21+00:00,PORTFOLIO,SHADOW_COMBO_ADAPTIVE_MFE_TRAIL,GB30_R050,MFE_GIVEBACK,3,1,2,13.069463161938302,18.803946975496743,5.734483813558442,17.036364545690066,17.203451440675327,2,1,0,66.66666666666666,100.0,33.33333333333333,inf,18.803946975496743,2,1,0,0,0,0,0,COLLECTING
2026-07-20T05:10:21+00:00,PORTFOLIO,SHADOW_COMBO_ADAPTIVE_MFE_TRAIL,GB30_R100,MFE_GIVEBACK,1,0,1,40.347429819782626,54.68272911200997,14.335299292227347,14.335299292227347,14.335299292227347,1,0,0,100.0,100.0,100.0,inf,54.68272911200997,1,0,0,0,0,0,0,WAITING_FULL_SAMPLE
2026-07-20T05:10:21+00:00,PORTFOLIO,SHADOW_COMBO_ADAPTIVE_MFE_TRAIL,GB40_R050,MFE_GIVEBACK,3,1,2,13.069463161938302,15.548698710240807,2.479235548302506,14.21709717222944,7.437706644907518,2,1,0,66.66666666666666,100.0,33.33333333333333,inf,15.548698710240807,2,1,0,0,0,0,0,COLLECTING
2026-07-20T05:10:21+00:00,PORTFOLIO,SHADOW_COMBO_ADAPTIVE_MFE_TRAIL,GB40_R100,MFE_GIVEBACK,1,0,1,40.347429819782626,46.29818025244335,5.950750432660726,5.950750432660726,5.950750432660726,1,0,0,100.0,100.0,100.0,inf,46.29818025244335,1,0,0,0,0,0,0,WAITING_FULL_SAMPLE
2026-07-20T05:10:21+00:00,PORTFOLIO,SHADOW_COMBO_ADAPTIVE_MFE_TRAIL,GB50_R050,MFE_GIVEBACK,3,1,2,13.069463161938302,15.349142684996579,2.2796795230582787,11.397829798768157,6.839038569174836,2,1,0,66.66666666666666,100.0,33.33333333333333,inf,15.349142684996579,2,1,0,0,0,0,0,COLLECTING
2026-07-20T05:10:21+00:00,PORTFOLIO,SHADOW_COMBO_ADAPTIVE_MFE_TRAIL,GB50_R100,MFE_GIVEBACK,1,0,1,40.347429819782626,37.91363139287714,-2.433798426905483,-2.433798426905483,-2.433798426905483,0,1,0,0.0,100.0,100.0,inf,37.91363139287714,0,1,0,0,0,0,0,WAITING_FULL_SAMPLE
2026-07-20T05:10:21+00:00,PORTFOLIO,SHADOW_COMBO_ADAPTIVE_MFE_TRAIL,TIME_12H,TIME_EXIT,2,0,2,19.830195420938132,11.582214938015035,-8.247980482923097,-8.247980482923097,-16.495960965846194,0,2,0,0.0,50.0,50.0,4.0427566746703425,11.582214938015035,0,1,0,1,0,0,0,WAITING_FULL_SAMPLE
2026-07-20T05:10:21+00:00,PORTFOLIO,SHADOW_COMBO_ADAPTIVE_MFE_TRAIL,TIME_24H,TIME_EXIT,1,0,1,-0.6870389779063636,2.377151997222401,3.064190975128765,3.064190975128765,3.064190975128765,1,0,0,100.0,100.0,0.0,inf,2.377151997222401,0,0,1,0,0,0,0,WAITING_FULL_SAMPLE
2026-07-20T05:10:21+00:00,PORTFOLIO,SHADOW_COMBO_ADAPTIVE_MFE_TRAIL,TIME_6H,TIME_EXIT,2,0,2,19.830195420938132,-6.651201395244278,-26.481396816182407,-26.481396816182407,-52.962793632364814,0,2,0,0.0,0.0,50.0,0.0,-6.651201395244278,0,2,0,0,0,0,0,WAITING_FULL_SAMPLE
2026-07-20T05:10:21+00:00,PORTFOLIO,SHADOW_COMBO_ADAPTIVE_MFE_TRAIL,TP_R050,FIXED_R,3,1,2,13.069463161938302,20.476855098484418,7.407391936546117,20.508561682161147,22.22217580963835,2,1,0,66.66666666666666,100.0,33.33333333333333,inf,20.476855098484418,2,1,0,0,0,0,0,COLLECTING
2026-07-20T05:10:21+00:00,PORTFOLIO,SHADOW_COMBO_ADAPTIVE_MFE_TRAIL,TP_R100,FIXED_R,1,0,1,40.347429819782626,44.68467480706814,4.337244987285516,4.337244987285516,4.337244987285516,1,0,0,100.0,100.0,100.0,inf,44.68467480706814,1,0,0,0,0,0,0,WAITING_FULL_SAMPLE
2026-07-20T05:10:21+00:00,PORTFOLIO,SHADOW_COMBO_ADAPTIVE_MFE_TRAIL,TP_R150,FIXED_R,1,0,1,40.347429819782626,69.03156866307957,28.684138843296942,28.684138843296942,28.684138843296942,1,0,0,100.0,100.0,100.0,inf,69.03156866307957,1,0,0,0,0,0,0,WAITING_FULL_SAMPLE
2026-07-20T05:10:21+00:00,PORTFOLIO,SHADOW_COMBO_ADAPTIVE_MFE_TRAIL,TP_R200,FIXED_R,1,0,1,40.347429819782626,93.37846251909102,53.03103269930839,53.03103269930839,53.03103269930839,1,0,0,100.0,100.0,100.0,inf,93.37846251909102,0,0,1,0,0,0,0,WAITING_FULL_SAMPLE
2026-07-20T05:10:21+00:00,PORTFOLIO,SHADOW_COMBO_MEAN_REVERSION,ATR15_R100,ATR_TRAIL,1,1,0,-54.64153476024996,-54.64153476024996,0.0,0.0,0.0,0,0,1,0.0,0.0,0.0,0.0,-54.64153476024996,0,0,0,0,0,0,0,COLLECTING
2026-07-20T05:10:21+00:00,PORTFOLIO,SHADOW_COMBO_MEAN_REVERSION,ATR20_R100,ATR_TRAIL,1,1,0,-54.64153476024996,-54.64153476024996,0.0,0.0,0.0,0,0,1,0.0,0.0,0.0,0.0,-54.64153476024996,0,0,0,0,0,0,0,COLLECTING
2026-07-20T05:10:21+00:00,PORTFOLIO,SHADOW_COMBO_MEAN_REVERSION,ATR30_R100,ATR_TRAIL,1,1,0,-54.64153476024996,-54.64153476024996,0.0,0.0,0.0,0,0,1,0.0,0.0,0.0,0.0,-54.64153476024996,0,0,0,0,0,0,0,COLLECTING
2026-07-20T05:10:21+00:00,PORTFOLIO,SHADOW_COMBO_MEAN_REVERSION,BE_R050,BREAKEVEN,1,1,0,-54.64153476024996,-54.64153476024996,0.0,0.0,0.0,0,0,1,0.0,0.0,0.0,0.0,-54.64153476024996,0,0,0,0,0,0,0,COLLECTING
2026-07-20T05:10:21+00:00,PORTFOLIO,SHADOW_COMBO_MEAN_REVERSION,BE_R100,BREAKEVEN,1,1,0,-54.64153476024996,-54.64153476024996,0.0,0.0,0.0,0,0,1,0.0,0.0,0.0,0.0,-54.64153476024996,0,0,0,0,0,0,0,COLLECTING
2026-07-20T05:10:21+00:00,PORTFOLIO,SHADOW_COMBO_MEAN_REVERSION,GB20_R050,MFE_GIVEBACK,1,1,0,-54.64153476024996,-54.64153476024996,0.0,0.0,0.0,0,0,1,0.0,0.0,0.0,0.0,-54.64153476024996,0,0,0,0,0,0,0,COLLECTING
2026-07-20T05:10:21+00:00,PORTFOLIO,SHADOW_COMBO_MEAN_REVERSION,GB20_R100,MFE_GIVEBACK,1,1,0,-54.64153476024996,-54.64153476024996,0.0,0.0,0.0,0,0,1,0.0,0.0,0.0,0.0,-54.64153476024996,0,0,0,0,0,0,0,COLLECTING
2026-07-20T05:10:21+00:00,PORTFOLIO,SHADOW_COMBO_MEAN_REVERSION,GB30_R050,MFE_GIVEBACK,1,1,0,-54.64153476024996,-54.64153476024996,0.0,0.0,0.0,0,0,1,0.0,0.0,0.0,0.0,-54.64153476024996,0,0,0,0,0,0,0,COLLECTING
2026-07-20T05:10:21+00:00,PORTFOLIO,SHADOW_COMBO_MEAN_REVERSION,GB30_R100,MFE_GIVEBACK,1,1,0,-54.64153476024996,-54.64153476024996,0.0,0.0,0.0,0,0,1,0.0,0.0,0.0,0.0,-54.64153476024996,0,0,0,0,0,0,0,COLLECTING
2026-07-20T05:10:21+00:00,PORTFOLIO,SHADOW_COMBO_MEAN_REVERSION,GB40_R050,MFE_GIVEBACK,1,1,0,-54.64153476024996,-54.64153476024996,0.0,0.0,0.0,0,0,1,0.0,0.0,0.0,0.0,-54.64153476024996,0,0,0,0,0,0,0,COLLECTING
2026-07-20T05:10:21+00:00,PORTFOLIO,SHADOW_COMBO_MEAN_REVERSION,GB40_R100,MFE_GIVEBACK,1,1,0,-54.64153476024996,-54.64153476024996,0.0,0.0,0.0,0,0,1,0.0,0.0,0.0,0.0,-54.64153476024996,0,0,0,0,0,0,0,COLLECTING
2026-07-20T05:10:21+00:00,PORTFOLIO,SHADOW_COMBO_MEAN_REVERSION,GB50_R050,MFE_GIVEBACK,1,1,0,-54.64153476024996,-54.64153476024996,0.0,0.0,0.0,0,0,1,0.0,0.0,0.0,0.0,-54.64153476024996,0,0,0,0,0,0,0,COLLECTING
2026-07-20T05:10:21+00:00,PORTFOLIO,SHADOW_COMBO_MEAN_REVERSION,GB50_R100,MFE_GIVEBACK,1,1,0,-54.64153476024996,-54.64153476024996,0.0,0.0,0.0,0,0,1,0.0,0.0,0.0,0.0,-54.64153476024996,0,0,0,0,0,0,0,COLLECTING
2026-07-20T05:10:21+00:00,PORTFOLIO,SHADOW_COMBO_MEAN_REVERSION,TIME_12H,TIME_EXIT,1,1,0,-54.64153476024996,-54.64153476024996,0.0,0.0,0.0,0,0,1,0.0,0.0,0.0,0.0,-54.64153476024996,0,0,0,0,0,0,0,COLLECTING
2026-07-20T05:10:21+00:00,PORTFOLIO,SHADOW_COMBO_MEAN_REVERSION,TIME_24H,TIME_EXIT,1,1,0,-54.64153476024996,-54.64153476024996,0.0,0.0,0.0,0,0,1,0.0,0.0,0.0,0.0,-54.64153476024996,0,0,0,0,0,0,0,COLLECTING
2026-07-20T05:10:21+00:00,PORTFOLIO,SHADOW_COMBO_MEAN_REVERSION,TIME_6H,TIME_EXIT,1,1,0,-54.64153476024996,-54.64153476024996,0.0,0.0,0.0,0,0,1,0.0,0.0,0.0,0.0,-54.64153476024996,0,0,0,0,0,0,0,COLLECTING
2026-07-20T05:10:21+00:00,PORTFOLIO,SHADOW_COMBO_MEAN_REVERSION,TP_R050,FIXED_R,1,1,0,-54.64153476024996,-54.64153476024996,0.0,0.0,0.0,0,0,1,0.0,0.0,0.0,0.0,-54.64153476024996,0,0,0,0,0,0,0,COLLECTING
2026-07-20T05:10:21+00:00,PORTFOLIO,SHADOW_COMBO_MEAN_REVERSION,TP_R100,FIXED_R,1,1,0,-54.64153476024996,-54.64153476024996,0.0,0.0,0.0,0,0,1,0.0,0.0,0.0,0.0,-54.64153476024996,0,0,0,0,0,0,0,COLLECTING
2026-07-20T05:10:21+00:00,PORTFOLIO,SHADOW_COMBO_MEAN_REVERSION,TP_R150,FIXED_R,1,1,0,-54.64153476024996,-54.64153476024996,0.0,0.0,0.0,0,0,1,0.0,0.0,0.0,0.0,-54.64153476024996,0,0,0,0,0,0,0,COLLECTING
2026-07-20T05:10:21+00:00,PORTFOLIO,SHADOW_COMBO_MEAN_REVERSION,TP_R200,FIXED_R,1,1,0,-54.64153476024996,-54.64153476024996,0.0,0.0,0.0,0,0,1,0.0,0.0,0.0,0.0,-54.64153476024996,0,0,0,0,0,0,0,COLLECTING
2026-07-20T05:10:21+00:00,PORTFOLIO,SHADOW_COMBO_SCANNER,ATR15_R100,ATR_TRAIL,1,0,1,-53.34900985541753,-53.34900985541753,0.0,0.0,0.0,0,0,1,0.0,0.0,0.0,0.0,-53.34900985541753,0,0,0,0,0,0,0,WAITING_FULL_SAMPLE
2026-07-20T05:10:21+00:00,PORTFOLIO,SHADOW_COMBO_SCANNER,ATR20_R100,ATR_TRAIL,1,0,1,-53.34900985541753,-53.34900985541753,0.0,0.0,0.0,0,0,1,0.0,0.0,0.0,0.0,-53.34900985541753,0,0,0,0,0,0,0,WAITING_FULL_SAMPLE
2026-07-20T05:10:21+00:00,PORTFOLIO,SHADOW_COMBO_SCANNER,ATR30_R100,ATR_TRAIL,1,0,1,-53.34900985541753,-53.34900985541753,0.0,0.0,0.0,0,0,1,0.0,0.0,0.0,0.0,-53.34900985541753,0,0,0,0,0,0,0,WAITING_FULL_SAMPLE
2026-07-20T05:10:21+00:00,PORTFOLIO,SHADOW_COMBO_SCANNER,BE_R050,BREAKEVEN,1,0,1,-53.34900985541753,-53.34900985541753,0.0,0.0,0.0,0,0,1,0.0,0.0,0.0,0.0,-53.34900985541753,0,0,0,0,0,0,0,WAITING_FULL_SAMPLE
2026-07-20T05:10:21+00:00,PORTFOLIO,SHADOW_COMBO_SCANNER,BE_R100,BREAKEVEN,1,0,1,-53.34900985541753,-53.34900985541753,0.0,0.0,0.0,0,0,1,0.0,0.0,0.0,0.0,-53.34900985541753,0,0,0,0,0,0,0,WAITING_FULL_SAMPLE
2026-07-20T05:10:21+00:00,PORTFOLIO,SHADOW_COMBO_SCANNER,GB20_R050,MFE_GIVEBACK,1,0,1,-53.34900985541753,-53.34900985541753,0.0,0.0,0.0,0,0,1,0.0,0.0,0.0,0.0,-53.34900985541753,0,0,0,0,0,0,0,WAITING_FULL_SAMPLE
2026-07-20T05:10:21+00:00,PORTFOLIO,SHADOW_COMBO_SCANNER,GB20_R100,MFE_GIVEBACK,1,0,1,-53.34900985541753,-53.34900985541753,0.0,0.0,0.0,0,0,1,0.0,0.0,0.0,0.0,-53.34900985541753,0,0,0,0,0,0,0,WAITING_FULL_SAMPLE
2026-07-20T05:10:21+00:00,PORTFOLIO,SHADOW_COMBO_SCANNER,GB30_R050,MFE_GIVEBACK,1,0,1,-53.34900985541753,-53.34900985541753,0.0,0.0,0.0,0,0,1,0.0,0.0,0.0,0.0,-53.34900985541753,0,0,0,0,0,0,0,WAITING_FULL_SAMPLE
2026-07-20T05:10:21+00:00,PORTFOLIO,SHADOW_COMBO_SCANNER,GB30_R100,MFE_GIVEBACK,1,0,1,-53.34900985541753,-53.34900985541753,0.0,0.0,0.0,0,0,1,0.0,0.0,0.0,0.0,-53.34900985541753,0,0,0,0,0,0,0,WAITING_FULL_SAMPLE
2026-07-20T05:10:21+00:00,PORTFOLIO,SHADOW_COMBO_SCANNER,GB40_R050,MFE_GIVEBACK,1,0,1,-53.34900985541753,-53.34900985541753,0.0,0.0,0.0,0,0,1,0.0,0.0,0.0,0.0,-53.34900985541753,0,0,0,0,0,0,0,WAITING_FULL_SAMPLE
2026-07-20T05:10:21+00:00,PORTFOLIO,SHADOW_COMBO_SCANNER,GB40_R100,MFE_GIVEBACK,1,0,1,-53.34900985541753,-53.34900985541753,0.0,0.0,0.0,0,0,1,0.0,0.0,0.0,0.0,-53.34900985541753,0,0,0,0,0,0,0,WAITING_FULL_SAMPLE
2026-07-20T05:10:21+00:00,PORTFOLIO,SHADOW_COMBO_SCANNER,GB50_R050,MFE_GIVEBACK,1,0,1,-53.34900985541753,-53.34900985541753,0.0,0.0,0.0,0,0,1,0.0,0.0,0.0,0.0,-53.34900985541753,0,0,0,0,0,0,0,WAITING_FULL_SAMPLE
2026-07-20T05:10:21+00:00,PORTFOLIO,SHADOW_COMBO_SCANNER,GB50_R100,MFE_GIVEBACK,1,0,1,-53.34900985541753,-53.34900985541753,0.0,0.0,0.0,0,0,1,0.0,0.0,0.0,0.0,-53.34900985541753,0,0,0,0,0,0,0,WAITING_FULL_SAMPLE
2026-07-20T05:10:21+00:00,PORTFOLIO,SHADOW_COMBO_SCANNER,TIME_12H,TIME_EXIT,1,0,1,-53.34900985541753,-23.047975487946562,30.301034367470965,30.301034367470965,30.301034367470965,1,0,0,100.0,0.0,0.0,0.0,-23.047975487946562,1,0,0,0,0,0,0,WAITING_FULL_SAMPLE
2026-07-20T05:10:21+00:00,PORTFOLIO,SHADOW_COMBO_SCANNER,TIME_24H,TIME_EXIT,1,0,1,-53.34900985541753,-23.047975487946562,30.301034367470965,30.301034367470965,30.301034367470965,1,0,0,100.0,0.0,0.0,0.0,-23.047975487946562,1,0,0,0,0,0,0,WAITING_FULL_SAMPLE
2026-07-20T05:10:21+00:00,PORTFOLIO,SHADOW_COMBO_SCANNER,TIME_6H,TIME_EXIT,1,0,1,-53.34900985541753,-23.047975487946562,30.301034367470965,30.301034367470965,30.301034367470965,1,0,0,100.0,0.0,0.0,0.0,-23.047975487946562,1,0,0,0,0,0,0,WAITING_FULL_SAMPLE
2026-07-20T05:10:21+00:00,PORTFOLIO,SHADOW_COMBO_SCANNER,TP_R050,FIXED_R,1,0,1,-53.34900985541753,-53.34900985541753,0.0,0.0,0.0,0,0,1,0.0,0.0,0.0,0.0,-53.34900985541753,0,0,0,0,0,0,0,WAITING_FULL_SAMPLE
2026-07-20T05:10:21+00:00,PORTFOLIO,SHADOW_COMBO_SCANNER,TP_R100,FIXED_R,1,0,1,-53.34900985541753,-53.34900985541753,0.0,0.0,0.0,0,0,1,0.0,0.0,0.0,0.0,-53.34900985541753,0,0,0,0,0,0,0,WAITING_FULL_SAMPLE
2026-07-20T05:10:21+00:00,PORTFOLIO,SHADOW_COMBO_SCANNER,TP_R150,FIXED_R,1,0,1,-53.34900985541753,-53.34900985541753,0.0,0.0,0.0,0,0,1,0.0,0.0,0.0,0.0,-53.34900985541753,0,0,0,0,0,0,0,WAITING_FULL_SAMPLE
2026-07-20T05:10:21+00:00,PORTFOLIO,SHADOW_COMBO_SCANNER,TP_R200,FIXED_R,1,0,1,-53.34900985541753,-53.34900985541753,0.0,0.0,0.0,0,0,1,0.0,0.0,0.0,0.0,-53.34900985541753,0,0,0,0,0,0,0,WAITING_FULL_SAMPLE
2026-07-20T05:10:21+00:00,PORTFOLIO,SHADOW_COMBO_TREND,ATR15_R100,ATR_TRAIL,3,1,2,-53.60606038999948,-53.04385320491689,0.5622071850825895,0.0,1.6866215552477684,1,0,2,33.33333333333333,0.0,0.0,0.0,-53.04385320491689,1,0,0,0,0,0,0,COLLECTING
2026-07-20T05:10:21+00:00,PORTFOLIO,SHADOW_COMBO_TREND,ATR20_R100,ATR_TRAIL,3,1,2,-53.60606038999948,-53.04385320491689,0.5622071850825895,0.0,1.6866215552477684,1,0,2,33.33333333333333,0.0,0.0,0.0,-53.04385320491689,1,0,0,0,0,0,0,COLLECTING
2026-07-20T05:10:21+00:00,PORTFOLIO,SHADOW_COMBO_TREND,ATR30_R100,ATR_TRAIL,3,1,2,-53.60606038999948,-53.04385320491689,0.5622071850825895,0.0,1.6866215552477684,1,0,2,33.33333333333333,0.0,0.0,0.0,-53.04385320491689,1,0,0,0,0,0,0,COLLECTING
2026-07-20T05:10:21+00:00,PORTFOLIO,SHADOW_COMBO_TREND,BE_R050,BREAKEVEN,3,1,2,-53.60606038999948,-36.20781106292662,17.398249327072854,0.0,52.19474798121856,1,0,2,33.33333333333333,0.0,0.0,0.0,-36.20781106292662,1,0,0,0,0,0,0,COLLECTING
2026-07-20T05:10:21+00:00,PORTFOLIO,SHADOW_COMBO_TREND,BE_R100,BREAKEVEN,3,1,2,-53.60606038999948,-53.04385320491689,0.5622071850825895,0.0,1.6866215552477684,1,0,2,33.33333333333333,0.0,0.0,0.0,-53.04385320491689,1,0,0,0,0,0,0,COLLECTING
2026-07-20T05:10:21+00:00,PORTFOLIO,SHADOW_COMBO_TREND,GB20_R050,MFE_GIVEBACK,3,1,2,-53.60606038999948,-27.36346136584386,26.242599024155613,0.0,78.72779707246684,1,0,2,33.33333333333333,33.33333333333333,0.0,0.24014723143185066,-27.36346136584386,1,0,0,0,0,0,0,COLLECTING
2026-07-20T05:10:21+00:00,PORTFOLIO,SHADOW_COMBO_TREND,GB20_R100,MFE_GIVEBACK,3,1,2,-53.60606038999948,-53.04385320491689,0.5622071850825895,0.0,1.6866215552477684,1,0,2,33.33333333333333,0.0,0.0,0.0,-53.04385320491689,1,0,0,0,0,0,0,COLLECTING
2026-07-20T05:10:21+00:00,PORTFOLIO,SHADOW_COMBO_TREND,GB30_R050,MFE_GIVEBACK,3,1,2,-53.60606038999948,-28.46900507797919,25.137055312020284,0.0,75.41116593606085,1,0,2,33.33333333333333,33.33333333333333,0.0,0.2094475169765835,-28.46900507797919,1,0,0,0,0,0,0,COLLECTING
2026-07-20T05:10:21+00:00,PORTFOLIO,SHADOW_COMBO_TREND,GB30_R100,MFE_GIVEBACK,3,1,2,-53.60606038999948,-53.04385320491689,0.5622071850825895,0.0,1.6866215552477684,1,0,2,33.33333333333333,0.0,0.0,0.0,-53.04385320491689,1,0,0,0,0,0,0,COLLECTING
2026-07-20T05:10:21+00:00,PORTFOLIO,SHADOW_COMBO_TREND,GB40_R050,MFE_GIVEBACK,3,1,2,-53.60606038999948,-29.574548790114545,24.031511599884936,0.0,72.09453479965481,1,0,2,33.33333333333333,33.33333333333333,0.0,0.17874780252131578,-29.574548790114545,1,0,0,0,0,0,0,COLLECTING
2026-07-20T05:10:21+00:00,PORTFOLIO,SHADOW_COMBO_TREND,GB40_R100,MFE_GIVEBACK,3,1,2,-53.60606038999948,-53.04385320491689,0.5622071850825895,0.0,1.6866215552477684,1,0,2,33.33333333333333,0.0,0.0,0.0,-53.04385320491689,1,0,0,0,0,0,0,COLLECTING
2026-07-20T05:10:21+00:00,PORTFOLIO,SHADOW_COMBO_TREND,GB50_R050,MFE_GIVEBACK,3,1,2,-53.60606038999948,-30.680092502249877,22.925967887749596,0.0,68.7779036632488,1,0,2,33.33333333333333,33.33333333333333,0.0,0.1480480880660486,-30.680092502249877,1,0,0,0,0,0,0,COLLECTING
2026-07-20T05:10:21+00:00,PORTFOLIO,SHADOW_COMBO_TREND,GB50_R100,MFE_GIVEBACK,3,1,2,-53.60606038999948,-53.04385320491689,0.5622071850825895,0.0,1.6866215552477684,1,0,2,33.33333333333333,0.0,0.0,0.0,-53.04385320491689,1,0,0,0,0,0,0,COLLECTING
2026-07-20T05:10:21+00:00,PORTFOLIO,SHADOW_COMBO_TREND,TIME_12H,TIME_EXIT,3,1,2,-53.60606038999948,-36.92872507897927,16.677335311020205,18.661858321369238,50.03200593306062,3,0,0,100.0,0.0,0.0,0.0,-36.92872507897927,3,0,0,0,0,0,0,COLLECTING
2026-07-20T05:10:21+00:00,PORTFOLIO,SHADOW_COMBO_TREND,TIME_24H,TIME_EXIT,3,1,2,-53.60606038999948,-36.92872507897927,16.677335311020205,18.661858321369238,50.03200593306062,3,0,0,100.0,0.0,0.0,0.0,-36.92872507897927,3,0,0,0,0,0,0,COLLECTING
2026-07-20T05:10:21+00:00,PORTFOLIO,SHADOW_COMBO_TREND,TIME_6H,TIME_EXIT,3,1,2,-53.60606038999948,-36.92872507897927,16.677335311020205,18.661858321369238,50.03200593306062,3,0,0,100.0,0.0,0.0,0.0,-36.92872507897927,3,0,0,0,0,0,0,COLLECTING
2026-07-20T05:10:21+00:00,PORTFOLIO,SHADOW_COMBO_TREND,TP_R050,FIXED_R,3,1,2,-53.60606038999948,-27.78978999193147,25.816270398068003,0.0,77.44881119420401,1,0,2,33.33333333333333,33.33333333333333,0.0,0.2283085615164689,-27.78978999193147,1,0,0,0,0,0,0,COLLECTING
2026-07-20T05:10:21+00:00,PORTFOLIO,SHADOW_COMBO_TREND,TP_R100,FIXED_R,3,1,2,-53.60606038999948,-53.04385320491689,0.5622071850825895,0.0,1.6866215552477684,1,0,2,33.33333333333333,0.0,0.0,0.0,-53.04385320491689,1,0,0,0,0,0,0,COLLECTING
2026-07-20T05:10:21+00:00,PORTFOLIO,SHADOW_COMBO_TREND,TP_R150,FIXED_R,3,1,2,-53.60606038999948,-53.04385320491689,0.5622071850825895,0.0,1.6866215552477684,1,0,2,33.33333333333333,0.0,0.0,0.0,-53.04385320491689,1,0,0,0,0,0,0,COLLECTING
2026-07-20T05:10:21+00:00,PORTFOLIO,SHADOW_COMBO_TREND,TP_R200,FIXED_R,3,1,2,-53.60606038999948,-53.04385320491689,0.5622071850825895,0.0,1.6866215552477684,1,0,2,33.33333333333333,0.0,0.0,0.0,-53.04385320491689,1,0,0,0,0,0,0,COLLECTING
2026-07-20T05:10:21+00:00,PORTFOLIO,SHADOW_EMA_TREND_1H,ATR15_R100,ATR_TRAIL,2,1,1,-52.47206905592272,-51.638534127165286,0.8335349287574303,0.8335349287574303,1.6670698575148606,1,0,1,50.0,0.0,0.0,0.0,-51.638534127165286,1,0,0,0,0,0,0,COLLECTING
2026-07-20T05:10:21+00:00,PORTFOLIO,SHADOW_EMA_TREND_1H,ATR20_R100,ATR_TRAIL,2,1,1,-52.47206905592272,-51.638534127165286,0.8335349287574303,0.8335349287574303,1.6670698575148606,1,0,1,50.0,0.0,0.0,0.0,-51.638534127165286,1,0,0,0,0,0,0,COLLECTING
2026-07-20T05:10:21+00:00,PORTFOLIO,SHADOW_EMA_TREND_1H,ATR30_R100,ATR_TRAIL,2,1,1,-52.47206905592272,-51.638534127165286,0.8335349287574303,0.8335349287574303,1.6670698575148606,1,0,1,50.0,0.0,0.0,0.0,-51.638534127165286,1,0,0,0,0,0,0,COLLECTING
2026-07-20T05:10:21+00:00,PORTFOLIO,SHADOW_EMA_TREND_1H,BE_R050,BREAKEVEN,2,1,1,-52.47206905592272,-26.677221714696902,25.79484734122581,25.79484734122581,51.58969468245162,1,0,1,50.0,0.0,0.0,0.0,-26.677221714696902,1,0,0,0,0,0,0,COLLECTING
2026-07-20T05:10:21+00:00,PORTFOLIO,SHADOW_EMA_TREND_1H,BE_R100,BREAKEVEN,2,1,1,-52.47206905592272,-51.638534127165286,0.8335349287574303,0.8335349287574303,1.6670698575148606,1,0,1,50.0,0.0,0.0,0.0,-51.638534127165286,1,0,0,0,0,0,0,COLLECTING
2026-07-20T05:10:21+00:00,PORTFOLIO,SHADOW_EMA_TREND_1H,GB20_R050,MFE_GIVEBACK,2,1,1,-52.47206905592272,-13.56448571581295,38.90758334010977,38.90758334010977,77.81516668021953,1,0,1,50.0,50.0,0.0,0.4859252801312476,-13.56448571581295,1,0,0,0,0,0,0,COLLECTING
2026-07-20T05:10:21+00:00,PORTFOLIO,SHADOW_EMA_TREND_1H,GB20_R100,MFE_GIVEBACK,2,1,1,-52.47206905592272,-51.638534127165286,0.8335349287574303,0.8335349287574303,1.6670698575148606,1,0,1,50.0,0.0,0.0,0.0,-51.638534127165286,1,0,0,0,0,0,0,COLLECTING
2026-07-20T05:10:21+00:00,PORTFOLIO,SHADOW_EMA_TREND_1H,GB30_R050,MFE_GIVEBACK,2,1,1,-52.47206905592272,-15.203577715673424,37.26849134024929,37.26849134024929,74.53698268049858,1,0,1,50.0,50.0,0.0,0.42380602413283563,-15.203577715673424,1,0,0,0,0,0,0,COLLECTING
2026-07-20T05:10:21+00:00,PORTFOLIO,SHADOW_EMA_TREND_1H,GB30_R100,MFE_GIVEBACK,2,1,1,-52.47206905592272,-51.638534127165286,0.8335349287574303,0.8335349287574303,1.6670698575148606,1,0,1,50.0,0.0,0.0,0.0,-51.638534127165286,1,0,0,0,0,0,0,COLLECTING
2026-07-20T05:10:21+00:00,PORTFOLIO,SHADOW_EMA_TREND_1H,GB40_R050,MFE_GIVEBACK,2,1,1,-52.47206905592272,-16.84266971553393,35.62939934038879,35.62939934038879,71.25879868077757,1,0,1,50.0,50.0,0.0,0.3616867681344225,-16.84266971553393,1,0,0,0,0,0,0,COLLECTING
2026-07-20T05:10:21+00:00,PORTFOLIO,SHADOW_EMA_TREND_1H,GB40_R100,MFE_GIVEBACK,2,1,1,-52.47206905592272,-51.638534127165286,0.8335349287574303,0.8335349287574303,1.6670698575148606,1,0,1,50.0,0.0,0.0,0.0,-51.638534127165286,1,0,0,0,0,0,0,COLLECTING
2026-07-20T05:10:21+00:00,PORTFOLIO,SHADOW_EMA_TREND_1H,GB50_R050,MFE_GIVEBACK,2,1,1,-52.47206905592272,-18.481761715394402,33.99030734052831,33.99030734052831,67.98061468105662,1,0,1,50.0,50.0,0.0,0.2995675121360106,-18.481761715394402,1,0,0,0,0,0,0,COLLECTING
2026-07-20T05:10:21+00:00,PORTFOLIO,SHADOW_EMA_TREND_1H,GB50_R100,MFE_GIVEBACK,2,1,1,-52.47206905592272,-51.638534127165286,0.8335349287574303,0.8335349287574303,1.6670698575148606,1,0,1,50.0,0.0,0.0,0.0,-51.638534127165286,1,0,0,0,0,0,0,COLLECTING
2026-07-20T05:10:21+00:00,PORTFOLIO,SHADOW_EMA_TREND_1H,TIME_12H,TIME_EXIT,2,1,1,-52.47206905592272,-42.434105030535676,10.037964025387037,10.037964025387037,20.075928050774074,2,0,0,100.0,0.0,0.0,0.0,-42.434105030535676,2,0,0,0,0,0,0,COLLECTING
2026-07-20T05:10:21+00:00,PORTFOLIO,SHADOW_EMA_TREND_1H,TIME_24H,TIME_EXIT,2,1,1,-52.47206905592272,-42.434105030535676,10.037964025387037,10.037964025387037,20.075928050774074,2,0,0,100.0,0.0,0.0,0.0,-42.434105030535676,2,0,0,0,0,0,0,COLLECTING
2026-07-20T05:10:21+00:00,PORTFOLIO,SHADOW_EMA_TREND_1H,TIME_6H,TIME_EXIT,2,1,1,-52.47206905592272,-42.434105030535676,10.037964025387037,10.037964025387037,20.075928050774074,2,0,0,100.0,0.0,0.0,0.0,-42.434105030535676,2,0,0,0,0,0,0,COLLECTING
2026-07-20T05:10:21+00:00,PORTFOLIO,SHADOW_EMA_TREND_1H,TP_R050,FIXED_R,2,1,1,-52.47206905592272,-14.196565508462678,38.27550354746003,38.27550354746003,76.55100709492007,1,0,1,50.0,50.0,0.0,0.46197035481017107,-14.196565508462678,1,0,0,0,0,0,0,COLLECTING
2026-07-20T05:10:21+00:00,PORTFOLIO,SHADOW_EMA_TREND_1H,TP_R100,FIXED_R,2,1,1,-52.47206905592272,-51.638534127165286,0.8335349287574303,0.8335349287574303,1.6670698575148606,1,0,1,50.0,0.0,0.0,0.0,-51.638534127165286,1,0,0,0,0,0,0,COLLECTING
2026-07-20T05:10:21+00:00,PORTFOLIO,SHADOW_EMA_TREND_1H,TP_R150,FIXED_R,2,1,1,-52.47206905592272,-51.638534127165286,0.8335349287574303,0.8335349287574303,1.6670698575148606,1,0,1,50.0,0.0,0.0,0.0,-51.638534127165286,1,0,0,0,0,0,0,COLLECTING
2026-07-20T05:10:21+00:00,PORTFOLIO,SHADOW_EMA_TREND_1H,TP_R200,FIXED_R,2,1,1,-52.47206905592272,-51.638534127165286,0.8335349287574303,0.8335349287574303,1.6670698575148606,1,0,1,50.0,0.0,0.0,0.0,-51.638534127165286,1,0,0,0,0,0,0,COLLECTING
2026-07-20T05:10:21+00:00,PORTFOLIO,SHADOW_ETH_EMA_1H,ATR15_R100,ATR_TRAIL,1,0,1,8.98078676378571,23.790435618162924,14.809648854377214,14.809648854377214,14.809648854377214,1,0,0,100.0,100.0,100.0,inf,23.790435618162924,1,0,0,0,0,0,0,WAITING_FULL_SAMPLE
2026-07-20T05:10:21+00:00,PORTFOLIO,SHADOW_ETH_EMA_1H,ATR20_R100,ATR_TRAIL,1,0,1,8.98078676378571,16.536796904927183,7.556010141141472,7.556010141141472,7.556010141141472,1,0,0,100.0,100.0,100.0,inf,16.536796904927183,1,0,0,0,0,0,0,WAITING_FULL_SAMPLE
2026-07-20T05:10:21+00:00,PORTFOLIO,SHADOW_ETH_EMA_1H,ATR30_R100,ATR_TRAIL,1,0,1,8.98078676378571,2.0295194784565393,-6.9512672853291715,-6.9512672853291715,-6.9512672853291715,0,1,0,0.0,100.0,100.0,inf,2.0295194784565393,0,1,0,0,0,0,0,WAITING_FULL_SAMPLE
2026-07-20T05:10:21+00:00,PORTFOLIO,SHADOW_ETH_EMA_1H,GB20_R050,MFE_GIVEBACK,1,0,1,8.98078676378571,19.637782249273076,10.656995485487366,10.656995485487366,10.656995485487366,1,0,0,100.0,100.0,100.0,inf,19.637782249273076,1,0,0,0,0,0,0,WAITING_FULL_SAMPLE
2026-07-20T05:10:21+00:00,PORTFOLIO,SHADOW_ETH_EMA_1H,GB20_R100,MFE_GIVEBACK,1,0,1,8.98078676378571,40.56511253814957,31.58432577436386,31.58432577436386,31.58432577436386,1,0,0,100.0,100.0,100.0,inf,40.56511253814957,1,0,0,0,0,0,0,WAITING_FULL_SAMPLE
2026-07-20T05:10:21+00:00,PORTFOLIO,SHADOW_ETH_EMA_1H,GB30_R050,MFE_GIVEBACK,1,0,1,8.98078676378571,16.578808407311527,7.598021643525817,7.598021643525817,7.598021643525817,1,0,0,100.0,100.0,100.0,inf,16.578808407311527,1,0,0,0,0,0,0,WAITING_FULL_SAMPLE
2026-07-20T05:10:21+00:00,PORTFOLIO,SHADOW_ETH_EMA_1H,GB30_R100,MFE_GIVEBACK,1,0,1,8.98078676378571,34.890222410077875,25.909435646292167,25.909435646292167,25.909435646292167,1,0,0,100.0,100.0,100.0,inf,34.890222410077875,1,0,0,0,0,0,0,WAITING_FULL_SAMPLE
2026-07-20T05:10:21+00:00,PORTFOLIO,SHADOW_ETH_EMA_1H,GB40_R050,MFE_GIVEBACK,1,0,1,8.98078676378571,13.519834565349552,4.539047801563841,4.539047801563841,4.539047801563841,1,0,0,100.0,100.0,100.0,inf,13.519834565349552,1,0,0,0,0,0,0,WAITING_FULL_SAMPLE
2026-07-20T05:10:21+00:00,PORTFOLIO,SHADOW_ETH_EMA_1H,GB40_R100,MFE_GIVEBACK,1,0,1,8.98078676378571,29.215332282006607,20.234545518220898,20.234545518220898,20.234545518220898,1,0,0,100.0,100.0,100.0,inf,29.215332282006607,1,0,0,0,0,0,0,WAITING_FULL_SAMPLE
2026-07-20T05:10:21+00:00,PORTFOLIO,SHADOW_ETH_EMA_1H,GB50_R050,MFE_GIVEBACK,1,0,1,8.98078676378571,10.460860723387576,1.4800739596018655,1.4800739596018655,1.4800739596018655,1,0,0,100.0,100.0,100.0,inf,10.460860723387576,1,0,0,0,0,0,0,WAITING_FULL_SAMPLE
2026-07-20T05:10:21+00:00,PORTFOLIO,SHADOW_ETH_EMA_1H,GB50_R100,MFE_GIVEBACK,1,0,1,8.98078676378571,24.468072042626698,15.487285278840988,15.487285278840988,15.487285278840988,1,0,0,100.0,100.0,100.0,inf,24.468072042626698,1,0,0,0,0,0,0,WAITING_FULL_SAMPLE
2026-07-20T05:10:21+00:00,PORTFOLIO,SHADOW_ETH_EMA_1H,TIME_12H,TIME_EXIT,1,0,1,8.98078676378571,7.759710092585587,-1.221076671200123,-1.221076671200123,-1.221076671200123,0,1,0,0.0,100.0,100.0,inf,7.759710092585587,0,1,0,0,0,0,0,WAITING_FULL_SAMPLE
2026-07-20T05:10:21+00:00,PORTFOLIO,SHADOW_ETH_EMA_1H,TIME_24H,TIME_EXIT,1,0,1,8.98078676378571,32.564533316191486,23.583746552405778,23.583746552405778,23.583746552405778,1,0,0,100.0,100.0,100.0,inf,32.564533316191486,1,0,0,0,0,0,0,WAITING_FULL_SAMPLE
2026-07-20T05:10:21+00:00,PORTFOLIO,SHADOW_ETH_EMA_1H,TIME_6H,TIME_EXIT,1,0,1,8.98078676378571,7.759710092585587,-1.221076671200123,-1.221076671200123,-1.221076671200123,0,1,0,0.0,100.0,100.0,inf,7.759710092585587,0,1,0,0,0,0,0,WAITING_FULL_SAMPLE
2026-07-20T05:10:21+00:00,PORTFOLIO,SHADOW_ETH_EMA_1H,TP_R050,FIXED_R,1,0,1,8.98078676378571,20.008850465730575,11.028063701944864,11.028063701944864,11.028063701944864,1,0,0,100.0,100.0,100.0,inf,20.008850465730575,1,0,0,0,0,0,0,WAITING_FULL_SAMPLE
2026-07-20T05:10:21+00:00,PORTFOLIO,SHADOW_ETH_EMA_1H,TP_R100,FIXED_R,1,0,1,8.98078676378571,44.85170941788302,35.87092265409731,35.87092265409731,35.87092265409731,1,0,0,100.0,100.0,100.0,inf,44.85170941788302,1,0,0,0,0,0,0,WAITING_FULL_SAMPLE
2026-07-20T05:10:21+00:00,PORTFOLIO,SHADOW_RELATIVE_STRENGTH,ATR15_R100,ATR_TRAIL,3,1,2,-10.077302573000944,-0.7932768863291235,9.284025686671821,0.6570601994010623,27.852077060015464,2,0,1,66.66666666666666,33.33333333333333,0.0,0.6464765571853192,-0.7932768863291235,2,0,0,0,0,0,0,COLLECTING
2026-07-20T05:10:21+00:00,PORTFOLIO,SHADOW_RELATIVE_STRENGTH,ATR20_R100,ATR_TRAIL,3,1,2,-10.077302573000944,-2.658656639273577,7.418645933727368,0.0,22.255937801182103,1,0,2,33.33333333333333,0.0,0.0,0.0,-2.658656639273577,1,0,0,0,0,0,0,COLLECTING
2026-07-20T05:10:21+00:00,PORTFOLIO,SHADOW_RELATIVE_STRENGTH,ATR30_R100,ATR_TRAIL,3,1,2,-10.077302573000944,-2.658656639273577,7.418645933727368,0.0,22.255937801182103,1,0,2,33.33333333333333,0.0,0.0,0.0,-2.658656639273577,1,0,0,0,0,0,0,COLLECTING
2026-07-20T05:10:21+00:00,PORTFOLIO,SHADOW_RELATIVE_STRENGTH,BE_R050,BREAKEVEN,3,1,2,-10.077302573000944,-2.658656639273577,7.418645933727368,0.0,22.255937801182103,1,0,2,33.33333333333333,0.0,0.0,0.0,-2.658656639273577,1,0,0,0,0,0,0,COLLECTING
2026-07-20T05:10:21+00:00,PORTFOLIO,SHADOW_RELATIVE_STRENGTH,BE_R100,BREAKEVEN,3,1,2,-10.077302573000944,-2.658656639273577,7.418645933727368,0.0,22.255937801182103,1,0,2,33.33333333333333,0.0,0.0,0.0,-2.658656639273577,1,0,0,0,0,0,0,COLLECTING
2026-07-20T05:10:21+00:00,PORTFOLIO,SHADOW_RELATIVE_STRENGTH,GB20_R050,MFE_GIVEBACK,3,1,2,-10.077302573000944,48.79939561351472,58.87669818651566,34.32377443674767,176.630094559547,3,0,0,100.0,100.0,0.0,inf,48.79939561351472,3,0,0,0,0,0,0,COLLECTING
2026-07-20T05:10:21+00:00,PORTFOLIO,SHADOW_RELATIVE_STRENGTH,GB20_R100,MFE_GIVEBACK,3,1,2,-10.077302573000944,65.40497069719682,75.48227327019777,61.78379205985022,226.4468198105933,3,0,0,100.0,100.0,0.0,inf,65.40497069719682,3,0,0,0,0,0,0,COLLECTING
2026-07-20T05:10:21+00:00,PORTFOLIO,SHADOW_RELATIVE_STRENGTH,GB30_R050,MFE_GIVEBACK,3,1,2,-10.077302573000944,42.36713908191627,52.44444165491722,30.03330263215408,157.33332496475165,3,0,0,100.0,100.0,0.0,inf,42.36713908191627,3,0,0,0,0,0,0,COLLECTING
2026-07-20T05:10:21+00:00,PORTFOLIO,SHADOW_RELATIVE_STRENGTH,GB30_R100,MFE_GIVEBACK,3,1,2,-10.077302573000944,56.89701728013781,66.97431985313877,54.060818052368724,200.92295955941628,3,0,0,100.0,100.0,0.0,inf,56.89701728013781,3,0,0,0,0,0,0,COLLECTING
2026-07-20T05:10:21+00:00,PORTFOLIO,SHADOW_RELATIVE_STRENGTH,GB40_R050,MFE_GIVEBACK,3,1,2,-10.077302573000944,35.934882550317745,46.012185123318694,25.742830827560837,138.0365553699561,3,0,0,100.0,100.0,0.0,inf,35.934882550317745,3,0,0,0,0,0,0,COLLECTING
2026-07-20T05:10:21+00:00,PORTFOLIO,SHADOW_RELATIVE_STRENGTH,GB40_R100,MFE_GIVEBACK,3,1,2,-10.077302573000944,48.38906386307914,58.46636643608008,46.33784404488767,175.39909930824024,3,0,0,100.0,100.0,0.0,inf,48.38906386307914,3,0,0,0,0,0,0,COLLECTING
2026-07-20T05:10:21+00:00,PORTFOLIO,SHADOW_RELATIVE_STRENGTH,GB50_R050,MFE_GIVEBACK,3,1,2,-10.077302573000944,33.56047291078201,43.63777548378295,30.456922523954123,130.91332645134887,3,0,0,100.0,100.0,0.0,inf,33.56047291078201,3,0,0,0,0,0,0,COLLECTING
2026-07-20T05:10:21+00:00,PORTFOLIO,SHADOW_RELATIVE_STRENGTH,GB50_R100,MFE_GIVEBACK,3,1,2,-10.077302573000944,39.881110446020344,49.95841301902129,38.61487003740616,149.87523905706388,3,0,0,100.0,100.0,0.0,inf,39.881110446020344,3,0,0,0,0,0,0,COLLECTING
2026-07-20T05:10:21+00:00,PORTFOLIO,SHADOW_RELATIVE_STRENGTH,TIME_12H,TIME_EXIT,2,0,2,-13.495541047471951,2.373513763842027,15.869054811313978,15.869054811313978,31.738109622627956,1,1,0,50.0,50.0,0.0,1.093299633025096,2.373513763842027,0,1,1,0,0,0,0,WAITING_FULL_SAMPLE
2026-07-20T05:10:21+00:00,PORTFOLIO,SHADOW_RELATIVE_STRENGTH,TIME_24H,TIME_EXIT,1,0,1,-22.84309971798599,-50.87938048381378,-28.036280765827794,-28.036280765827794,-28.036280765827794,0,1,0,0.0,0.0,0.0,0.0,-50.87938048381378,0,1,0,0,0,0,0,WAITING_FULL_SAMPLE
2026-07-20T05:10:21+00:00,PORTFOLIO,SHADOW_RELATIVE_STRENGTH,TIME_6H,TIME_EXIT,2,0,2,-13.495541047471951,-17.565997921345968,-4.070456873874017,-4.070456873874017,-8.140913747748034,1,1,0,50.0,0.0,0.0,0.0,-17.565997921345968,1,1,0,0,0,0,0,WAITING_FULL_SAMPLE
2026-07-20T05:10:21+00:00,PORTFOLIO,SHADOW_RELATIVE_STRENGTH,TP_R050,FIXED_R,3,1,2,-10.077302573000944,22.494084376916636,32.57138694991758,25.190232613202433,97.71416084975274,3,0,0,100.0,100.0,0.0,inf,22.494084376916636,3,0,0,0,0,0,0,COLLECTING
2026-07-20T05:10:21+00:00,PORTFOLIO,SHADOW_RELATIVE_STRENGTH,TP_R100,FIXED_R,3,1,2,-10.077302573000944,47.64682539310697,57.724127966107915,50.380465226404425,173.17238389832374,3,0,0,100.0,100.0,0.0,inf,47.64682539310697,3,0,0,0,0,0,0,COLLECTING
2026-07-20T05:10:21+00:00,PORTFOLIO,SHADOW_RELATIVE_STRENGTH,TP_R150,FIXED_R,2,0,2,-13.495541047471951,73.13694069817977,86.63248174565172,86.63248174565172,173.26496349130343,2,0,0,100.0,100.0,0.0,inf,73.13694069817977,2,0,0,0,0,0,0,WAITING_FULL_SAMPLE
2026-07-20T05:10:21+00:00,PORTFOLIO,SHADOW_RELATIVE_STRENGTH,TP_R200,FIXED_R,1,0,1,-22.84309971798599,99.99727521721594,122.84037493520194,122.84037493520194,122.84037493520194,1,0,0,100.0,100.0,0.0,inf,99.99727521721594,1,0,0,0,0,0,0,WAITING_FULL_SAMPLE
2026-07-20T05:10:21+00:00,PORTFOLIO,SHADOW_RELATIVE_STRENGTH_V2,ATR15_R100,ATR_TRAIL,1,0,1,106.33028826675161,15.605263047481182,-90.72502521927042,-90.72502521927042,-90.72502521927042,0,1,0,0.0,100.0,100.0,inf,15.605263047481182,0,1,0,0,0,0,0,WAITING_FULL_SAMPLE
2026-07-20T05:10:21+00:00,PORTFOLIO,SHADOW_RELATIVE_STRENGTH_V2,ATR20_R100,ATR_TRAIL,1,0,1,106.33028826675161,18.670514660097083,-87.65977360665453,-87.65977360665453,-87.65977360665453,0,1,0,0.0,100.0,100.0,inf,18.670514660097083,0,0,0,1,0,0,0,WAITING_FULL_SAMPLE
2026-07-20T05:10:21+00:00,PORTFOLIO,SHADOW_RELATIVE_STRENGTH_V2,GB20_R050,MFE_GIVEBACK,2,1,1,108.68803297798618,27.15111961419052,-81.53691336379566,-81.53691336379566,-163.07382672759132,0,2,0,0.0,100.0,100.0,inf,27.15111961419052,0,2,0,0,0,0,0,COLLECTING
2026-07-20T05:10:21+00:00,PORTFOLIO,SHADOW_RELATIVE_STRENGTH_V2,GB20_R100,MFE_GIVEBACK,2,1,1,108.68803297798618,50.84791067627707,-57.840122301709116,-57.840122301709116,-115.68024460341823,0,2,0,0.0,100.0,100.0,inf,50.84791067627707,0,2,0,0,0,0,0,COLLECTING
2026-07-20T05:10:21+00:00,PORTFOLIO,SHADOW_RELATIVE_STRENGTH_V2,GB30_R050,MFE_GIVEBACK,2,1,1,108.68803297798618,23.44483545359656,-85.24319752438961,-85.24319752438961,-170.48639504877923,0,2,0,0.0,100.0,100.0,inf,23.44483545359656,0,2,0,0,0,0,0,COLLECTING
2026-07-20T05:10:21+00:00,PORTFOLIO,SHADOW_RELATIVE_STRENGTH_V2,GB30_R100,MFE_GIVEBACK,2,1,1,108.68803297798618,44.17952763292218,-64.508505345064,-64.508505345064,-129.017010690128,0,2,0,0.0,100.0,100.0,inf,44.17952763292218,0,2,0,0,0,0,0,COLLECTING
2026-07-20T05:10:21+00:00,PORTFOLIO,SHADOW_RELATIVE_STRENGTH_V2,GB40_R050,MFE_GIVEBACK,2,1,1,108.68803297798618,25.79605361842197,-82.8919793595642,-82.8919793595642,-165.7839587191284,0,2,0,0.0,100.0,100.0,inf,25.79605361842197,0,2,0,0,0,0,0,COLLECTING
2026-07-20T05:10:21+00:00,PORTFOLIO,SHADOW_RELATIVE_STRENGTH_V2,GB40_R100,MFE_GIVEBACK,2,1,1,108.68803297798618,40.74850532377392,-67.93952765421226,-67.93952765421226,-135.8790553084245,0,2,0,0.0,100.0,100.0,inf,40.74850532377392,0,2,0,0,0,0,0,COLLECTING
2026-07-20T05:10:21+00:00,PORTFOLIO,SHADOW_RELATIVE_STRENGTH_V2,GB50_R050,MFE_GIVEBACK,2,1,1,108.68803297798618,21.080185736924662,-87.60784724106152,-87.60784724106152,-175.21569448212304,0,2,0,0.0,100.0,100.0,inf,21.080185736924662,0,2,0,0,0,0,0,COLLECTING
2026-07-20T05:10:21+00:00,PORTFOLIO,SHADOW_RELATIVE_STRENGTH_V2,GB50_R100,MFE_GIVEBACK,2,1,1,108.68803297798618,33.54056215805127,-75.14747081993491,-75.14747081993491,-150.29494163986982,0,2,0,0.0,100.0,100.0,inf,33.54056215805127,0,2,0,0,0,0,0,COLLECTING
2026-07-20T05:10:21+00:00,PORTFOLIO,SHADOW_RELATIVE_STRENGTH_V2,TIME_12H,TIME_EXIT,1,0,1,106.33028826675161,36.532490289793564,-69.79779797695804,-69.79779797695804,-69.79779797695804,0,1,0,0.0,100.0,100.0,inf,36.532490289793564,0,1,0,0,0,0,0,WAITING_FULL_SAMPLE
2026-07-20T05:10:21+00:00,PORTFOLIO,SHADOW_RELATIVE_STRENGTH_V2,TIME_6H,TIME_EXIT,2,1,1,108.68803297798618,23.434792986008766,-85.25323999197741,-85.25323999197741,-170.50647998395482,0,2,0,0.0,50.0,100.0,2.5721938110226814,23.434792986008766,0,2,0,0,0,0,0,COLLECTING
2026-07-20T05:10:21+00:00,PORTFOLIO,SHADOW_RELATIVE_STRENGTH_V2,TP_R050,FIXED_R,2,1,1,108.68803297798618,22.77066362101541,-85.91736935697077,-85.91736935697077,-171.83473871394153,0,2,0,0.0,100.0,100.0,inf,22.77066362101541,0,2,0,0,0,0,0,COLLECTING
2026-07-20T05:10:21+00:00,PORTFOLIO,SHADOW_RELATIVE_STRENGTH_V2,TP_R100,FIXED_R,2,1,1,108.68803297798618,48.040480912593026,-60.64755206539315,-60.64755206539315,-121.2951041307863,0,2,0,0.0,100.0,100.0,inf,48.040480912593026,0,2,0,0,0,0,0,COLLECTING
2026-07-20T05:10:21+00:00,PORTFOLIO,SHADOW_RELATIVE_STRENGTH_V2,TP_R150,FIXED_R,2,1,1,108.68803297798618,73.31029820417041,-35.377734773815774,-35.377734773815774,-70.75546954763155,0,2,0,0.0,100.0,100.0,inf,73.31029820417041,0,2,0,0,0,0,0,COLLECTING
2026-07-20T05:10:21+00:00,PORTFOLIO,SHADOW_RELATIVE_STRENGTH_V2,TP_R200,FIXED_R,2,1,1,108.68803297798618,98.58011549574799,-10.107917482238186,-10.107917482238186,-20.21583496447637,0,2,0,0.0,100.0,100.0,inf,98.58011549574799,0,2,0,0,0,0,0,COLLECTING
2026-07-20T05:10:21+00:00,PORTFOLIO,SHADOW_SCANNER_BOTTOM5_SHORT,ATR15_R100,ATR_TRAIL,1,1,0,-53.436676574325745,-50.73084239802537,2.705834176300371,2.705834176300371,2.705834176300371,1,0,0,100.0,0.0,0.0,0.0,-50.73084239802537,1,0,0,0,0,0,0,COLLECTING
2026-07-20T05:10:21+00:00,PORTFOLIO,SHADOW_SCANNER_BOTTOM5_SHORT,ATR20_R100,ATR_TRAIL,1,1,0,-53.436676574325745,-50.73084239802537,2.705834176300371,2.705834176300371,2.705834176300371,1,0,0,100.0,0.0,0.0,0.0,-50.73084239802537,1,0,0,0,0,0,0,COLLECTING
2026-07-20T05:10:21+00:00,PORTFOLIO,SHADOW_SCANNER_BOTTOM5_SHORT,ATR30_R100,ATR_TRAIL,1,1,0,-53.436676574325745,-50.73084239802537,2.705834176300371,2.705834176300371,2.705834176300371,1,0,0,100.0,0.0,0.0,0.0,-50.73084239802537,1,0,0,0,0,0,0,COLLECTING
2026-07-20T05:10:21+00:00,PORTFOLIO,SHADOW_SCANNER_BOTTOM5_SHORT,BE_R050,BREAKEVEN,1,1,0,-53.436676574325745,-0.5846216211659174,52.85205495315983,52.85205495315983,52.85205495315983,1,0,0,100.0,0.0,0.0,0.0,-0.5846216211659174,1,0,0,0,0,0,0,COLLECTING
2026-07-20T05:10:21+00:00,PORTFOLIO,SHADOW_SCANNER_BOTTOM5_SHORT,BE_R100,BREAKEVEN,1,1,0,-53.436676574325745,-50.73084239802537,2.705834176300371,2.705834176300371,2.705834176300371,1,0,0,100.0,0.0,0.0,0.0,-50.73084239802537,1,0,0,0,0,0,0,COLLECTING
2026-07-20T05:10:21+00:00,PORTFOLIO,SHADOW_SCANNER_BOTTOM5_SHORT,GB20_R050,MFE_GIVEBACK,1,1,0,-53.436676574325745,28.076914634735697,81.51359120906145,81.51359120906145,81.51359120906145,1,0,0,100.0,100.0,0.0,inf,28.076914634735697,1,0,0,0,0,0,0,COLLECTING
2026-07-20T05:10:21+00:00,PORTFOLIO,SHADOW_SCANNER_BOTTOM5_SHORT,GB20_R100,MFE_GIVEBACK,1,1,0,-53.436676574325745,-50.73084239802537,2.705834176300371,2.705834176300371,2.705834176300371,1,0,0,100.0,0.0,0.0,0.0,-50.73084239802537,1,0,0,0,0,0,0,COLLECTING
2026-07-20T05:10:21+00:00,PORTFOLIO,SHADOW_SCANNER_BOTTOM5_SHORT,GB30_R050,MFE_GIVEBACK,1,1,0,-53.436676574325745,24.494222602748003,77.93089917707374,77.93089917707374,77.93089917707374,1,0,0,100.0,100.0,0.0,inf,24.494222602748003,1,0,0,0,0,0,0,COLLECTING
2026-07-20T05:10:21+00:00,PORTFOLIO,SHADOW_SCANNER_BOTTOM5_SHORT,GB30_R100,MFE_GIVEBACK,1,1,0,-53.436676574325745,-50.73084239802537,2.705834176300371,2.705834176300371,2.705834176300371,1,0,0,100.0,0.0,0.0,0.0,-50.73084239802537,1,0,0,0,0,0,0,COLLECTING
2026-07-20T05:10:21+00:00,PORTFOLIO,SHADOW_SCANNER_BOTTOM5_SHORT,GB40_R050,MFE_GIVEBACK,1,1,0,-53.436676574325745,20.911530570760245,74.348207145086,74.348207145086,74.348207145086,1,0,0,100.0,100.0,0.0,inf,20.911530570760245,1,0,0,0,0,0,0,COLLECTING
2026-07-20T05:10:21+00:00,PORTFOLIO,SHADOW_SCANNER_BOTTOM5_SHORT,GB40_R100,MFE_GIVEBACK,1,1,0,-53.436676574325745,-50.73084239802537,2.705834176300371,2.705834176300371,2.705834176300371,1,0,0,100.0,0.0,0.0,0.0,-50.73084239802537,1,0,0,0,0,0,0,COLLECTING
2026-07-20T05:10:21+00:00,PORTFOLIO,SHADOW_SCANNER_BOTTOM5_SHORT,GB50_R050,MFE_GIVEBACK,1,1,0,-53.436676574325745,17.32883853877255,70.7655151130983,70.7655151130983,70.7655151130983,1,0,0,100.0,100.0,0.0,inf,17.32883853877255,1,0,0,0,0,0,0,COLLECTING
2026-07-20T05:10:21+00:00,PORTFOLIO,SHADOW_SCANNER_BOTTOM5_SHORT,GB50_R100,MFE_GIVEBACK,1,1,0,-53.436676574325745,-50.73084239802537,2.705834176300371,2.705834176300371,2.705834176300371,1,0,0,100.0,0.0,0.0,0.0,-50.73084239802537,1,0,0,0,0,0,0,COLLECTING
2026-07-20T05:10:21+00:00,PORTFOLIO,SHADOW_SCANNER_BOTTOM5_SHORT,TIME_12H,TIME_EXIT,1,1,0,-53.436676574325745,-50.73084239802537,2.705834176300371,2.705834176300371,2.705834176300371,1,0,0,100.0,0.0,0.0,0.0,-50.73084239802537,1,0,0,0,0,0,0,COLLECTING
2026-07-20T05:10:21+00:00,PORTFOLIO,SHADOW_SCANNER_BOTTOM5_SHORT,TIME_24H,TIME_EXIT,1,1,0,-53.436676574325745,-50.73084239802537,2.705834176300371,2.705834176300371,2.705834176300371,1,0,0,100.0,0.0,0.0,0.0,-50.73084239802537,1,0,0,0,0,0,0,COLLECTING
2026-07-20T05:10:21+00:00,PORTFOLIO,SHADOW_SCANNER_BOTTOM5_SHORT,TIME_6H,TIME_EXIT,1,1,0,-53.436676574325745,-50.73084239802537,2.705834176300371,2.705834176300371,2.705834176300371,1,0,0,100.0,0.0,0.0,0.0,-50.73084239802537,1,0,0,0,0,0,0,COLLECTING
2026-07-20T05:10:21+00:00,PORTFOLIO,SHADOW_SCANNER_BOTTOM5_SHORT,TP_R050,FIXED_R,1,1,0,-53.436676574325745,24.48848876726381,77.92516534158955,77.92516534158955,77.92516534158955,1,0,0,100.0,100.0,0.0,inf,24.48848876726381,1,0,0,0,0,0,0,COLLECTING
2026-07-20T05:10:21+00:00,PORTFOLIO,SHADOW_SCANNER_BOTTOM5_SHORT,TP_R100,FIXED_R,1,1,0,-53.436676574325745,-50.73084239802537,2.705834176300371,2.705834176300371,2.705834176300371,1,0,0,100.0,0.0,0.0,0.0,-50.73084239802537,1,0,0,0,0,0,0,COLLECTING
2026-07-20T05:10:21+00:00,PORTFOLIO,SHADOW_SCANNER_BOTTOM5_SHORT,TP_R150,FIXED_R,1,1,0,-53.436676574325745,-50.73084239802537,2.705834176300371,2.705834176300371,2.705834176300371,1,0,0,100.0,0.0,0.0,0.0,-50.73084239802537,1,0,0,0,0,0,0,COLLECTING
2026-07-20T05:10:21+00:00,PORTFOLIO,SHADOW_SCANNER_BOTTOM5_SHORT,TP_R200,FIXED_R,1,1,0,-53.436676574325745,-50.73084239802537,2.705834176300371,2.705834176300371,2.705834176300371,1,0,0,100.0,0.0,0.0,0.0,-50.73084239802537,1,0,0,0,0,0,0,COLLECTING
2026-07-20T05:10:21+00:00,PORTFOLIO,SHADOW_SCANNER_TOP5_BTC,ATR15_R100,ATR_TRAIL,1,0,1,-54.81459891118046,-54.81459891118046,0.0,0.0,0.0,0,0,1,0.0,0.0,0.0,0.0,-54.81459891118046,0,0,0,0,0,0,0,WAITING_FULL_SAMPLE
2026-07-20T05:10:21+00:00,PORTFOLIO,SHADOW_SCANNER_TOP5_BTC,ATR20_R100,ATR_TRAIL,1,0,1,-54.81459891118046,-54.81459891118046,0.0,0.0,0.0,0,0,1,0.0,0.0,0.0,0.0,-54.81459891118046,0,0,0,0,0,0,0,WAITING_FULL_SAMPLE
2026-07-20T05:10:21+00:00,PORTFOLIO,SHADOW_SCANNER_TOP5_BTC,ATR30_R100,ATR_TRAIL,1,0,1,-54.81459891118046,-54.81459891118046,0.0,0.0,0.0,0,0,1,0.0,0.0,0.0,0.0,-54.81459891118046,0,0,0,0,0,0,0,WAITING_FULL_SAMPLE
2026-07-20T05:10:21+00:00,PORTFOLIO,SHADOW_SCANNER_TOP5_BTC,BE_R050,BREAKEVEN,1,0,1,-54.81459891118046,-54.81459891118046,0.0,0.0,0.0,0,0,1,0.0,0.0,0.0,0.0,-54.81459891118046,0,0,0,0,0,0,0,WAITING_FULL_SAMPLE
2026-07-20T05:10:21+00:00,PORTFOLIO,SHADOW_SCANNER_TOP5_BTC,BE_R100,BREAKEVEN,1,0,1,-54.81459891118046,-54.81459891118046,0.0,0.0,0.0,0,0,1,0.0,0.0,0.0,0.0,-54.81459891118046,0,0,0,0,0,0,0,WAITING_FULL_SAMPLE
2026-07-20T05:10:21+00:00,PORTFOLIO,SHADOW_SCANNER_TOP5_BTC,GB20_R050,MFE_GIVEBACK,1,0,1,-54.81459891118046,-54.81459891118046,0.0,0.0,0.0,0,0,1,0.0,0.0,0.0,0.0,-54.81459891118046,0,0,0,0,0,0,0,WAITING_FULL_SAMPLE
2026-07-20T05:10:21+00:00,PORTFOLIO,SHADOW_SCANNER_TOP5_BTC,GB20_R100,MFE_GIVEBACK,1,0,1,-54.81459891118046,-54.81459891118046,0.0,0.0,0.0,0,0,1,0.0,0.0,0.0,0.0,-54.81459891118046,0,0,0,0,0,0,0,WAITING_FULL_SAMPLE
2026-07-20T05:10:21+00:00,PORTFOLIO,SHADOW_SCANNER_TOP5_BTC,GB30_R050,MFE_GIVEBACK,1,0,1,-54.81459891118046,-54.81459891118046,0.0,0.0,0.0,0,0,1,0.0,0.0,0.0,0.0,-54.81459891118046,0,0,0,0,0,0,0,WAITING_FULL_SAMPLE
2026-07-20T05:10:21+00:00,PORTFOLIO,SHADOW_SCANNER_TOP5_BTC,GB30_R100,MFE_GIVEBACK,1,0,1,-54.81459891118046,-54.81459891118046,0.0,0.0,0.0,0,0,1,0.0,0.0,0.0,0.0,-54.81459891118046,0,0,0,0,0,0,0,WAITING_FULL_SAMPLE
2026-07-20T05:10:21+00:00,PORTFOLIO,SHADOW_SCANNER_TOP5_BTC,GB40_R050,MFE_GIVEBACK,1,0,1,-54.81459891118046,-54.81459891118046,0.0,0.0,0.0,0,0,1,0.0,0.0,0.0,0.0,-54.81459891118046,0,0,0,0,0,0,0,WAITING_FULL_SAMPLE
2026-07-20T05:10:21+00:00,PORTFOLIO,SHADOW_SCANNER_TOP5_BTC,GB40_R100,MFE_GIVEBACK,1,0,1,-54.81459891118046,-54.81459891118046,0.0,0.0,0.0,0,0,1,0.0,0.0,0.0,0.0,-54.81459891118046,0,0,0,0,0,0,0,WAITING_FULL_SAMPLE
2026-07-20T05:10:21+00:00,PORTFOLIO,SHADOW_SCANNER_TOP5_BTC,GB50_R050,MFE_GIVEBACK,1,0,1,-54.81459891118046,-54.81459891118046,0.0,0.0,0.0,0,0,1,0.0,0.0,0.0,0.0,-54.81459891118046,0,0,0,0,0,0,0,WAITING_FULL_SAMPLE
2026-07-20T05:10:21+00:00,PORTFOLIO,SHADOW_SCANNER_TOP5_BTC,GB50_R100,MFE_GIVEBACK,1,0,1,-54.81459891118046,-54.81459891118046,0.0,0.0,0.0,0,0,1,0.0,0.0,0.0,0.0,-54.81459891118046,0,0,0,0,0,0,0,WAITING_FULL_SAMPLE
2026-07-20T05:10:21+00:00,PORTFOLIO,SHADOW_SCANNER_TOP5_BTC,TIME_12H,TIME_EXIT,1,0,1,-54.81459891118046,-23.68114301484484,31.133455896335622,31.133455896335622,31.133455896335622,1,0,0,100.0,0.0,0.0,0.0,-23.68114301484484,1,0,0,0,0,0,0,WAITING_FULL_SAMPLE
2026-07-20T05:10:21+00:00,PORTFOLIO,SHADOW_SCANNER_TOP5_BTC,TIME_24H,TIME_EXIT,1,0,1,-54.81459891118046,-23.68114301484484,31.133455896335622,31.133455896335622,31.133455896335622,1,0,0,100.0,0.0,0.0,0.0,-23.68114301484484,1,0,0,0,0,0,0,WAITING_FULL_SAMPLE
2026-07-20T05:10:21+00:00,PORTFOLIO,SHADOW_SCANNER_TOP5_BTC,TIME_6H,TIME_EXIT,1,0,1,-54.81459891118046,-23.68114301484484,31.133455896335622,31.133455896335622,31.133455896335622,1,0,0,100.0,0.0,0.0,0.0,-23.68114301484484,1,0,0,0,0,0,0,WAITING_FULL_SAMPLE
2026-07-20T05:10:21+00:00,PORTFOLIO,SHADOW_SCANNER_TOP5_BTC,TP_R050,FIXED_R,1,0,1,-54.81459891118046,-54.81459891118046,0.0,0.0,0.0,0,0,1,0.0,0.0,0.0,0.0,-54.81459891118046,0,0,0,0,0,0,0,WAITING_FULL_SAMPLE
2026-07-20T05:10:21+00:00,PORTFOLIO,SHADOW_SCANNER_TOP5_BTC,TP_R100,FIXED_R,1,0,1,-54.81459891118046,-54.81459891118046,0.0,0.0,0.0,0,0,1,0.0,0.0,0.0,0.0,-54.81459891118046,0,0,0,0,0,0,0,WAITING_FULL_SAMPLE
2026-07-20T05:10:21+00:00,PORTFOLIO,SHADOW_SCANNER_TOP5_BTC,TP_R150,FIXED_R,1,0,1,-54.81459891118046,-54.81459891118046,0.0,0.0,0.0,0,0,1,0.0,0.0,0.0,0.0,-54.81459891118046,0,0,0,0,0,0,0,WAITING_FULL_SAMPLE
2026-07-20T05:10:21+00:00,PORTFOLIO,SHADOW_SCANNER_TOP5_BTC,TP_R200,FIXED_R,1,0,1,-54.81459891118046,-54.81459891118046,0.0,0.0,0.0,0,0,1,0.0,0.0,0.0,0.0,-54.81459891118046,0,0,0,0,0,0,0,WAITING_FULL_SAMPLE
2026-07-20T05:10:21+00:00,PORTFOLIO,SHADOW_SCANNER_TOP5_LONG,ATR15_R100,ATR_TRAIL,3,1,2,-27.255731008497303,-17.93718359110436,9.31854741739294,0.0,27.955642252178823,1,0,2,33.33333333333333,33.33333333333333,0.0,0.0767542722995608,-17.93718359110436,1,0,0,0,0,0,0,COLLECTING
2026-07-20T05:10:21+00:00,PORTFOLIO,SHADOW_SCANNER_TOP5_LONG,ATR20_R100,ATR_TRAIL,3,1,2,-27.255731008497303,-19.62959079384557,7.626140214651733,0.0,22.8784206439552,1,0,2,33.33333333333333,0.0,0.0,0.0,-19.62959079384557,1,0,0,0,0,0,0,COLLECTING
2026-07-20T05:10:21+00:00,PORTFOLIO,SHADOW_SCANNER_TOP5_LONG,ATR30_R100,ATR_TRAIL,3,1,2,-27.255731008497303,-19.62959079384557,7.626140214651733,0.0,22.8784206439552,1,0,2,33.33333333333333,0.0,0.0,0.0,-19.62959079384557,1,0,0,0,0,0,0,COLLECTING
2026-07-20T05:10:21+00:00,PORTFOLIO,SHADOW_SCANNER_TOP5_LONG,BE_R050,BREAKEVEN,3,1,2,-27.255731008497303,-19.62959079384557,7.626140214651733,0.0,22.8784206439552,1,0,2,33.33333333333333,0.0,0.0,0.0,-19.62959079384557,1,0,0,0,0,0,0,COLLECTING
2026-07-20T05:10:21+00:00,PORTFOLIO,SHADOW_SCANNER_TOP5_LONG,BE_R100,BREAKEVEN,3,1,2,-27.255731008497303,-19.62959079384557,7.626140214651733,0.0,22.8784206439552,1,0,2,33.33333333333333,0.0,0.0,0.0,-19.62959079384557,1,0,0,0,0,0,0,COLLECTING
2026-07-20T05:10:21+00:00,PORTFOLIO,SHADOW_SCANNER_TOP5_LONG,GB20_R050,MFE_GIVEBACK,3,1,2,-27.255731008497303,24.182116384425893,51.437847392923196,35.1390557542753,154.31354217876958,2,0,1,66.66666666666666,66.66666666666666,0.0,2.3198071979816923,24.182116384425893,2,0,0,0,0,0,0,COLLECTING
2026-07-20T05:10:21+00:00,PORTFOLIO,SHADOW_SCANNER_TOP5_LONG,GB20_R100,MFE_GIVEBACK,3,1,2,-27.255731008497303,29.0986208826854,56.354351891182695,49.88856924905383,169.0630556735481,2,0,1,66.66666666666666,66.66666666666666,0.0,2.5881392960726313,29.0986208826854,2,0,0,0,0,0,0,COLLECTING
2026-07-20T05:10:21+00:00,PORTFOLIO,SHADOW_SCANNER_TOP5_LONG,GB30_R050,MFE_GIVEBACK,3,1,2,-27.255731008497303,18.70565298714193,45.96138399563923,30.746673784990758,137.8841519869177,2,0,1,66.66666666666666,66.66666666666666,0.0,2.0209137638291033,18.70565298714193,2,0,0,0,0,0,0,COLLECTING
2026-07-20T05:10:21+00:00,PORTFOLIO,SHADOW_SCANNER_TOP5_LONG,GB30_R100,MFE_GIVEBACK,3,1,2,-27.255731008497303,23.00759442311889,50.26332543161619,43.652498092921626,150.78997629484857,2,0,1,66.66666666666666,66.66666666666666,0.0,2.2557043496586684,23.00759442311889,2,0,0,0,0,0,0,COLLECTING
2026-07-20T05:10:21+00:00,PORTFOLIO,SHADOW_SCANNER_TOP5_LONG,GB40_R050,MFE_GIVEBACK,3,1,2,-27.255731008497303,13.22918958985805,40.48492059835535,26.354291815706567,121.45476179506605,2,0,1,66.66666666666666,66.66666666666666,0.0,1.7220203296765184,13.22918958985805,2,0,0,0,0,0,0,COLLECTING
2026-07-20T05:10:21+00:00,PORTFOLIO,SHADOW_SCANNER_TOP5_LONG,GB40_R100,MFE_GIVEBACK,3,1,2,-27.255731008497303,16.916567963552563,44.172298972049866,37.41642693679011,132.5168969161496,2,0,1,66.66666666666666,66.66666666666666,0.0,1.9232694032447162,16.916567963552563,2,0,0,0,0,0,0,COLLECTING
2026-07-20T05:10:21+00:00,PORTFOLIO,SHADOW_SCANNER_TOP5_LONG,GB50_R050,MFE_GIVEBACK,3,1,2,-27.255731008497303,10.825541503986281,38.08127251248359,31.180355780658605,114.24381753745075,2,0,1,66.66666666666666,66.66666666666666,0.0,1.5908344568307664,10.825541503986281,2,0,0,0,0,0,0,COLLECTING
2026-07-20T05:10:21+00:00,PORTFOLIO,SHADOW_SCANNER_TOP5_LONG,GB50_R100,MFE_GIVEBACK,3,1,2,-27.255731008497303,10.825541503986281,38.08127251248359,31.180355780658605,114.24381753745075,2,0,1,66.66666666666666,66.66666666666666,0.0,1.5908344568307664,10.825541503986281,2,0,0,0,0,0,0,COLLECTING
2026-07-20T05:10:21+00:00,PORTFOLIO,SHADOW_SCANNER_TOP5_LONG,TIME_12H,TIME_EXIT,2,0,2,-39.22469456850393,-38.02479521441397,1.199899354089954,1.199899354089954,2.399798708179908,1,1,0,50.0,0.0,0.0,0.0,-38.02479521441397,1,1,0,0,0,0,0,WAITING_FULL_SAMPLE
2026-07-20T05:10:21+00:00,PORTFOLIO,SHADOW_SCANNER_TOP5_LONG,TIME_24H,TIME_EXIT,2,0,2,-39.22469456850393,-38.02479521441397,1.199899354089954,1.199899354089954,2.399798708179908,1,1,0,50.0,0.0,0.0,0.0,-38.02479521441397,1,1,0,0,0,0,0,WAITING_FULL_SAMPLE
2026-07-20T05:10:21+00:00,PORTFOLIO,SHADOW_SCANNER_TOP5_LONG,TIME_6H,TIME_EXIT,2,0,2,-39.22469456850393,-20.231718171203582,18.992976397300346,18.992976397300346,37.98595279460069,2,0,0,100.0,0.0,0.0,0.0,-20.231718171203582,2,0,0,0,0,0,0,WAITING_FULL_SAMPLE
2026-07-20T05:10:21+00:00,PORTFOLIO,SHADOW_SCANNER_TOP5_LONG,TP_R050,FIXED_R,3,1,2,-27.255731008497303,-2.440250425284834,24.815480583212466,25.71859292672967,74.4464417496374,2,0,1,66.66666666666666,66.66666666666666,0.0,0.8668164512580452,-2.440250425284834,2,0,0,0,0,0,0,COLLECTING
2026-07-20T05:10:21+00:00,PORTFOLIO,SHADOW_SCANNER_TOP5_LONG,TP_R100,FIXED_R,3,1,2,-27.255731008497303,14.749089943276177,42.004820951773475,51.43718585346003,126.01446285532043,2,0,1,66.66666666666666,66.66666666666666,0.0,1.8049731777551126,14.749089943276177,2,0,0,0,0,0,0,COLLECTING
2026-07-20T05:10:21+00:00,PORTFOLIO,SHADOW_SCANNER_TOP5_LONG,TP_R150,FIXED_R,2,0,2,-39.22469456850393,10.988658021902616,50.213352590406544,50.213352590406544,100.42670518081309,1,0,1,50.0,50.0,0.0,1.399824667202046,10.988658021902616,1,0,0,0,0,0,0,WAITING_FULL_SAMPLE
2026-07-20T05:10:21+00:00,PORTFOLIO,SHADOW_SCANNER_TOP5_LONG,TP_R200,FIXED_R,2,0,2,-39.22469456850393,23.913372111378905,63.13806667988283,63.13806667988283,126.27613335976567,1,0,1,50.0,50.0,0.0,1.8700931475939502,23.913372111378905,1,0,0,0,0,0,0,WAITING_FULL_SAMPLE
