timestamp,event_type,trade_key,trade_id,portfolio,asset,side,scenario_id,scenario_version,reason,price,net_pnl_ex_funding_eur,quality,same_candle_ambiguous
2026-07-19T18:00:17+00:00,GROUP_CREATED,MAIN:3603c8e65b0aba771606,3603c8e65b0aba771606,MAIN,DOGE,SHORT,,block3-v1-r-matrix,PARTIAL_FROM_BLOCK3_ACTIVATION,0.072915414,,PARTIAL_FROM_BLOCK3_ACTIVATION,False
2026-07-19T18:00:17+00:00,GROUP_CREATED,MAIN:21f2d5474d779690b418,21f2d5474d779690b418,MAIN,HYPE,SHORT,,block3-v1-r-matrix,PARTIAL_FROM_BLOCK3_ACTIVATION,59.3601256,,PARTIAL_FROM_BLOCK3_ACTIVATION,False
2026-07-19T18:00:17+00:00,GROUP_CREATED,MAIN:d070633816425206a97a,d070633816425206a97a,MAIN,LAB,SHORT,,block3-v1-r-matrix,PARTIAL_FROM_BLOCK3_ACTIVATION,0.178412888,,PARTIAL_FROM_BLOCK3_ACTIVATION,False
2026-07-19T18:00:17+00:00,GROUP_CREATED,MAIN:b80347ed065bda3ef3d6,b80347ed065bda3ef3d6,MAIN,ZEC,LONG,,block3-v1-r-matrix,PARTIAL_FROM_BLOCK3_ACTIVATION,556.071192,,PARTIAL_FROM_BLOCK3_ACTIVATION,False
2026-07-19T18:00:17+00:00,GROUP_CREATED,SHADOW_1H_BALANCED:fd33761c5555d4d16336,fd33761c5555d4d16336,SHADOW_1H_BALANCED,LAB,SHORT,,block3-v1-r-matrix,PARTIAL_FROM_BLOCK3_ACTIVATION,0.18666793199999998,,PARTIAL_FROM_BLOCK3_ACTIVATION,False
2026-07-19T18:00:17+00:00,GROUP_CREATED,SHADOW_1H_BALANCED:9d41c715316fcfb54a11,9d41c715316fcfb54a11,SHADOW_1H_BALANCED,ONDO,LONG,,block3-v1-r-matrix,PARTIAL_FROM_BLOCK3_ACTIVATION,0.37612554,,PARTIAL_FROM_BLOCK3_ACTIVATION,False
2026-07-19T18:00:17+00:00,GROUP_CREATED,SHADOW_1H_BALANCED:468064adf0fe06a9f618,468064adf0fe06a9f618,SHADOW_1H_BALANCED,DOGE,SHORT,,block3-v1-r-matrix,PARTIAL_FROM_BLOCK3_ACTIVATION,0.07252645799999999,,PARTIAL_FROM_BLOCK3_ACTIVATION,False
2026-07-19T18:00:17+00:00,GROUP_CREATED,SHADOW_1H_BALANCED:298aa92b9da662a81dc6,298aa92b9da662a81dc6,SHADOW_1H_BALANCED,BANK,LONG,,block3-v1-r-matrix,PARTIAL_FROM_BLOCK3_ACTIVATION,0.19043808,,PARTIAL_FROM_BLOCK3_ACTIVATION,False
2026-07-19T18:00:17+00:00,GROUP_CREATED,SHADOW_1H_BALANCED_V2:98807a470ddca0cbbc6d,98807a470ddca0cbbc6d,SHADOW_1H_BALANCED_V2,LAB,SHORT,,block3-v1-r-matrix,PARTIAL_FROM_BLOCK3_ACTIVATION,0.18666793199999998,,PARTIAL_FROM_BLOCK3_ACTIVATION,False
2026-07-19T18:00:17+00:00,GROUP_CREATED,SHADOW_1H_BALANCED_V2:11026d624eadc3b6e26d,11026d624eadc3b6e26d,SHADOW_1H_BALANCED_V2,GRAM,SHORT,,block3-v1-r-matrix,PARTIAL_FROM_BLOCK3_ACTIVATION,1.49240402,,PARTIAL_FROM_BLOCK3_ACTIVATION,False
2026-07-19T18:00:17+00:00,GROUP_CREATED,SHADOW_1H_BALANCED_V2:826bb33b69c57667c328,826bb33b69c57667c328,SHADOW_1H_BALANCED_V2,PEPE,LONG,,block3-v1-r-matrix,PARTIAL_FROM_BLOCK3_ACTIVATION,2.83459974e-06,,PARTIAL_FROM_BLOCK3_ACTIVATION,False
2026-07-19T18:00:17+00:00,GROUP_CREATED,SHADOW_1H_BALANCED_V3:06086f30aa9de83c2ee1,06086f30aa9de83c2ee1,SHADOW_1H_BALANCED_V3,DOGE,SHORT,,block3-v1-r-matrix,PARTIAL_FROM_BLOCK3_ACTIVATION,0.072166674,,PARTIAL_FROM_BLOCK3_ACTIVATION,False
2026-07-19T18:00:17+00:00,GROUP_CREATED,SHADOW_1H_BALANCED_V3:9fe3ef0dfa1ffb0be646,9fe3ef0dfa1ffb0be646,SHADOW_1H_BALANCED_V3,ETH,LONG,,block3-v1-r-matrix,PARTIAL_FROM_BLOCK3_ACTIVATION,1867.193364,,PARTIAL_FROM_BLOCK3_ACTIVATION,False
2026-07-19T18:00:17+00:00,GROUP_CREATED,SHADOW_1H_BALANCED_V3:7b66eaef95fe2a181155,7b66eaef95fe2a181155,SHADOW_1H_BALANCED_V3,BANK,LONG,,block3-v1-r-matrix,PARTIAL_FROM_BLOCK3_ACTIVATION,0.195959184,,PARTIAL_FROM_BLOCK3_ACTIVATION,False
2026-07-19T18:00:17+00:00,GROUP_CREATED,SHADOW_1H_FAST:c7c280c14af51c0c228e,c7c280c14af51c0c228e,SHADOW_1H_FAST,LAB,SHORT,,block3-v1-r-matrix,PARTIAL_FROM_BLOCK3_ACTIVATION,0.188326936,,PARTIAL_FROM_BLOCK3_ACTIVATION,False
2026-07-19T18:00:17+00:00,GROUP_CREATED,SHADOW_1H_FAST:449806ecc5b0c184e37e,449806ecc5b0c184e37e,SHADOW_1H_FAST,ONDO,LONG,,block3-v1-r-matrix,PARTIAL_FROM_BLOCK3_ACTIVATION,0.37292361999999996,,PARTIAL_FROM_BLOCK3_ACTIVATION,False
2026-07-19T18:00:17+00:00,GROUP_CREATED,SHADOW_1H_FAST:2e6803ba7f81bc6fdaec,2e6803ba7f81bc6fdaec,SHADOW_1H_FAST,GRAM,SHORT,,block3-v1-r-matrix,PARTIAL_FROM_BLOCK3_ACTIVATION,1.49240402,,PARTIAL_FROM_BLOCK3_ACTIVATION,False
2026-07-19T18:00:17+00:00,GROUP_CREATED,SHADOW_1H_FAST:836face756c832a18402,836face756c832a18402,SHADOW_1H_FAST,PEPE,LONG,,block3-v1-r-matrix,PARTIAL_FROM_BLOCK3_ACTIVATION,2.84410544e-06,,PARTIAL_FROM_BLOCK3_ACTIVATION,False
2026-07-19T18:00:17+00:00,GROUP_CREATED,SHADOW_1H_FAST_V3:8685cf4a8cc66e45df7d,8685cf4a8cc66e45df7d,SHADOW_1H_FAST_V3,ETH,LONG,,block3-v1-r-matrix,PARTIAL_FROM_BLOCK3_ACTIVATION,1868.12355,,PARTIAL_FROM_BLOCK3_ACTIVATION,False
2026-07-19T18:00:17+00:00,GROUP_CREATED,SHADOW_1H_FAST_V3:30471117e67079913292,30471117e67079913292,SHADOW_1H_FAST_V3,PEPE,LONG,,block3-v1-r-matrix,PARTIAL_FROM_BLOCK3_ACTIVATION,2.8461066399999997e-06,,PARTIAL_FROM_BLOCK3_ACTIVATION,False
2026-07-19T18:00:17+00:00,GROUP_CREATED,SHADOW_1H_FAST_V3:f995653833b22f2fabf6,f995653833b22f2fabf6,SHADOW_1H_FAST_V3,BANK,LONG,,block3-v1-r-matrix,PARTIAL_FROM_BLOCK3_ACTIVATION,0.195959184,,PARTIAL_FROM_BLOCK3_ACTIVATION,False
2026-07-19T18:00:17+00:00,GROUP_CREATED,SHADOW_4H_WIDE:0e247b208a46fb3310c8,0e247b208a46fb3310c8,SHADOW_4H_WIDE,DOGE,SHORT,,block3-v1-r-matrix,PARTIAL_FROM_BLOCK3_ACTIVATION,0.072366554,,PARTIAL_FROM_BLOCK3_ACTIVATION,False
2026-07-19T18:00:17+00:00,GROUP_CREATED,SHADOW_4H_WIDE:2e309065d5a748860136,2e309065d5a748860136,SHADOW_4H_WIDE,ZEC,LONG,,block3-v1-r-matrix,PARTIAL_FROM_BLOCK3_ACTIVATION,522.364452,,PARTIAL_FROM_BLOCK3_ACTIVATION,False
2026-07-19T18:00:17+00:00,GROUP_CREATED,SHADOW_4H_WIDE:d83fe9c0d3eaec61fc74,d83fe9c0d3eaec61fc74,SHADOW_4H_WIDE,HYPE,SHORT,,block3-v1-r-matrix,PARTIAL_FROM_BLOCK3_ACTIVATION,59.3601256,,PARTIAL_FROM_BLOCK3_ACTIVATION,False
2026-07-19T18:00:17+00:00,GROUP_CREATED,SHADOW_4H_WIDE:5f4ca9a55e715fdcfb01,5f4ca9a55e715fdcfb01,SHADOW_4H_WIDE,AKE,LONG,,block3-v1-r-matrix,PARTIAL_FROM_BLOCK3_ACTIVATION,0.001875364998,,PARTIAL_FROM_BLOCK3_ACTIVATION,False
2026-07-19T18:00:17+00:00,GROUP_CREATED,SHADOW_RELATIVE_STRENGTH:0caf1ad5b641f8ca5bb2,0caf1ad5b641f8ca5bb2,SHADOW_RELATIVE_STRENGTH,NEAR,LONG,,block3-v1-r-matrix,PARTIAL_FROM_BLOCK3_ACTIVATION,2.0242138,,PARTIAL_FROM_BLOCK3_ACTIVATION,False
2026-07-19T18:00:17+00:00,GROUP_CREATED,SHADOW_RELATIVE_STRENGTH:30891ee60c130e69bd67,30891ee60c130e69bd67,SHADOW_RELATIVE_STRENGTH,ALLO,SHORT,,block3-v1-r-matrix,PARTIAL_FROM_BLOCK3_ACTIVATION,0.37581437599999995,,PARTIAL_FROM_BLOCK3_ACTIVATION,False
2026-07-19T18:00:17+00:00,GROUP_CREATED,SHADOW_RELATIVE_STRENGTH:f2594335c16986dd5a9f,f2594335c16986dd5a9f,SHADOW_RELATIVE_STRENGTH,PEPE,LONG,,block3-v1-r-matrix,PARTIAL_FROM_BLOCK3_ACTIVATION,2.8495698e-06,,PARTIAL_FROM_BLOCK3_ACTIVATION,False
2026-07-19T18:00:17+00:00,GROUP_CREATED,SHADOW_RELATIVE_STRENGTH:f10b088c507e33bb74d4,f10b088c507e33bb74d4,SHADOW_RELATIVE_STRENGTH,AKE,LONG,,block3-v1-r-matrix,PARTIAL_FROM_BLOCK3_ACTIVATION,0.001952430408,,PARTIAL_FROM_BLOCK3_ACTIVATION,False
2026-07-19T18:00:17+00:00,GROUP_CREATED,SHADOW_RELATIVE_STRENGTH_V2:129e23a12ad3a18b52c2,129e23a12ad3a18b52c2,SHADOW_RELATIVE_STRENGTH_V2,LAB,SHORT,,block3-v1-r-matrix,PARTIAL_FROM_BLOCK3_ACTIVATION,0.188326936,,PARTIAL_FROM_BLOCK3_ACTIVATION,False
2026-07-19T18:00:17+00:00,GROUP_CREATED,SHADOW_RELATIVE_STRENGTH_V2:c3fe3494b94c292ded25,c3fe3494b94c292ded25,SHADOW_RELATIVE_STRENGTH_V2,GRAM,SHORT,,block3-v1-r-matrix,PARTIAL_FROM_BLOCK3_ACTIVATION,1.47771284,,PARTIAL_FROM_BLOCK3_ACTIVATION,False
2026-07-19T18:00:17+00:00,GROUP_CREATED,SHADOW_RELATIVE_STRENGTH_V2:2ad0679ac9b0e6b66930,2ad0679ac9b0e6b66930,SHADOW_RELATIVE_STRENGTH_V2,PEPE,LONG,,block3-v1-r-matrix,PARTIAL_FROM_BLOCK3_ACTIVATION,2.83459974e-06,,PARTIAL_FROM_BLOCK3_ACTIVATION,False
2026-07-19T18:00:17+00:00,GROUP_CREATED,SHADOW_DONCHIAN_1H:1b6733b13e0fc443e91d,1b6733b13e0fc443e91d,SHADOW_DONCHIAN_1H,ETH,LONG,,block3-v1-r-matrix,PARTIAL_FROM_BLOCK3_ACTIVATION,1868.12355,,PARTIAL_FROM_BLOCK3_ACTIVATION,False
2026-07-19T18:00:17+00:00,GROUP_CREATED,SHADOW_BOLLINGER_MR_1H:b70f728a0f548b5c2825,b70f728a0f548b5c2825,SHADOW_BOLLINGER_MR_1H,LAB,LONG,,block3-v1-r-matrix,PARTIAL_FROM_BLOCK3_ACTIVATION,0.18881322,,PARTIAL_FROM_BLOCK3_ACTIVATION,False
2026-07-19T18:00:17+00:00,GROUP_CREATED,SHADOW_BOLLINGER_MR_1H:b0dad923388f88521bfc,b0dad923388f88521bfc,SHADOW_BOLLINGER_MR_1H,ETH,SHORT,,block3-v1-r-matrix,PARTIAL_FROM_BLOCK3_ACTIVATION,1867.37645,,PARTIAL_FROM_BLOCK3_ACTIVATION,False
2026-07-19T18:00:17+00:00,GROUP_CREATED,SHADOW_BOLLINGER_MR_1H:029345a1f6734b5948f6,029345a1f6734b5948f6,SHADOW_BOLLINGER_MR_1H,PEPE,SHORT,,block3-v1-r-matrix,PARTIAL_FROM_BLOCK3_ACTIVATION,2.8399949799999995e-06,,PARTIAL_FROM_BLOCK3_ACTIVATION,False
2026-07-19T18:00:17+00:00,GROUP_CREATED,SHADOW_EMA_TREND_1H:c8921eeac0b3fd738f4b,c8921eeac0b3fd738f4b,SHADOW_EMA_TREND_1H,NEAR,LONG,,block3-v1-r-matrix,PARTIAL_FROM_BLOCK3_ACTIVATION,2.0242138,,PARTIAL_FROM_BLOCK3_ACTIVATION,False
2026-07-19T18:00:17+00:00,GROUP_CREATED,SHADOW_EMA_TREND_1H:a4fea204efa567903d36,a4fea204efa567903d36,SHADOW_EMA_TREND_1H,ALLO,SHORT,,block3-v1-r-matrix,PARTIAL_FROM_BLOCK3_ACTIVATION,0.37581437599999995,,PARTIAL_FROM_BLOCK3_ACTIVATION,False
2026-07-19T18:00:17+00:00,GROUP_CREATED,SHADOW_EMA_TREND_1H:57570617bc0682124706,57570617bc0682124706,SHADOW_EMA_TREND_1H,HYPE,SHORT,,block3-v1-r-matrix,PARTIAL_FROM_BLOCK3_ACTIVATION,59.788039999999995,,PARTIAL_FROM_BLOCK3_ACTIVATION,False
2026-07-19T18:00:17+00:00,GROUP_CREATED,SHADOW_SCANNER_TOP5_LONG:4d19d108491b31cd808a,4d19d108491b31cd808a,SHADOW_SCANNER_TOP5_LONG,ONDO,LONG,,block3-v1-r-matrix,PARTIAL_FROM_BLOCK3_ACTIVATION,0.37282355999999994,,PARTIAL_FROM_BLOCK3_ACTIVATION,False
2026-07-19T18:00:17+00:00,GROUP_CREATED,SHADOW_SCANNER_TOP5_LONG:6c06f8b3f394984012ca,6c06f8b3f394984012ca,SHADOW_SCANNER_TOP5_LONG,ZEC,LONG,,block3-v1-r-matrix,PARTIAL_FROM_BLOCK3_ACTIVATION,556.251228,,PARTIAL_FROM_BLOCK3_ACTIVATION,False
2026-07-19T18:00:17+00:00,GROUP_CREATED,SHADOW_SCANNER_TOP5_LONG:6612d3224c737ed0aee6,6612d3224c737ed0aee6,SHADOW_SCANNER_TOP5_LONG,AKE,LONG,,block3-v1-r-matrix,PARTIAL_FROM_BLOCK3_ACTIVATION,0.001952430408,,PARTIAL_FROM_BLOCK3_ACTIVATION,False
2026-07-19T18:00:17+00:00,GROUP_CREATED,SHADOW_SCANNER_BOTTOM5_SHORT:6e4bc7d8fe9825a73b07,6e4bc7d8fe9825a73b07,SHADOW_SCANNER_BOTTOM5_SHORT,LAB,SHORT,,block3-v1-r-matrix,PARTIAL_FROM_BLOCK3_ACTIVATION,0.22090581,,PARTIAL_FROM_BLOCK3_ACTIVATION,False
2026-07-19T18:00:17+00:00,GROUP_CREATED,SHADOW_SCANNER_BOTTOM5_SHORT:8d623c7f4fd8dc80d917,8d623c7f4fd8dc80d917,SHADOW_SCANNER_BOTTOM5_SHORT,DOGE,SHORT,,block3-v1-r-matrix,PARTIAL_FROM_BLOCK3_ACTIVATION,0.072166674,,PARTIAL_FROM_BLOCK3_ACTIVATION,False
2026-07-19T18:00:17+00:00,GROUP_CREATED,SHADOW_SCANNER_TOP5_BTC:8c6a1ab9429abdd9f310,8c6a1ab9429abdd9f310,SHADOW_SCANNER_TOP5_BTC,NEAR,LONG,,block3-v1-r-matrix,PARTIAL_FROM_BLOCK3_ACTIVATION,2.0242138,,PARTIAL_FROM_BLOCK3_ACTIVATION,False
2026-07-19T18:00:17+00:00,GROUP_CREATED,SHADOW_SCANNER_TOP5_BTC:49d79208a7391977ddf8,49d79208a7391977ddf8,SHADOW_SCANNER_TOP5_BTC,ONDO,LONG,,block3-v1-r-matrix,PARTIAL_FROM_BLOCK3_ACTIVATION,0.37612554,,PARTIAL_FROM_BLOCK3_ACTIVATION,False
2026-07-19T18:00:17+00:00,GROUP_CREATED,SHADOW_SCANNER_TOP5_BTC:1a5a8b4ce63d128d4789,1a5a8b4ce63d128d4789,SHADOW_SCANNER_TOP5_BTC,ZEC,LONG,,block3-v1-r-matrix,PARTIAL_FROM_BLOCK3_ACTIVATION,556.251228,,PARTIAL_FROM_BLOCK3_ACTIVATION,False
2026-07-19T18:00:17+00:00,GROUP_CREATED,SHADOW_GLOBAL_PURE:2b1b7c8dfde05a33cba2,2b1b7c8dfde05a33cba2,SHADOW_GLOBAL_PURE,DOGE,SHORT,,block3-v1-r-matrix,PARTIAL_FROM_BLOCK3_ACTIVATION,0.072146686,,PARTIAL_FROM_BLOCK3_ACTIVATION,False
2026-07-19T18:00:17+00:00,GROUP_CREATED,SHADOW_COMBO_TREND:db9b1460d8d210a9c047,db9b1460d8d210a9c047,SHADOW_COMBO_TREND,ONDO,LONG,,block3-v1-r-matrix,PARTIAL_FROM_BLOCK3_ACTIVATION,0.37282355999999994,,PARTIAL_FROM_BLOCK3_ACTIVATION,False
2026-07-19T18:00:17+00:00,GROUP_CREATED,SHADOW_COMBO_TREND:a99845f8776315820491,a99845f8776315820491,SHADOW_COMBO_TREND,XRP,SHORT,,block3-v1-r-matrix,PARTIAL_FROM_BLOCK3_ACTIVATION,1.086892578,,PARTIAL_FROM_BLOCK3_ACTIVATION,False
2026-07-19T18:00:17+00:00,GROUP_CREATED,SHADOW_COMBO_TREND:3548a2c6c2d5cd515bde,3548a2c6c2d5cd515bde,SHADOW_COMBO_TREND,HYPE,SHORT,,block3-v1-r-matrix,PARTIAL_FROM_BLOCK3_ACTIVATION,59.788039999999995,,PARTIAL_FROM_BLOCK3_ACTIVATION,False
2026-07-19T18:00:17+00:00,GROUP_CREATED,SHADOW_COMBO_MEAN_REVERSION:154d05430e83c267279b,154d05430e83c267279b,SHADOW_COMBO_MEAN_REVERSION,LAB,LONG,,block3-v1-r-matrix,PARTIAL_FROM_BLOCK3_ACTIVATION,0.18881322,,PARTIAL_FROM_BLOCK3_ACTIVATION,False
2026-07-19T18:00:17+00:00,GROUP_CREATED,SHADOW_COMBO_SCANNER:44f7372816dfd3b14070,44f7372816dfd3b14070,SHADOW_COMBO_SCANNER,ONDO,LONG,,block3-v1-r-matrix,PARTIAL_FROM_BLOCK3_ACTIVATION,0.37282355999999994,,PARTIAL_FROM_BLOCK3_ACTIVATION,False
2026-07-19T18:00:17+00:00,GROUP_CREATED,SHADOW_COMBO_SCANNER:766af21a39def687662b,766af21a39def687662b,SHADOW_COMBO_SCANNER,DOGE,SHORT,,block3-v1-r-matrix,PARTIAL_FROM_BLOCK3_ACTIVATION,0.072146686,,PARTIAL_FROM_BLOCK3_ACTIVATION,False
2026-07-19T18:00:17+00:00,GROUP_CREATED,SHADOW_COMBO_SCANNER:3580905db4580c977e63,3580905db4580c977e63,SHADOW_COMBO_SCANNER,ZEC,LONG,,block3-v1-r-matrix,PARTIAL_FROM_BLOCK3_ACTIVATION,556.251228,,PARTIAL_FROM_BLOCK3_ACTIVATION,False
2026-07-19T18:00:17+00:00,GROUP_CREATED,SHADOW_COMBO_ADAPTIVE:03f8ff470e3537773ce3,03f8ff470e3537773ce3,SHADOW_COMBO_ADAPTIVE,ONDO,LONG,,block3-v1-r-matrix,PARTIAL_FROM_BLOCK3_ACTIVATION,0.37282355999999994,,PARTIAL_FROM_BLOCK3_ACTIVATION,False
2026-07-19T18:00:17+00:00,GROUP_CREATED,SHADOW_COMBO_ADAPTIVE:b6e51ff26a38ceeec76a,b6e51ff26a38ceeec76a,SHADOW_COMBO_ADAPTIVE,GRAM,SHORT,,block3-v1-r-matrix,PARTIAL_FROM_BLOCK3_ACTIVATION,1.4818103799999998,,PARTIAL_FROM_BLOCK3_ACTIVATION,False
2026-07-19T18:00:17+00:00,GROUP_CREATED,SHADOW_COMBO_ADAPTIVE:e24bb974d89c7b397783,e24bb974d89c7b397783,SHADOW_COMBO_ADAPTIVE,ETH,LONG,,block3-v1-r-matrix,PARTIAL_FROM_BLOCK3_ACTIVATION,1868.12355,,PARTIAL_FROM_BLOCK3_ACTIVATION,False
2026-07-19T18:00:17+00:00,GROUP_CREATED,SHADOW_COMBO_ADAPTIVE_MFE_TRAIL:104daefe5c5b4a87b425,104daefe5c5b4a87b425,SHADOW_COMBO_ADAPTIVE_MFE_TRAIL,ETH,LONG,,block3-v1-r-matrix,PARTIAL_FROM_BLOCK3_ACTIVATION,1868.12355,,PARTIAL_FROM_BLOCK3_ACTIVATION,False
2026-07-19T18:00:17+00:00,GROUP_CREATED,SHADOW_COMBO_ADAPTIVE_MFE_TRAIL:2a0a09cc4e08f85b5546,2a0a09cc4e08f85b5546,SHADOW_COMBO_ADAPTIVE_MFE_TRAIL,DOGE,SHORT,,block3-v1-r-matrix,PARTIAL_FROM_BLOCK3_ACTIVATION,0.07230658999999999,,PARTIAL_FROM_BLOCK3_ACTIVATION,False
2026-07-19T18:00:17+00:00,GROUP_CREATED,SHADOW_COMBO_ADAPTIVE_MFE_TRAIL:4cf861bb710bcf3bf38d,4cf861bb710bcf3bf38d,SHADOW_COMBO_ADAPTIVE_MFE_TRAIL,PEPE,LONG,,block3-v1-r-matrix,PARTIAL_FROM_BLOCK3_ACTIVATION,2.8406680200000002e-06,,PARTIAL_FROM_BLOCK3_ACTIVATION,False
2026-07-19T18:00:17+00:00,GROUP_CREATED,SHADOW_ETH_EMA_1H:92e85b0ded1759a8d49c,92e85b0ded1759a8d49c,SHADOW_ETH_EMA_1H,ETH,LONG,,block3-v1-r-matrix,PARTIAL_FROM_BLOCK3_ACTIVATION,1859.791884,,PARTIAL_FROM_BLOCK3_ACTIVATION,False
2026-07-19T18:00:17+00:00,GROUP_CREATED,SHADOW_ETH_DONCHIAN_1H:381e90a28b5667e6da8a,381e90a28b5667e6da8a,SHADOW_ETH_DONCHIAN_1H,ETH,LONG,,block3-v1-r-matrix,PARTIAL_FROM_BLOCK3_ACTIVATION,1868.12355,,PARTIAL_FROM_BLOCK3_ACTIVATION,False
2026-07-19T18:00:17+00:00,GROUP_CREATED,SHADOW_ETH_BOLLINGER_1H:d67d5109ffe8ab75ccf5,d67d5109ffe8ab75ccf5,SHADOW_ETH_BOLLINGER_1H,ETH,SHORT,,block3-v1-r-matrix,PARTIAL_FROM_BLOCK3_ACTIVATION,1867.37645,,PARTIAL_FROM_BLOCK3_ACTIVATION,False
2026-07-19T18:00:17+00:00,GROUP_CREATED,SHADOW_ETH_ADAPTIVE_1H:34565c88fa092eebf1e4,34565c88fa092eebf1e4,SHADOW_ETH_ADAPTIVE_1H,ETH,LONG,,block3-v1-r-matrix,PARTIAL_FROM_BLOCK3_ACTIVATION,1868.12355,,PARTIAL_FROM_BLOCK3_ACTIVATION,False
2026-07-19T18:00:17+00:00,GROUP_CREATED,SHADOW_DOGE_EMA_1H:5655f096562b61a5eda0,5655f096562b61a5eda0,SHADOW_DOGE_EMA_1H,DOGE,SHORT,,block3-v1-r-matrix,PARTIAL_FROM_BLOCK3_ACTIVATION,0.07215668,,PARTIAL_FROM_BLOCK3_ACTIVATION,False
2026-07-19T18:00:17+00:00,SHADOW_EXIT,MAIN:3603c8e65b0aba771606,3603c8e65b0aba771606,MAIN,DOGE,SHORT,TIME_6H,block3-v1-r-matrix,TIME_EXIT_MARK_ONLY,0.072283344,12.879718345598679,PARTIAL_FROM_BLOCK3_ACTIVATION,False
2026-07-19T18:00:17+00:00,SHADOW_EXIT,MAIN:3603c8e65b0aba771606,3603c8e65b0aba771606,MAIN,DOGE,SHORT,TIME_12H,block3-v1-r-matrix,TIME_EXIT_MARK_ONLY,0.072283344,12.879718345598679,PARTIAL_FROM_BLOCK3_ACTIVATION,False
2026-07-19T18:00:17+00:00,SHADOW_EXIT,MAIN:3603c8e65b0aba771606,3603c8e65b0aba771606,MAIN,DOGE,SHORT,TIME_24H,block3-v1-r-matrix,TIME_EXIT_MARK_ONLY,0.072283344,12.879718345598679,PARTIAL_FROM_BLOCK3_ACTIVATION,False
2026-07-19T18:00:17+00:00,SHADOW_EXIT,MAIN:21f2d5474d779690b418,21f2d5474d779690b418,MAIN,HYPE,SHORT,TIME_6H,block3-v1-r-matrix,TIME_EXIT_MARK_ONLY,60.827163,-24.36692701757889,PARTIAL_FROM_BLOCK3_ACTIVATION,False
2026-07-19T18:00:17+00:00,SHADOW_EXIT,MAIN:21f2d5474d779690b418,21f2d5474d779690b418,MAIN,HYPE,SHORT,TIME_12H,block3-v1-r-matrix,TIME_EXIT_MARK_ONLY,60.827163,-24.36692701757889,PARTIAL_FROM_BLOCK3_ACTIVATION,False
2026-07-19T18:00:17+00:00,SHADOW_EXIT,MAIN:21f2d5474d779690b418,21f2d5474d779690b418,MAIN,HYPE,SHORT,TIME_24H,block3-v1-r-matrix,TIME_EXIT_MARK_ONLY,60.827163,-24.36692701757889,PARTIAL_FROM_BLOCK3_ACTIVATION,False
2026-07-19T18:00:17+00:00,SHADOW_EXIT,MAIN:d070633816425206a97a,d070633816425206a97a,MAIN,LAB,SHORT,TIME_6H,block3-v1-r-matrix,TIME_EXIT_MARK_ONLY,0.17851993573279998,-0.735940733209794,PARTIAL_FROM_BLOCK3_ACTIVATION,False
2026-07-19T18:00:17+00:00,SHADOW_EXIT,MAIN:d070633816425206a97a,d070633816425206a97a,MAIN,LAB,SHORT,TIME_12H,block3-v1-r-matrix,TIME_EXIT_MARK_ONLY,0.17851993573279998,-0.735940733209794,PARTIAL_FROM_BLOCK3_ACTIVATION,False
2026-07-19T18:00:17+00:00,SHADOW_EXIT,MAIN:d070633816425206a97a,d070633816425206a97a,MAIN,LAB,SHORT,TIME_24H,block3-v1-r-matrix,TIME_EXIT_MARK_ONLY,0.17851993573279998,-0.735940733209794,PARTIAL_FROM_BLOCK3_ACTIVATION,False
2026-07-19T18:00:17+00:00,SHADOW_EXIT,MAIN:b80347ed065bda3ef3d6,b80347ed065bda3ef3d6,MAIN,ZEC,LONG,TIME_6H,block3-v1-r-matrix,TIME_EXIT_MARK_ONLY,551.219734,-8.748021308755172,PARTIAL_FROM_BLOCK3_ACTIVATION,False
2026-07-19T18:00:17+00:00,SHADOW_EXIT,MAIN:b80347ed065bda3ef3d6,b80347ed065bda3ef3d6,MAIN,ZEC,LONG,TIME_12H,block3-v1-r-matrix,TIME_EXIT_MARK_ONLY,551.219734,-8.748021308755172,PARTIAL_FROM_BLOCK3_ACTIVATION,False
2026-07-19T18:00:17+00:00,SHADOW_EXIT,MAIN:b80347ed065bda3ef3d6,b80347ed065bda3ef3d6,MAIN,ZEC,LONG,TIME_24H,block3-v1-r-matrix,TIME_EXIT_MARK_ONLY,551.219734,-8.748021308755172,PARTIAL_FROM_BLOCK3_ACTIVATION,False
2026-07-19T18:00:17+00:00,SHADOW_EXIT,SHADOW_1H_BALANCED:fd33761c5555d4d16336,fd33761c5555d4d16336,SHADOW_1H_BALANCED,LAB,SHORT,TIME_6H,block3-v1-r-matrix,TIME_EXIT_MARK_ONLY,0.18677993275919996,-0.7768898651216907,PARTIAL_FROM_BLOCK3_ACTIVATION,False
2026-07-19T18:00:17+00:00,SHADOW_EXIT,SHADOW_1H_BALANCED:fd33761c5555d4d16336,fd33761c5555d4d16336,SHADOW_1H_BALANCED,LAB,SHORT,TIME_12H,block3-v1-r-matrix,TIME_EXIT_MARK_ONLY,0.18677993275919996,-0.7768898651216907,PARTIAL_FROM_BLOCK3_ACTIVATION,False
2026-07-19T18:00:17+00:00,SHADOW_EXIT,SHADOW_1H_BALANCED:fd33761c5555d4d16336,fd33761c5555d4d16336,SHADOW_1H_BALANCED,LAB,SHORT,TIME_24H,block3-v1-r-matrix,TIME_EXIT_MARK_ONLY,0.18677993275919996,-0.7768898651216907,PARTIAL_FROM_BLOCK3_ACTIVATION,False
2026-07-19T18:00:17+00:00,SHADOW_EXIT,SHADOW_1H_BALANCED:9d41c715316fcfb54a11,9d41c715316fcfb54a11,SHADOW_1H_BALANCED,ONDO,LONG,TIME_6H,block3-v1-r-matrix,TIME_EXIT_MARK_ONLY,0.37589986467599995,-2.391153732575834,PARTIAL_FROM_BLOCK3_ACTIVATION,False
2026-07-19T18:00:17+00:00,SHADOW_EXIT,SHADOW_1H_BALANCED:9d41c715316fcfb54a11,9d41c715316fcfb54a11,SHADOW_1H_BALANCED,ONDO,LONG,TIME_12H,block3-v1-r-matrix,TIME_EXIT_MARK_ONLY,0.37589986467599995,-2.391153732575834,PARTIAL_FROM_BLOCK3_ACTIVATION,False
2026-07-19T18:00:17+00:00,SHADOW_EXIT,SHADOW_1H_BALANCED:9d41c715316fcfb54a11,9d41c715316fcfb54a11,SHADOW_1H_BALANCED,ONDO,LONG,TIME_24H,block3-v1-r-matrix,TIME_EXIT_MARK_ONLY,0.37589986467599995,-2.391153732575834,PARTIAL_FROM_BLOCK3_ACTIVATION,False
2026-07-19T18:00:17+00:00,SHADOW_EXIT,SHADOW_1H_BALANCED_V2:98807a470ddca0cbbc6d,98807a470ddca0cbbc6d,SHADOW_1H_BALANCED_V2,LAB,SHORT,TIME_6H,block3-v1-r-matrix,TIME_EXIT_MARK_ONLY,0.18677993275919996,-0.7545012201625306,PARTIAL_FROM_BLOCK3_ACTIVATION,False
2026-07-19T18:00:17+00:00,SHADOW_EXIT,SHADOW_1H_BALANCED_V2:98807a470ddca0cbbc6d,98807a470ddca0cbbc6d,SHADOW_1H_BALANCED_V2,LAB,SHORT,TIME_12H,block3-v1-r-matrix,TIME_EXIT_MARK_ONLY,0.18677993275919996,-0.7545012201625306,PARTIAL_FROM_BLOCK3_ACTIVATION,False
2026-07-19T18:00:17+00:00,SHADOW_EXIT,SHADOW_1H_BALANCED_V2:98807a470ddca0cbbc6d,98807a470ddca0cbbc6d,SHADOW_1H_BALANCED_V2,LAB,SHORT,TIME_24H,block3-v1-r-matrix,TIME_EXIT_MARK_ONLY,0.18677993275919996,-0.7545012201625306,PARTIAL_FROM_BLOCK3_ACTIVATION,False
2026-07-19T18:00:17+00:00,SHADOW_EXIT,SHADOW_1H_BALANCED_V2:11026d624eadc3b6e26d,11026d624eadc3b6e26d,SHADOW_1H_BALANCED_V2,GRAM,SHORT,TIME_6H,block3-v1-r-matrix,TIME_EXIT_MARK_ONLY,1.4932994624119997,-3.079651856650702,PARTIAL_FROM_BLOCK3_ACTIVATION,False
2026-07-19T18:00:17+00:00,SHADOW_EXIT,SHADOW_1H_BALANCED_V2:11026d624eadc3b6e26d,11026d624eadc3b6e26d,SHADOW_1H_BALANCED_V2,GRAM,SHORT,TIME_12H,block3-v1-r-matrix,TIME_EXIT_MARK_ONLY,1.4932994624119997,-3.079651856650702,PARTIAL_FROM_BLOCK3_ACTIVATION,False
2026-07-19T18:00:17+00:00,SHADOW_EXIT,SHADOW_1H_BALANCED_V2:11026d624eadc3b6e26d,11026d624eadc3b6e26d,SHADOW_1H_BALANCED_V2,GRAM,SHORT,TIME_24H,block3-v1-r-matrix,TIME_EXIT_MARK_ONLY,1.4932994624119997,-3.079651856650702,PARTIAL_FROM_BLOCK3_ACTIVATION,False
2026-07-19T18:00:17+00:00,SHADOW_EXIT,SHADOW_1H_BALANCED_V3:06086f30aa9de83c2ee1,06086f30aa9de83c2ee1,SHADOW_1H_BALANCED_V3,DOGE,SHORT,TIME_6H,block3-v1-r-matrix,TIME_EXIT_MARK_ONLY,0.072283344,-9.783486823386983,PARTIAL_FROM_BLOCK3_ACTIVATION,False
2026-07-19T18:00:17+00:00,SHADOW_EXIT,SHADOW_1H_BALANCED_V3:06086f30aa9de83c2ee1,06086f30aa9de83c2ee1,SHADOW_1H_BALANCED_V3,DOGE,SHORT,TIME_12H,block3-v1-r-matrix,TIME_EXIT_MARK_ONLY,0.072283344,-9.783486823386983,PARTIAL_FROM_BLOCK3_ACTIVATION,False
2026-07-19T18:00:17+00:00,SHADOW_EXIT,SHADOW_1H_BALANCED_V3:06086f30aa9de83c2ee1,06086f30aa9de83c2ee1,SHADOW_1H_BALANCED_V3,DOGE,SHORT,TIME_24H,block3-v1-r-matrix,TIME_EXIT_MARK_ONLY,0.072283344,-9.783486823386983,PARTIAL_FROM_BLOCK3_ACTIVATION,False
2026-07-19T18:00:17+00:00,SHADOW_EXIT,SHADOW_1H_FAST:c7c280c14af51c0c228e,c7c280c14af51c0c228e,SHADOW_1H_FAST,LAB,SHORT,TIME_6H,block3-v1-r-matrix,TIME_EXIT_MARK_ONLY,0.1884399321616,-1.0577913518810618,PARTIAL_FROM_BLOCK3_ACTIVATION,False
2026-07-19T18:00:17+00:00,SHADOW_EXIT,SHADOW_1H_FAST:c7c280c14af51c0c228e,c7c280c14af51c0c228e,SHADOW_1H_FAST,LAB,SHORT,TIME_12H,block3-v1-r-matrix,TIME_EXIT_MARK_ONLY,0.1884399321616,-1.0577913518810618,PARTIAL_FROM_BLOCK3_ACTIVATION,False
2026-07-19T18:00:17+00:00,SHADOW_EXIT,SHADOW_1H_FAST:c7c280c14af51c0c228e,c7c280c14af51c0c228e,SHADOW_1H_FAST,LAB,SHORT,TIME_24H,block3-v1-r-matrix,TIME_EXIT_MARK_ONLY,0.1884399321616,-1.0577913518810618,PARTIAL_FROM_BLOCK3_ACTIVATION,False
2026-07-19T18:00:17+00:00,SHADOW_EXIT,SHADOW_1H_FAST:449806ecc5b0c184e37e,449806ecc5b0c184e37e,SHADOW_1H_FAST,ONDO,LONG,TIME_6H,block3-v1-r-matrix,TIME_EXIT_MARK_ONLY,0.37269986582799997,-3.135830560568018,PARTIAL_FROM_BLOCK3_ACTIVATION,False
2026-07-19T18:00:17+00:00,SHADOW_EXIT,SHADOW_1H_FAST:449806ecc5b0c184e37e,449806ecc5b0c184e37e,SHADOW_1H_FAST,ONDO,LONG,TIME_12H,block3-v1-r-matrix,TIME_EXIT_MARK_ONLY,0.37269986582799997,-3.135830560568018,PARTIAL_FROM_BLOCK3_ACTIVATION,False
2026-07-19T18:00:17+00:00,SHADOW_EXIT,SHADOW_1H_FAST:449806ecc5b0c184e37e,449806ecc5b0c184e37e,SHADOW_1H_FAST,ONDO,LONG,TIME_24H,block3-v1-r-matrix,TIME_EXIT_MARK_ONLY,0.37269986582799997,-3.135830560568018,PARTIAL_FROM_BLOCK3_ACTIVATION,False
2026-07-19T18:00:17+00:00,SHADOW_EXIT,SHADOW_1H_FAST:2e6803ba7f81bc6fdaec,2e6803ba7f81bc6fdaec,SHADOW_1H_FAST,GRAM,SHORT,TIME_6H,block3-v1-r-matrix,TIME_EXIT_MARK_ONLY,1.4932994624119997,-4.090311920518723,PARTIAL_FROM_BLOCK3_ACTIVATION,False
2026-07-19T18:00:17+00:00,SHADOW_EXIT,SHADOW_1H_FAST:2e6803ba7f81bc6fdaec,2e6803ba7f81bc6fdaec,SHADOW_1H_FAST,GRAM,SHORT,TIME_12H,block3-v1-r-matrix,TIME_EXIT_MARK_ONLY,1.4932994624119997,-4.090311920518723,PARTIAL_FROM_BLOCK3_ACTIVATION,False
2026-07-19T18:00:17+00:00,SHADOW_EXIT,SHADOW_1H_FAST:2e6803ba7f81bc6fdaec,2e6803ba7f81bc6fdaec,SHADOW_1H_FAST,GRAM,SHORT,TIME_24H,block3-v1-r-matrix,TIME_EXIT_MARK_ONLY,1.4932994624119997,-4.090311920518723,PARTIAL_FROM_BLOCK3_ACTIVATION,False
2026-07-19T18:00:17+00:00,SHADOW_EXIT,SHADOW_1H_FAST_V3:8685cf4a8cc66e45df7d,8685cf4a8cc66e45df7d,SHADOW_1H_FAST_V3,ETH,LONG,TIME_6H,block3-v1-r-matrix,TIME_EXIT_MARK_ONLY,1866.206684,-9.89674990244972,PARTIAL_FROM_BLOCK3_ACTIVATION,False
2026-07-19T18:00:17+00:00,SHADOW_EXIT,SHADOW_1H_FAST_V3:8685cf4a8cc66e45df7d,8685cf4a8cc66e45df7d,SHADOW_1H_FAST_V3,ETH,LONG,TIME_12H,block3-v1-r-matrix,TIME_EXIT_MARK_ONLY,1866.206684,-9.89674990244972,PARTIAL_FROM_BLOCK3_ACTIVATION,False
2026-07-19T18:00:17+00:00,SHADOW_EXIT,SHADOW_1H_FAST_V3:30471117e67079913292,30471117e67079913292,SHADOW_1H_FAST_V3,PEPE,LONG,TIME_6H,block3-v1-r-matrix,TIME_EXIT_MARK_ONLY,2.8319335e-06,-24.68478443602805,PARTIAL_FROM_BLOCK3_ACTIVATION,False
2026-07-19T18:00:17+00:00,SHADOW_EXIT,SHADOW_4H_WIDE:0e247b208a46fb3310c8,0e247b208a46fb3310c8,SHADOW_4H_WIDE,DOGE,SHORT,TIME_6H,block3-v1-r-matrix,TIME_EXIT_MARK_ONLY,0.072283344,-0.0642595178450649,PARTIAL_FROM_BLOCK3_ACTIVATION,False
2026-07-19T18:00:17+00:00,SHADOW_EXIT,SHADOW_4H_WIDE:0e247b208a46fb3310c8,0e247b208a46fb3310c8,SHADOW_4H_WIDE,DOGE,SHORT,TIME_12H,block3-v1-r-matrix,TIME_EXIT_MARK_ONLY,0.072283344,-0.0642595178450649,PARTIAL_FROM_BLOCK3_ACTIVATION,False
2026-07-19T18:00:17+00:00,SHADOW_EXIT,SHADOW_4H_WIDE:0e247b208a46fb3310c8,0e247b208a46fb3310c8,SHADOW_4H_WIDE,DOGE,SHORT,TIME_24H,block3-v1-r-matrix,TIME_EXIT_MARK_ONLY,0.072283344,-0.0642595178450649,PARTIAL_FROM_BLOCK3_ACTIVATION,False
2026-07-19T18:00:17+00:00,SHADOW_EXIT,SHADOW_4H_WIDE:2e309065d5a748860136,2e309065d5a748860136,SHADOW_4H_WIDE,ZEC,LONG,TIME_6H,block3-v1-r-matrix,TIME_EXIT_MARK_ONLY,551.219734,35.9174876800747,PARTIAL_FROM_BLOCK3_ACTIVATION,False
2026-07-19T18:00:17+00:00,SHADOW_EXIT,SHADOW_4H_WIDE:2e309065d5a748860136,2e309065d5a748860136,SHADOW_4H_WIDE,ZEC,LONG,TIME_12H,block3-v1-r-matrix,TIME_EXIT_MARK_ONLY,551.219734,35.9174876800747,PARTIAL_FROM_BLOCK3_ACTIVATION,False
2026-07-19T18:00:17+00:00,SHADOW_EXIT,SHADOW_4H_WIDE:2e309065d5a748860136,2e309065d5a748860136,SHADOW_4H_WIDE,ZEC,LONG,TIME_24H,block3-v1-r-matrix,TIME_EXIT_MARK_ONLY,551.219734,35.9174876800747,PARTIAL_FROM_BLOCK3_ACTIVATION,False
2026-07-19T18:00:17+00:00,SHADOW_EXIT,SHADOW_4H_WIDE:d83fe9c0d3eaec61fc74,d83fe9c0d3eaec61fc74,SHADOW_4H_WIDE,HYPE,SHORT,TIME_6H,block3-v1-r-matrix,TIME_EXIT_MARK_ONLY,60.827163,-19.06819645427655,PARTIAL_FROM_BLOCK3_ACTIVATION,False
2026-07-19T18:00:17+00:00,SHADOW_EXIT,SHADOW_4H_WIDE:d83fe9c0d3eaec61fc74,d83fe9c0d3eaec61fc74,SHADOW_4H_WIDE,HYPE,SHORT,TIME_12H,block3-v1-r-matrix,TIME_EXIT_MARK_ONLY,60.827163,-19.06819645427655,PARTIAL_FROM_BLOCK3_ACTIVATION,False
2026-07-19T18:00:17+00:00,SHADOW_EXIT,SHADOW_4H_WIDE:d83fe9c0d3eaec61fc74,d83fe9c0d3eaec61fc74,SHADOW_4H_WIDE,HYPE,SHORT,TIME_24H,block3-v1-r-matrix,TIME_EXIT_MARK_ONLY,60.827163,-19.06819645427655,PARTIAL_FROM_BLOCK3_ACTIVATION,False
2026-07-19T18:00:17+00:00,SHADOW_EXIT,SHADOW_RELATIVE_STRENGTH:0caf1ad5b641f8ca5bb2,0caf1ad5b641f8ca5bb2,SHADOW_RELATIVE_STRENGTH,NEAR,LONG,TIME_6H,block3-v1-r-matrix,TIME_EXIT_MARK_ONLY,2.02299927172,-3.541874882655362,PARTIAL_FROM_BLOCK3_ACTIVATION,False
2026-07-19T18:00:17+00:00,SHADOW_EXIT,SHADOW_RELATIVE_STRENGTH:0caf1ad5b641f8ca5bb2,0caf1ad5b641f8ca5bb2,SHADOW_RELATIVE_STRENGTH,NEAR,LONG,TIME_12H,block3-v1-r-matrix,TIME_EXIT_MARK_ONLY,2.02299927172,-3.541874882655362,PARTIAL_FROM_BLOCK3_ACTIVATION,False
2026-07-19T18:00:17+00:00,SHADOW_EXIT,SHADOW_RELATIVE_STRENGTH:0caf1ad5b641f8ca5bb2,0caf1ad5b641f8ca5bb2,SHADOW_RELATIVE_STRENGTH,NEAR,LONG,TIME_24H,block3-v1-r-matrix,TIME_EXIT_MARK_ONLY,2.02299927172,-3.541874882655362,PARTIAL_FROM_BLOCK3_ACTIVATION,False
2026-07-19T18:00:17+00:00,SHADOW_EXIT,SHADOW_RELATIVE_STRENGTH:30891ee60c130e69bd67,30891ee60c130e69bd67,SHADOW_RELATIVE_STRENGTH,ALLO,SHORT,TIME_6H,block3-v1-r-matrix,TIME_EXIT_MARK_ONLY,0.3760398646255999,-1.1862046228779617,PARTIAL_FROM_BLOCK3_ACTIVATION,False
2026-07-19T18:00:17+00:00,SHADOW_EXIT,SHADOW_RELATIVE_STRENGTH:30891ee60c130e69bd67,30891ee60c130e69bd67,SHADOW_RELATIVE_STRENGTH,ALLO,SHORT,TIME_12H,block3-v1-r-matrix,TIME_EXIT_MARK_ONLY,0.3760398646255999,-1.1862046228779617,PARTIAL_FROM_BLOCK3_ACTIVATION,False
2026-07-19T18:00:17+00:00,SHADOW_EXIT,SHADOW_RELATIVE_STRENGTH:30891ee60c130e69bd67,30891ee60c130e69bd67,SHADOW_RELATIVE_STRENGTH,ALLO,SHORT,TIME_24H,block3-v1-r-matrix,TIME_EXIT_MARK_ONLY,0.3760398646255999,-1.1862046228779617,PARTIAL_FROM_BLOCK3_ACTIVATION,False
2026-07-19T18:00:17+00:00,SHADOW_EXIT,SHADOW_RELATIVE_STRENGTH_V2:129e23a12ad3a18b52c2,129e23a12ad3a18b52c2,SHADOW_RELATIVE_STRENGTH_V2,LAB,SHORT,TIME_6H,block3-v1-r-matrix,TIME_EXIT_MARK_ONLY,0.1884399321616,-0.8021599288968541,PARTIAL_FROM_BLOCK3_ACTIVATION,False
2026-07-19T18:00:17+00:00,SHADOW_EXIT,SHADOW_RELATIVE_STRENGTH_V2:129e23a12ad3a18b52c2,129e23a12ad3a18b52c2,SHADOW_RELATIVE_STRENGTH_V2,LAB,SHORT,TIME_12H,block3-v1-r-matrix,TIME_EXIT_MARK_ONLY,0.1884399321616,-0.8021599288968541,PARTIAL_FROM_BLOCK3_ACTIVATION,False
2026-07-19T18:00:17+00:00,SHADOW_EXIT,SHADOW_RELATIVE_STRENGTH_V2:129e23a12ad3a18b52c2,129e23a12ad3a18b52c2,SHADOW_RELATIVE_STRENGTH_V2,LAB,SHORT,TIME_24H,block3-v1-r-matrix,TIME_EXIT_MARK_ONLY,0.1884399321616,-0.8021599288968541,PARTIAL_FROM_BLOCK3_ACTIVATION,False
2026-07-19T18:00:17+00:00,SHADOW_EXIT,SHADOW_RELATIVE_STRENGTH_V2:c3fe3494b94c292ded25,c3fe3494b94c292ded25,SHADOW_RELATIVE_STRENGTH_V2,GRAM,SHORT,TIME_6H,block3-v1-r-matrix,TIME_EXIT_MARK_ONLY,1.4785994677039997,-3.138155800668293,PARTIAL_FROM_BLOCK3_ACTIVATION,False
2026-07-19T18:00:17+00:00,SHADOW_EXIT,SHADOW_RELATIVE_STRENGTH_V2:c3fe3494b94c292ded25,c3fe3494b94c292ded25,SHADOW_RELATIVE_STRENGTH_V2,GRAM,SHORT,TIME_12H,block3-v1-r-matrix,TIME_EXIT_MARK_ONLY,1.4785994677039997,-3.138155800668293,PARTIAL_FROM_BLOCK3_ACTIVATION,False
2026-07-19T18:00:17+00:00,SHADOW_EXIT,SHADOW_RELATIVE_STRENGTH_V2:c3fe3494b94c292ded25,c3fe3494b94c292ded25,SHADOW_RELATIVE_STRENGTH_V2,GRAM,SHORT,TIME_24H,block3-v1-r-matrix,TIME_EXIT_MARK_ONLY,1.4785994677039997,-3.138155800668293,PARTIAL_FROM_BLOCK3_ACTIVATION,False
2026-07-19T18:00:17+00:00,SHADOW_EXIT,SHADOW_DONCHIAN_1H:1b6733b13e0fc443e91d,1b6733b13e0fc443e91d,SHADOW_DONCHIAN_1H,ETH,LONG,TIME_6H,block3-v1-r-matrix,TIME_EXIT_MARK_ONLY,1866.206684,-7.056839347500918,PARTIAL_FROM_BLOCK3_ACTIVATION,False
2026-07-19T18:00:17+00:00,SHADOW_EXIT,SHADOW_DONCHIAN_1H:1b6733b13e0fc443e91d,1b6733b13e0fc443e91d,SHADOW_DONCHIAN_1H,ETH,LONG,TIME_12H,block3-v1-r-matrix,TIME_EXIT_MARK_ONLY,1866.206684,-7.056839347500918,PARTIAL_FROM_BLOCK3_ACTIVATION,False
2026-07-19T18:00:17+00:00,SHADOW_EXIT,SHADOW_BOLLINGER_MR_1H:b70f728a0f548b5c2825,b70f728a0f548b5c2825,SHADOW_BOLLINGER_MR_1H,LAB,LONG,TIME_6H,block3-v1-r-matrix,TIME_EXIT_MARK_ONLY,0.188699932068,-0.9983593732082342,PARTIAL_FROM_BLOCK3_ACTIVATION,False
2026-07-19T18:00:17+00:00,SHADOW_EXIT,SHADOW_BOLLINGER_MR_1H:b70f728a0f548b5c2825,b70f728a0f548b5c2825,SHADOW_BOLLINGER_MR_1H,LAB,LONG,TIME_12H,block3-v1-r-matrix,TIME_EXIT_MARK_ONLY,0.188699932068,-0.9983593732082342,PARTIAL_FROM_BLOCK3_ACTIVATION,False
2026-07-19T18:00:17+00:00,SHADOW_EXIT,SHADOW_BOLLINGER_MR_1H:b70f728a0f548b5c2825,b70f728a0f548b5c2825,SHADOW_BOLLINGER_MR_1H,LAB,LONG,TIME_24H,block3-v1-r-matrix,TIME_EXIT_MARK_ONLY,0.188699932068,-0.9983593732082342,PARTIAL_FROM_BLOCK3_ACTIVATION,False
2026-07-19T18:00:17+00:00,SHADOW_EXIT,SHADOW_BOLLINGER_MR_1H:b0dad923388f88521bfc,b0dad923388f88521bfc,SHADOW_BOLLINGER_MR_1H,ETH,SHORT,TIME_6H,block3-v1-r-matrix,TIME_EXIT_MARK_ONLY,1866.9533159999999,-3.8928008540979113,PARTIAL_FROM_BLOCK3_ACTIVATION,False
2026-07-19T18:00:17+00:00,SHADOW_EXIT,SHADOW_BOLLINGER_MR_1H:b0dad923388f88521bfc,b0dad923388f88521bfc,SHADOW_BOLLINGER_MR_1H,ETH,SHORT,TIME_12H,block3-v1-r-matrix,TIME_EXIT_MARK_ONLY,1866.9533159999999,-3.8928008540979113,PARTIAL_FROM_BLOCK3_ACTIVATION,False
2026-07-19T18:00:17+00:00,SHADOW_EXIT,SHADOW_BOLLINGER_MR_1H:029345a1f6734b5948f6,029345a1f6734b5948f6,SHADOW_BOLLINGER_MR_1H,PEPE,SHORT,TIME_6H,block3-v1-r-matrix,TIME_EXIT_MARK_ONLY,2.8330665e-06,4.901361588518891,PARTIAL_FROM_BLOCK3_ACTIVATION,False
2026-07-19T18:00:17+00:00,SHADOW_EXIT,SHADOW_EMA_TREND_1H:c8921eeac0b3fd738f4b,c8921eeac0b3fd738f4b,SHADOW_EMA_TREND_1H,NEAR,LONG,TIME_6H,block3-v1-r-matrix,TIME_EXIT_MARK_ONLY,2.02299927172,-3.1436228479788664,PARTIAL_FROM_BLOCK3_ACTIVATION,False
2026-07-19T18:00:17+00:00,SHADOW_EXIT,SHADOW_EMA_TREND_1H:c8921eeac0b3fd738f4b,c8921eeac0b3fd738f4b,SHADOW_EMA_TREND_1H,NEAR,LONG,TIME_12H,block3-v1-r-matrix,TIME_EXIT_MARK_ONLY,2.02299927172,-3.1436228479788664,PARTIAL_FROM_BLOCK3_ACTIVATION,False
2026-07-19T18:00:17+00:00,SHADOW_EXIT,SHADOW_EMA_TREND_1H:c8921eeac0b3fd738f4b,c8921eeac0b3fd738f4b,SHADOW_EMA_TREND_1H,NEAR,LONG,TIME_24H,block3-v1-r-matrix,TIME_EXIT_MARK_ONLY,2.02299927172,-3.1436228479788664,PARTIAL_FROM_BLOCK3_ACTIVATION,False
2026-07-19T18:00:17+00:00,SHADOW_EXIT,SHADOW_EMA_TREND_1H:a4fea204efa567903d36,a4fea204efa567903d36,SHADOW_EMA_TREND_1H,ALLO,SHORT,TIME_6H,block3-v1-r-matrix,TIME_EXIT_MARK_ONLY,0.3760398646255999,-1.052575429395718,PARTIAL_FROM_BLOCK3_ACTIVATION,False
2026-07-19T18:00:17+00:00,SHADOW_EXIT,SHADOW_EMA_TREND_1H:a4fea204efa567903d36,a4fea204efa567903d36,SHADOW_EMA_TREND_1H,ALLO,SHORT,TIME_12H,block3-v1-r-matrix,TIME_EXIT_MARK_ONLY,0.3760398646255999,-1.052575429395718,PARTIAL_FROM_BLOCK3_ACTIVATION,False
2026-07-19T18:00:17+00:00,SHADOW_EXIT,SHADOW_EMA_TREND_1H:a4fea204efa567903d36,a4fea204efa567903d36,SHADOW_EMA_TREND_1H,ALLO,SHORT,TIME_24H,block3-v1-r-matrix,TIME_EXIT_MARK_ONLY,0.3760398646255999,-1.052575429395718,PARTIAL_FROM_BLOCK3_ACTIVATION,False
2026-07-19T18:00:17+00:00,SHADOW_EXIT,SHADOW_EMA_TREND_1H:57570617bc0682124706,57570617bc0682124706,SHADOW_EMA_TREND_1H,HYPE,SHORT,TIME_6H,block3-v1-r-matrix,TIME_EXIT_MARK_ONLY,60.827163,-34.36357037228502,PARTIAL_FROM_BLOCK3_ACTIVATION,False
2026-07-19T18:00:17+00:00,SHADOW_EXIT,SHADOW_EMA_TREND_1H:57570617bc0682124706,57570617bc0682124706,SHADOW_EMA_TREND_1H,HYPE,SHORT,TIME_12H,block3-v1-r-matrix,TIME_EXIT_MARK_ONLY,60.827163,-34.36357037228502,PARTIAL_FROM_BLOCK3_ACTIVATION,False
2026-07-19T18:00:17+00:00,SHADOW_EXIT,SHADOW_EMA_TREND_1H:57570617bc0682124706,57570617bc0682124706,SHADOW_EMA_TREND_1H,HYPE,SHORT,TIME_24H,block3-v1-r-matrix,TIME_EXIT_MARK_ONLY,60.827163,-34.36357037228502,PARTIAL_FROM_BLOCK3_ACTIVATION,False
2026-07-19T18:00:17+00:00,SHADOW_EXIT,SHADOW_SCANNER_TOP5_LONG:4d19d108491b31cd808a,4d19d108491b31cd808a,SHADOW_SCANNER_TOP5_LONG,ONDO,LONG,TIME_6H,block3-v1-r-matrix,TIME_EXIT_MARK_ONLY,0.3725998658639999,-2.2512918193616565,PARTIAL_FROM_BLOCK3_ACTIVATION,False
2026-07-19T18:00:17+00:00,SHADOW_EXIT,SHADOW_SCANNER_TOP5_LONG:4d19d108491b31cd808a,4d19d108491b31cd808a,SHADOW_SCANNER_TOP5_LONG,ONDO,LONG,TIME_12H,block3-v1-r-matrix,TIME_EXIT_MARK_ONLY,0.3725998658639999,-2.2512918193616565,PARTIAL_FROM_BLOCK3_ACTIVATION,False
2026-07-19T18:00:17+00:00,SHADOW_EXIT,SHADOW_SCANNER_TOP5_LONG:4d19d108491b31cd808a,4d19d108491b31cd808a,SHADOW_SCANNER_TOP5_LONG,ONDO,LONG,TIME_24H,block3-v1-r-matrix,TIME_EXIT_MARK_ONLY,0.3725998658639999,-2.2512918193616565,PARTIAL_FROM_BLOCK3_ACTIVATION,False
2026-07-19T18:00:17+00:00,SHADOW_EXIT,SHADOW_SCANNER_TOP5_LONG:6c06f8b3f394984012ca,6c06f8b3f394984012ca,SHADOW_SCANNER_TOP5_LONG,ZEC,LONG,TIME_6H,block3-v1-r-matrix,TIME_EXIT_MARK_ONLY,551.219734,-23.747149650497335,PARTIAL_FROM_BLOCK3_ACTIVATION,False
2026-07-19T18:00:17+00:00,SHADOW_EXIT,SHADOW_SCANNER_TOP5_LONG:6c06f8b3f394984012ca,6c06f8b3f394984012ca,SHADOW_SCANNER_TOP5_LONG,ZEC,LONG,TIME_12H,block3-v1-r-matrix,TIME_EXIT_MARK_ONLY,551.219734,-23.747149650497335,PARTIAL_FROM_BLOCK3_ACTIVATION,False
2026-07-19T18:00:17+00:00,SHADOW_EXIT,SHADOW_SCANNER_TOP5_LONG:6c06f8b3f394984012ca,6c06f8b3f394984012ca,SHADOW_SCANNER_TOP5_LONG,ZEC,LONG,TIME_24H,block3-v1-r-matrix,TIME_EXIT_MARK_ONLY,551.219734,-23.747149650497335,PARTIAL_FROM_BLOCK3_ACTIVATION,False
2026-07-19T18:00:17+00:00,SHADOW_EXIT,SHADOW_SCANNER_BOTTOM5_SHORT:6e4bc7d8fe9825a73b07,6e4bc7d8fe9825a73b07,SHADOW_SCANNER_BOTTOM5_SHORT,LAB,SHORT,TIME_6H,block3-v1-r-matrix,TIME_EXIT_MARK_ONLY,0.22103835348599998,-0.7537615277578589,PARTIAL_FROM_BLOCK3_ACTIVATION,False
2026-07-19T18:00:17+00:00,SHADOW_EXIT,SHADOW_SCANNER_BOTTOM5_SHORT:6e4bc7d8fe9825a73b07,6e4bc7d8fe9825a73b07,SHADOW_SCANNER_BOTTOM5_SHORT,LAB,SHORT,TIME_12H,block3-v1-r-matrix,TIME_EXIT_MARK_ONLY,0.22103835348599998,-0.7537615277578589,PARTIAL_FROM_BLOCK3_ACTIVATION,False
2026-07-19T18:00:17+00:00,SHADOW_EXIT,SHADOW_SCANNER_BOTTOM5_SHORT:6e4bc7d8fe9825a73b07,6e4bc7d8fe9825a73b07,SHADOW_SCANNER_BOTTOM5_SHORT,LAB,SHORT,TIME_24H,block3-v1-r-matrix,TIME_EXIT_MARK_ONLY,0.22103835348599998,-0.7537615277578589,PARTIAL_FROM_BLOCK3_ACTIVATION,False
2026-07-19T18:00:17+00:00,SHADOW_EXIT,SHADOW_SCANNER_BOTTOM5_SHORT:8d623c7f4fd8dc80d917,8d623c7f4fd8dc80d917,SHADOW_SCANNER_BOTTOM5_SHORT,DOGE,SHORT,TIME_6H,block3-v1-r-matrix,TIME_EXIT_MARK_ONLY,0.072283344,-9.812332947212914,PARTIAL_FROM_BLOCK3_ACTIVATION,False
2026-07-19T18:00:17+00:00,SHADOW_EXIT,SHADOW_SCANNER_BOTTOM5_SHORT:8d623c7f4fd8dc80d917,8d623c7f4fd8dc80d917,SHADOW_SCANNER_BOTTOM5_SHORT,DOGE,SHORT,TIME_12H,block3-v1-r-matrix,TIME_EXIT_MARK_ONLY,0.072283344,-9.812332947212914,PARTIAL_FROM_BLOCK3_ACTIVATION,False
2026-07-19T18:00:17+00:00,SHADOW_EXIT,SHADOW_SCANNER_BOTTOM5_SHORT:8d623c7f4fd8dc80d917,8d623c7f4fd8dc80d917,SHADOW_SCANNER_BOTTOM5_SHORT,DOGE,SHORT,TIME_24H,block3-v1-r-matrix,TIME_EXIT_MARK_ONLY,0.072283344,-9.812332947212914,PARTIAL_FROM_BLOCK3_ACTIVATION,False
2026-07-19T18:00:17+00:00,SHADOW_EXIT,SHADOW_SCANNER_TOP5_BTC:8c6a1ab9429abdd9f310,8c6a1ab9429abdd9f310,SHADOW_SCANNER_TOP5_BTC,NEAR,LONG,TIME_6H,block3-v1-r-matrix,TIME_EXIT_MARK_ONLY,2.02299927172,-3.509833863598402,PARTIAL_FROM_BLOCK3_ACTIVATION,False
2026-07-19T18:00:17+00:00,SHADOW_EXIT,SHADOW_SCANNER_TOP5_BTC:8c6a1ab9429abdd9f310,8c6a1ab9429abdd9f310,SHADOW_SCANNER_TOP5_BTC,NEAR,LONG,TIME_12H,block3-v1-r-matrix,TIME_EXIT_MARK_ONLY,2.02299927172,-3.509833863598402,PARTIAL_FROM_BLOCK3_ACTIVATION,False
2026-07-19T18:00:17+00:00,SHADOW_EXIT,SHADOW_SCANNER_TOP5_BTC:8c6a1ab9429abdd9f310,8c6a1ab9429abdd9f310,SHADOW_SCANNER_TOP5_BTC,NEAR,LONG,TIME_24H,block3-v1-r-matrix,TIME_EXIT_MARK_ONLY,2.02299927172,-3.509833863598402,PARTIAL_FROM_BLOCK3_ACTIVATION,False
2026-07-19T18:00:17+00:00,SHADOW_EXIT,SHADOW_SCANNER_TOP5_BTC:49d79208a7391977ddf8,49d79208a7391977ddf8,SHADOW_SCANNER_TOP5_BTC,ONDO,LONG,TIME_6H,block3-v1-r-matrix,TIME_EXIT_MARK_ONLY,0.37589986467599995,-2.4396202107186946,PARTIAL_FROM_BLOCK3_ACTIVATION,False
2026-07-19T18:00:17+00:00,SHADOW_EXIT,SHADOW_SCANNER_TOP5_BTC:49d79208a7391977ddf8,49d79208a7391977ddf8,SHADOW_SCANNER_TOP5_BTC,ONDO,LONG,TIME_12H,block3-v1-r-matrix,TIME_EXIT_MARK_ONLY,0.37589986467599995,-2.4396202107186946,PARTIAL_FROM_BLOCK3_ACTIVATION,False
2026-07-19T18:00:17+00:00,SHADOW_EXIT,SHADOW_SCANNER_TOP5_BTC:49d79208a7391977ddf8,49d79208a7391977ddf8,SHADOW_SCANNER_TOP5_BTC,ONDO,LONG,TIME_24H,block3-v1-r-matrix,TIME_EXIT_MARK_ONLY,0.37589986467599995,-2.4396202107186946,PARTIAL_FROM_BLOCK3_ACTIVATION,False
2026-07-19T18:00:17+00:00,SHADOW_EXIT,SHADOW_SCANNER_TOP5_BTC:1a5a8b4ce63d128d4789,1a5a8b4ce63d128d4789,SHADOW_SCANNER_TOP5_BTC,ZEC,LONG,TIME_6H,block3-v1-r-matrix,TIME_EXIT_MARK_ONLY,551.219734,-23.68114301484484,PARTIAL_FROM_BLOCK3_ACTIVATION,False
2026-07-19T18:00:17+00:00,SHADOW_EXIT,SHADOW_SCANNER_TOP5_BTC:1a5a8b4ce63d128d4789,1a5a8b4ce63d128d4789,SHADOW_SCANNER_TOP5_BTC,ZEC,LONG,TIME_12H,block3-v1-r-matrix,TIME_EXIT_MARK_ONLY,551.219734,-23.68114301484484,PARTIAL_FROM_BLOCK3_ACTIVATION,False
2026-07-19T18:00:17+00:00,SHADOW_EXIT,SHADOW_SCANNER_TOP5_BTC:1a5a8b4ce63d128d4789,1a5a8b4ce63d128d4789,SHADOW_SCANNER_TOP5_BTC,ZEC,LONG,TIME_24H,block3-v1-r-matrix,TIME_EXIT_MARK_ONLY,551.219734,-23.68114301484484,PARTIAL_FROM_BLOCK3_ACTIVATION,False
2026-07-19T18:00:17+00:00,SHADOW_EXIT,SHADOW_GLOBAL_PURE:2b1b7c8dfde05a33cba2,2b1b7c8dfde05a33cba2,SHADOW_GLOBAL_PURE,DOGE,SHORT,TIME_6H,block3-v1-r-matrix,TIME_EXIT_MARK_ONLY,0.072283344,-9.603967851305091,PARTIAL_FROM_BLOCK3_ACTIVATION,False
2026-07-19T18:00:17+00:00,SHADOW_EXIT,SHADOW_GLOBAL_PURE:2b1b7c8dfde05a33cba2,2b1b7c8dfde05a33cba2,SHADOW_GLOBAL_PURE,DOGE,SHORT,TIME_12H,block3-v1-r-matrix,TIME_EXIT_MARK_ONLY,0.072283344,-9.603967851305091,PARTIAL_FROM_BLOCK3_ACTIVATION,False
2026-07-19T18:00:17+00:00,SHADOW_EXIT,SHADOW_GLOBAL_PURE:2b1b7c8dfde05a33cba2,2b1b7c8dfde05a33cba2,SHADOW_GLOBAL_PURE,DOGE,SHORT,TIME_24H,block3-v1-r-matrix,TIME_EXIT_MARK_ONLY,0.072283344,-9.603967851305091,PARTIAL_FROM_BLOCK3_ACTIVATION,False
2026-07-19T18:00:17+00:00,SHADOW_EXIT,SHADOW_COMBO_TREND:db9b1460d8d210a9c047,db9b1460d8d210a9c047,SHADOW_COMBO_TREND,ONDO,LONG,TIME_6H,block3-v1-r-matrix,TIME_EXIT_MARK_ONLY,0.3725998658639999,-1.9646891170685192,PARTIAL_FROM_BLOCK3_ACTIVATION,False
2026-07-19T18:00:17+00:00,SHADOW_EXIT,SHADOW_COMBO_TREND:db9b1460d8d210a9c047,db9b1460d8d210a9c047,SHADOW_COMBO_TREND,ONDO,LONG,TIME_12H,block3-v1-r-matrix,TIME_EXIT_MARK_ONLY,0.3725998658639999,-1.9646891170685192,PARTIAL_FROM_BLOCK3_ACTIVATION,False
2026-07-19T18:00:17+00:00,SHADOW_EXIT,SHADOW_COMBO_TREND:db9b1460d8d210a9c047,db9b1460d8d210a9c047,SHADOW_COMBO_TREND,ONDO,LONG,TIME_24H,block3-v1-r-matrix,TIME_EXIT_MARK_ONLY,0.3725998658639999,-1.9646891170685192,PARTIAL_FROM_BLOCK3_ACTIVATION,False
2026-07-19T18:00:17+00:00,SHADOW_EXIT,SHADOW_COMBO_TREND:a99845f8776315820491,a99845f8776315820491,SHADOW_COMBO_TREND,XRP,SHORT,TIME_6H,block3-v1-r-matrix,TIME_EXIT_MARK_ONLY,1.094208798,-24.853365629889627,PARTIAL_FROM_BLOCK3_ACTIVATION,False
2026-07-19T18:00:17+00:00,SHADOW_EXIT,SHADOW_COMBO_TREND:a99845f8776315820491,a99845f8776315820491,SHADOW_COMBO_TREND,XRP,SHORT,TIME_12H,block3-v1-r-matrix,TIME_EXIT_MARK_ONLY,1.094208798,-24.853365629889627,PARTIAL_FROM_BLOCK3_ACTIVATION,False
2026-07-19T18:00:17+00:00,SHADOW_EXIT,SHADOW_COMBO_TREND:a99845f8776315820491,a99845f8776315820491,SHADOW_COMBO_TREND,XRP,SHORT,TIME_24H,block3-v1-r-matrix,TIME_EXIT_MARK_ONLY,1.094208798,-24.853365629889627,PARTIAL_FROM_BLOCK3_ACTIVATION,False
2026-07-19T18:00:17+00:00,SHADOW_EXIT,SHADOW_COMBO_TREND:3548a2c6c2d5cd515bde,3548a2c6c2d5cd515bde,SHADOW_COMBO_TREND,HYPE,SHORT,TIME_6H,block3-v1-r-matrix,TIME_EXIT_MARK_ONLY,60.827163,-34.835842341314006,PARTIAL_FROM_BLOCK3_ACTIVATION,False
2026-07-19T18:00:17+00:00,SHADOW_EXIT,SHADOW_COMBO_TREND:3548a2c6c2d5cd515bde,3548a2c6c2d5cd515bde,SHADOW_COMBO_TREND,HYPE,SHORT,TIME_12H,block3-v1-r-matrix,TIME_EXIT_MARK_ONLY,60.827163,-34.835842341314006,PARTIAL_FROM_BLOCK3_ACTIVATION,False
2026-07-19T18:00:17+00:00,SHADOW_EXIT,SHADOW_COMBO_TREND:3548a2c6c2d5cd515bde,3548a2c6c2d5cd515bde,SHADOW_COMBO_TREND,HYPE,SHORT,TIME_24H,block3-v1-r-matrix,TIME_EXIT_MARK_ONLY,60.827163,-34.835842341314006,PARTIAL_FROM_BLOCK3_ACTIVATION,False
2026-07-19T18:00:17+00:00,SHADOW_EXIT,SHADOW_COMBO_MEAN_REVERSION:154d05430e83c267279b,154d05430e83c267279b,SHADOW_COMBO_MEAN_REVERSION,LAB,LONG,TIME_6H,block3-v1-r-matrix,TIME_EXIT_MARK_ONLY,0.188699932068,-1.0135866742673862,PARTIAL_FROM_BLOCK3_ACTIVATION,False
2026-07-19T18:00:17+00:00,SHADOW_EXIT,SHADOW_COMBO_MEAN_REVERSION:154d05430e83c267279b,154d05430e83c267279b,SHADOW_COMBO_MEAN_REVERSION,LAB,LONG,TIME_12H,block3-v1-r-matrix,TIME_EXIT_MARK_ONLY,0.188699932068,-1.0135866742673862,PARTIAL_FROM_BLOCK3_ACTIVATION,False
2026-07-19T18:00:17+00:00,SHADOW_EXIT,SHADOW_COMBO_MEAN_REVERSION:154d05430e83c267279b,154d05430e83c267279b,SHADOW_COMBO_MEAN_REVERSION,LAB,LONG,TIME_24H,block3-v1-r-matrix,TIME_EXIT_MARK_ONLY,0.188699932068,-1.0135866742673862,PARTIAL_FROM_BLOCK3_ACTIVATION,False
2026-07-19T18:00:17+00:00,SHADOW_EXIT,SHADOW_COMBO_SCANNER:44f7372816dfd3b14070,44f7372816dfd3b14070,SHADOW_COMBO_SCANNER,ONDO,LONG,TIME_6H,block3-v1-r-matrix,TIME_EXIT_MARK_ONLY,0.3725998658639999,-2.1564668496546493,PARTIAL_FROM_BLOCK3_ACTIVATION,False
2026-07-19T18:00:17+00:00,SHADOW_EXIT,SHADOW_COMBO_SCANNER:44f7372816dfd3b14070,44f7372816dfd3b14070,SHADOW_COMBO_SCANNER,ONDO,LONG,TIME_12H,block3-v1-r-matrix,TIME_EXIT_MARK_ONLY,0.3725998658639999,-2.1564668496546493,PARTIAL_FROM_BLOCK3_ACTIVATION,False
2026-07-19T18:00:17+00:00,SHADOW_EXIT,SHADOW_COMBO_SCANNER:44f7372816dfd3b14070,44f7372816dfd3b14070,SHADOW_COMBO_SCANNER,ONDO,LONG,TIME_24H,block3-v1-r-matrix,TIME_EXIT_MARK_ONLY,0.3725998658639999,-2.1564668496546493,PARTIAL_FROM_BLOCK3_ACTIVATION,False
2026-07-19T18:00:17+00:00,SHADOW_EXIT,SHADOW_COMBO_SCANNER:766af21a39def687662b,766af21a39def687662b,SHADOW_COMBO_SCANNER,DOGE,SHORT,TIME_6H,block3-v1-r-matrix,TIME_EXIT_MARK_ONLY,0.072283344,-10.9158145317375,PARTIAL_FROM_BLOCK3_ACTIVATION,False
2026-07-19T18:00:17+00:00,SHADOW_EXIT,SHADOW_COMBO_SCANNER:766af21a39def687662b,766af21a39def687662b,SHADOW_COMBO_SCANNER,DOGE,SHORT,TIME_12H,block3-v1-r-matrix,TIME_EXIT_MARK_ONLY,0.072283344,-10.9158145317375,PARTIAL_FROM_BLOCK3_ACTIVATION,False
2026-07-19T18:00:17+00:00,SHADOW_EXIT,SHADOW_COMBO_SCANNER:766af21a39def687662b,766af21a39def687662b,SHADOW_COMBO_SCANNER,DOGE,SHORT,TIME_24H,block3-v1-r-matrix,TIME_EXIT_MARK_ONLY,0.072283344,-10.9158145317375,PARTIAL_FROM_BLOCK3_ACTIVATION,False
2026-07-19T18:00:17+00:00,SHADOW_EXIT,SHADOW_COMBO_SCANNER:3580905db4580c977e63,3580905db4580c977e63,SHADOW_COMBO_SCANNER,ZEC,LONG,TIME_6H,block3-v1-r-matrix,TIME_EXIT_MARK_ONLY,551.219734,-23.047975487946562,PARTIAL_FROM_BLOCK3_ACTIVATION,False
2026-07-19T18:00:17+00:00,SHADOW_EXIT,SHADOW_COMBO_SCANNER:3580905db4580c977e63,3580905db4580c977e63,SHADOW_COMBO_SCANNER,ZEC,LONG,TIME_12H,block3-v1-r-matrix,TIME_EXIT_MARK_ONLY,551.219734,-23.047975487946562,PARTIAL_FROM_BLOCK3_ACTIVATION,False
2026-07-19T18:00:17+00:00,SHADOW_EXIT,SHADOW_COMBO_SCANNER:3580905db4580c977e63,3580905db4580c977e63,SHADOW_COMBO_SCANNER,ZEC,LONG,TIME_24H,block3-v1-r-matrix,TIME_EXIT_MARK_ONLY,551.219734,-23.047975487946562,PARTIAL_FROM_BLOCK3_ACTIVATION,False
2026-07-19T18:00:17+00:00,SHADOW_EXIT,SHADOW_COMBO_ADAPTIVE:03f8ff470e3537773ce3,03f8ff470e3537773ce3,SHADOW_COMBO_ADAPTIVE,ONDO,LONG,TIME_6H,block3-v1-r-matrix,TIME_EXIT_MARK_ONLY,0.3725998658639999,-2.207882581622855,PARTIAL_FROM_BLOCK3_ACTIVATION,False
2026-07-19T18:00:17+00:00,SHADOW_EXIT,SHADOW_COMBO_ADAPTIVE:03f8ff470e3537773ce3,03f8ff470e3537773ce3,SHADOW_COMBO_ADAPTIVE,ONDO,LONG,TIME_12H,block3-v1-r-matrix,TIME_EXIT_MARK_ONLY,0.3725998658639999,-2.207882581622855,PARTIAL_FROM_BLOCK3_ACTIVATION,False
2026-07-19T18:00:17+00:00,SHADOW_EXIT,SHADOW_COMBO_ADAPTIVE:03f8ff470e3537773ce3,03f8ff470e3537773ce3,SHADOW_COMBO_ADAPTIVE,ONDO,LONG,TIME_24H,block3-v1-r-matrix,TIME_EXIT_MARK_ONLY,0.3725998658639999,-2.207882581622855,PARTIAL_FROM_BLOCK3_ACTIVATION,False
2026-07-19T18:00:17+00:00,SHADOW_EXIT,SHADOW_COMBO_ADAPTIVE:b6e51ff26a38ceeec76a,b6e51ff26a38ceeec76a,SHADOW_COMBO_ADAPTIVE,GRAM,SHORT,TIME_6H,block3-v1-r-matrix,TIME_EXIT_MARK_ONLY,1.4826994662279998,-4.066479168834033,PARTIAL_FROM_BLOCK3_ACTIVATION,False
2026-07-19T18:00:17+00:00,SHADOW_EXIT,SHADOW_COMBO_ADAPTIVE:b6e51ff26a38ceeec76a,b6e51ff26a38ceeec76a,SHADOW_COMBO_ADAPTIVE,GRAM,SHORT,TIME_12H,block3-v1-r-matrix,TIME_EXIT_MARK_ONLY,1.4826994662279998,-4.066479168834033,PARTIAL_FROM_BLOCK3_ACTIVATION,False
2026-07-19T18:00:17+00:00,SHADOW_EXIT,SHADOW_COMBO_ADAPTIVE:b6e51ff26a38ceeec76a,b6e51ff26a38ceeec76a,SHADOW_COMBO_ADAPTIVE,GRAM,SHORT,TIME_24H,block3-v1-r-matrix,TIME_EXIT_MARK_ONLY,1.4826994662279998,-4.066479168834033,PARTIAL_FROM_BLOCK3_ACTIVATION,False
2026-07-19T18:00:17+00:00,SHADOW_EXIT,SHADOW_COMBO_ADAPTIVE:e24bb974d89c7b397783,e24bb974d89c7b397783,SHADOW_COMBO_ADAPTIVE,ETH,LONG,TIME_6H,block3-v1-r-matrix,TIME_EXIT_MARK_ONLY,1866.206684,-7.920865983904539,PARTIAL_FROM_BLOCK3_ACTIVATION,False
2026-07-19T18:00:17+00:00,SHADOW_EXIT,SHADOW_COMBO_ADAPTIVE:e24bb974d89c7b397783,e24bb974d89c7b397783,SHADOW_COMBO_ADAPTIVE,ETH,LONG,TIME_12H,block3-v1-r-matrix,TIME_EXIT_MARK_ONLY,1866.206684,-7.920865983904539,PARTIAL_FROM_BLOCK3_ACTIVATION,False
2026-07-19T18:00:17+00:00,SHADOW_EXIT,SHADOW_COMBO_ADAPTIVE_MFE_TRAIL:104daefe5c5b4a87b425,104daefe5c5b4a87b425,SHADOW_COMBO_ADAPTIVE_MFE_TRAIL,ETH,LONG,TIME_6H,block3-v1-r-matrix,TIME_EXIT_MARK_ONLY,1866.206684,-7.612974796461417,PARTIAL_FROM_BLOCK3_ACTIVATION,False
2026-07-19T18:00:17+00:00,SHADOW_EXIT,SHADOW_COMBO_ADAPTIVE_MFE_TRAIL:104daefe5c5b4a87b425,104daefe5c5b4a87b425,SHADOW_COMBO_ADAPTIVE_MFE_TRAIL,ETH,LONG,TIME_12H,block3-v1-r-matrix,TIME_EXIT_MARK_ONLY,1866.206684,-7.612974796461417,PARTIAL_FROM_BLOCK3_ACTIVATION,False
2026-07-19T18:00:17+00:00,SHADOW_EXIT,SHADOW_ETH_EMA_1H:92e85b0ded1759a8d49c,92e85b0ded1759a8d49c,SHADOW_ETH_EMA_1H,ETH,LONG,TIME_6H,block3-v1-r-matrix,TIME_EXIT_MARK_ONLY,1866.206684,7.759710092585587,PARTIAL_FROM_BLOCK3_ACTIVATION,False
2026-07-19T18:00:17+00:00,SHADOW_EXIT,SHADOW_ETH_EMA_1H:92e85b0ded1759a8d49c,92e85b0ded1759a8d49c,SHADOW_ETH_EMA_1H,ETH,LONG,TIME_12H,block3-v1-r-matrix,TIME_EXIT_MARK_ONLY,1866.206684,7.759710092585587,PARTIAL_FROM_BLOCK3_ACTIVATION,False
2026-07-19T18:00:17+00:00,SHADOW_EXIT,SHADOW_ETH_DONCHIAN_1H:381e90a28b5667e6da8a,381e90a28b5667e6da8a,SHADOW_ETH_DONCHIAN_1H,ETH,LONG,TIME_6H,block3-v1-r-matrix,TIME_EXIT_MARK_ONLY,1866.206684,-8.693265656030944,PARTIAL_FROM_BLOCK3_ACTIVATION,False
2026-07-19T18:00:17+00:00,SHADOW_EXIT,SHADOW_ETH_DONCHIAN_1H:381e90a28b5667e6da8a,381e90a28b5667e6da8a,SHADOW_ETH_DONCHIAN_1H,ETH,LONG,TIME_12H,block3-v1-r-matrix,TIME_EXIT_MARK_ONLY,1866.206684,-8.693265656030944,PARTIAL_FROM_BLOCK3_ACTIVATION,False
2026-07-19T18:00:17+00:00,SHADOW_EXIT,SHADOW_ETH_BOLLINGER_1H:d67d5109ffe8ab75ccf5,d67d5109ffe8ab75ccf5,SHADOW_ETH_BOLLINGER_1H,ETH,SHORT,TIME_6H,block3-v1-r-matrix,TIME_EXIT_MARK_ONLY,1866.9533159999999,-4.055296981851824,PARTIAL_FROM_BLOCK3_ACTIVATION,False
2026-07-19T18:00:17+00:00,SHADOW_EXIT,SHADOW_ETH_BOLLINGER_1H:d67d5109ffe8ab75ccf5,d67d5109ffe8ab75ccf5,SHADOW_ETH_BOLLINGER_1H,ETH,SHORT,TIME_12H,block3-v1-r-matrix,TIME_EXIT_MARK_ONLY,1866.9533159999999,-4.055296981851824,PARTIAL_FROM_BLOCK3_ACTIVATION,False
2026-07-19T18:00:17+00:00,SHADOW_EXIT,SHADOW_ETH_ADAPTIVE_1H:34565c88fa092eebf1e4,34565c88fa092eebf1e4,SHADOW_ETH_ADAPTIVE_1H,ETH,LONG,TIME_6H,block3-v1-r-matrix,TIME_EXIT_MARK_ONLY,1866.206684,-7.684922928200503,PARTIAL_FROM_BLOCK3_ACTIVATION,False
2026-07-19T18:00:17+00:00,SHADOW_EXIT,SHADOW_ETH_ADAPTIVE_1H:34565c88fa092eebf1e4,34565c88fa092eebf1e4,SHADOW_ETH_ADAPTIVE_1H,ETH,LONG,TIME_12H,block3-v1-r-matrix,TIME_EXIT_MARK_ONLY,1866.206684,-7.684922928200503,PARTIAL_FROM_BLOCK3_ACTIVATION,False
2026-07-19T18:00:17+00:00,SHADOW_EXIT,SHADOW_DOGE_EMA_1H:5655f096562b61a5eda0,5655f096562b61a5eda0,SHADOW_DOGE_EMA_1H,DOGE,SHORT,TIME_6H,block3-v1-r-matrix,TIME_EXIT_MARK_ONLY,0.072283344,-10.251321809677595,PARTIAL_FROM_BLOCK3_ACTIVATION,False
2026-07-19T18:00:17+00:00,SHADOW_EXIT,SHADOW_DOGE_EMA_1H:5655f096562b61a5eda0,5655f096562b61a5eda0,SHADOW_DOGE_EMA_1H,DOGE,SHORT,TIME_12H,block3-v1-r-matrix,TIME_EXIT_MARK_ONLY,0.072283344,-10.251321809677595,PARTIAL_FROM_BLOCK3_ACTIVATION,False
2026-07-19T18:00:17+00:00,SHADOW_EXIT,SHADOW_DOGE_EMA_1H:5655f096562b61a5eda0,5655f096562b61a5eda0,SHADOW_DOGE_EMA_1H,DOGE,SHORT,TIME_24H,block3-v1-r-matrix,TIME_EXIT_MARK_ONLY,0.072283344,-10.251321809677595,PARTIAL_FROM_BLOCK3_ACTIVATION,False
2026-07-19T18:08:35+00:00,GROUP_CREATED,SHADOW_1H_BALANCED_V3:22aac934b390fea0bcd4,22aac934b390fea0bcd4,SHADOW_1H_BALANCED_V3,PEPE,LONG,,block3-v1-r-matrix,FULL_FROM_ENTRY,2.81796348e-06,,FULL_FROM_ENTRY,False
2026-07-19T18:08:35+00:00,GROUP_CREATED,SHADOW_RELATIVE_STRENGTH_V2:e10670f38763c98a1a2d,e10670f38763c98a1a2d,SHADOW_RELATIVE_STRENGTH_V2,BANK,LONG,,block3-v1-r-matrix,FULL_FROM_ENTRY,0.195479088,,FULL_FROM_ENTRY,False
2026-07-19T17:45:00+00:00,SHADOW_EXIT,SHADOW_1H_BALANCED:298aa92b9da662a81dc6,298aa92b9da662a81dc6,SHADOW_1H_BALANCED,BANK,LONG,TP_R050,block3-v1-r-matrix,FIXED_R_TARGET,0.20182399192704004,24.821318010280823,PARTIAL_FROM_BLOCK3_ACTIVATION,False
2026-07-19T17:45:00+00:00,SHADOW_EXIT,SHADOW_1H_BALANCED_V3:7b66eaef95fe2a181155,7b66eaef95fe2a181155,SHADOW_1H_BALANCED_V3,BANK,LONG,TP_R050,block3-v1-r-matrix,FIXED_R_TARGET,0.207675191692992,24.455673018901418,PARTIAL_FROM_BLOCK3_ACTIVATION,False
2026-07-19T17:45:00+00:00,SHADOW_EXIT,SHADOW_1H_FAST_V3:f995653833b22f2fabf6,f995653833b22f2fabf6,SHADOW_1H_FAST_V3,BANK,LONG,TP_R050,block3-v1-r-matrix,FIXED_R_TARGET,0.207675191692992,24.32689046974015,PARTIAL_FROM_BLOCK3_ACTIVATION,False
2026-07-19T17:45:00+00:00,SHADOW_EXIT,SHADOW_4H_WIDE:2e309065d5a748860136,2e309065d5a748860136,SHADOW_4H_WIDE,ZEC,LONG,TP_R050,block3-v1-r-matrix,FIXED_R_TARGET,541.8890603645367,24.045107627787115,PARTIAL_FROM_BLOCK3_ACTIVATION,False
2026-07-19T17:45:00+00:00,SHADOW_EXIT,SHADOW_4H_WIDE:5f4ca9a55e715fdcfb01,5f4ca9a55e715fdcfb01,SHADOW_4H_WIDE,AKE,LONG,TP_R050,block3-v1-r-matrix,FIXED_R_TARGET,0.0019874893205004238,24.834404421631877,PARTIAL_FROM_BLOCK3_ACTIVATION,False
