generated_utc,strategy_id,family_id,portfolio,lifecycle_status,record_kind,evolution_score,grade,hall_eligible,closed_trades,matched_pairs,expectancy_r,profit_factor,win_rate,max_drawdown_r,liquidations,validation_status,post_promotion_status,source_evidence_score,validation_score
2026-07-27T14:24:40+00:00,934590ed-fa46-5672-b8e9-713a79bd8183,momentum_breakout_v3_filtered,EVO_CAND_SHADOW_1H_FAST_V3_NOHIGH_REGIME_GUARD_TP_R200_934590ed,CANDIDATE,EVOLUTION_STRATEGY,37.51,E,False,14,0,0.42416275484935745,3.5447238137463217,0.5714285714285714,1.0701916771353117,0,INCUBATING,,98.27,20.0
2026-07-27T14:24:40+00:00,86882aa9-5ed0-5b04-a328-2022bc41da36,momentum_breakout_v3_filtered,EVO_CAND_SHADOW_1H_FAST_V3_CAP75_V1_TP_R200_86882aa9,CANDIDATE,EVOLUTION_STRATEGY,32.61,E,False,17,0,0.26060639546277464,1.7424815336799788,0.5294117647058824,3.361940300314142,0,INCUBATING,,94.52,20.0
2026-07-27T14:24:40+00:00,903364ad-d487-5704-90fe-ad93bda3ff28,momentum_breakout_v3_filtered,EVO_CAND_SHADOW_1H_FAST_V3_LONG_NOHIGH_CAP75_L_TP_R200_903364ad,CANDIDATE,EVOLUTION_STRATEGY,29.81,E,False,20,0,0.16866827634721357,1.3721663572832021,0.5,3.2862160526105875,0,INCUBATING,,98.27,20.0
2026-07-27T14:24:40+00:00,6b7c560f-a947-5c21-8ec0-bebb7c6ea4ee,momentum_breakout_v3_filtered,EVO_CAND_SHADOW_1H_FAST_V3_NO_ESPORTS_MFE_LOCK_TP_R200_6b7c560f,CANDIDATE,EVOLUTION_STRATEGY,29.01,E,False,28,0,0.0952195722020319,1.2408312163166673,0.5357142857142857,4.440723898556097,0,INCUBATING,,98.27,20.0
2026-07-27T14:24:40+00:00,7bbb9481-3342-5a01-912e-f0d1a6054135,momentum_breakout_v3_filtered,EVO_CAND_SHADOW_1H_FAST_V3_NO_ESPORTS_LONG_ONL_TP_R200_7bbb9481,CANDIDATE,EVOLUTION_STRATEGY,28.23,E,False,23,0,0.12680087093802261,1.288181719311202,0.4782608695652174,5.213158007068098,0,INCUBATING,,98.27,20.0
2026-07-27T14:24:40+00:00,051501d0-7361-5cfd-818b-32de452f195e,momentum_breakout_v3_filtered,EVO_CAND_SHADOW_1H_FAST_V3_LONG_NOHIGH_CAP75_V_TP_R200_051501d0,CANDIDATE,EVOLUTION_STRATEGY,25.74,E,False,20,0,0.04726651370031523,1.1032712915170944,0.45,4.72343348843261,0,INCUBATING,,98.27,20.0
2026-07-27T14:24:40+00:00,68f866e1-d225-5733-9843-dfc0389d02e9,momentum_breakout_v3_filtered,EVO_CAND_SHADOW_1H_FAST_V3_NO_ESPORTS_V1_TP_R200_68f866e1,CANDIDATE,EVOLUTION_STRATEGY,24.51,E,False,24,0,-0.012615018207223832,0.973544769744039,0.4166666666666667,4.050913575388831,0,INCUBATING,,98.27,20.0
2026-07-27T14:24:40+00:00,89ab3f19-9b25-5fa4-857d-68a480d6b43b,momentum_breakout_v3_filtered,EVO_CAND_SHADOW_1H_FAST_V3_NO_ESPORTS_STRESS_G_TP_R200_89ab3f19,CANDIDATE,EVOLUTION_STRATEGY,24.18,E,False,13,0,-0.0040747855141436105,0.9918452298548059,0.46153846153846156,3.9331442030417962,0,INCUBATING,,98.27,20.0
2026-07-27T14:24:40+00:00,52488eb5-6e0b-582b-af6c-554a827b004d,momentum_breakout_v3_filtered,EVO_CAND_SHADOW_1H_FAST_V3_NOHIGH_RANGE_ONLY_V_TP_R200_52488eb5,CANDIDATE,EVOLUTION_STRATEGY,23.99,E,False,7,0,0.015590652804693784,1.0359490040669757,0.42857142857142855,3.0281658823209616,0,INCUBATING,,98.27,20.0
2026-07-27T14:24:40+00:00,portfolio-74340d3089b701fbbc4a,shadow-combo-adaptive-side-regime-guard-v1,SHADOW_COMBO_ADAPTIVE_SIDE_REGIME_GUARD_V1,BASELINE,PAPER_PORTFOLIO,22.77,E,False,15,0,0.5122049695720363,2.789203262428495,0.7333333333333333,2.1758978210364663,0,,,0,0.0
2026-07-27T14:24:40+00:00,portfolio-5bb7ddf8fd6d2b6d7a2b,shadow-1h-fast-v3-nohigh-regime-guard-v1,SHADOW_1H_FAST_V3_NOHIGH_REGIME_GUARD_V1,BASELINE,PAPER_PORTFOLIO,22.69,E,False,18,0,0.49940859156438316,2.7220444171590765,0.6666666666666666,2.1684809095811524,0,,,0,0.0
2026-07-27T14:24:40+00:00,portfolio-7eac24fb119f6c5ee908,shadow-1h-fast-score-6-75-no-trend-up-v1,SHADOW_1H_FAST_SCORE_6_75_NO_TREND_UP_V1,BASELINE,PAPER_PORTFOLIO,22.42,E,False,16,0,0.46842171141726113,2.5716391527647144,0.6875,2.1087301630279716,0,,,0,0.0
2026-07-27T14:24:40+00:00,portfolio-eae1d70aa72867a7aa8c,shadow-btc-bollinger-1h,SHADOW_BTC_BOLLINGER_1H,BASELINE,PAPER_PORTFOLIO,22.3,E,False,3,0,1.114861897507673,99.0,1.0,0.0,0,,,0,0.0
2026-07-27T14:24:40+00:00,portfolio-d69e40630bee49e72ec7,shadow-1h-fast-v3-nohigh-range-only-v1,SHADOW_1H_FAST_V3_NOHIGH_RANGE_ONLY_V1,BASELINE,PAPER_PORTFOLIO,22.28,E,False,10,0,0.5931546660205428,2.86091925838348,0.7,2.1684809095811524,0,,,0,0.0
2026-07-27T14:24:40+00:00,portfolio-86a35a7cfef9cc1060d3,shadow-sol-bollinger-4h,SHADOW_SOL_BOLLINGER_4H,BASELINE,PAPER_PORTFOLIO,22.1,E,False,1,0,1.7395640587543497,99.0,1.0,0.0,0,,,0,0.0
2026-07-27T14:24:40+00:00,portfolio-d32ac7efb2fb6851aeab,shadow-btc-bollinger-4h,SHADOW_BTC_BOLLINGER_4H,BASELINE,PAPER_PORTFOLIO,22.1,E,False,1,0,1.6823466846999688,99.0,1.0,0.0,0,,,0,0.0
2026-07-27T14:24:40+00:00,portfolio-55d2ef6c2edd6e78820d,shadow-sol-donchian-1h,SHADOW_SOL_DONCHIAN_1H,BASELINE,PAPER_PORTFOLIO,21.89,E,False,3,0,0.6142968673706388,21.538006064041028,0.6666666666666666,0.08973074583605961,0,,,0,0.0
2026-07-27T14:24:40+00:00,portfolio-3d03fcbaa170eb84aff6,shadow-1h-fast-score-6-75-range-only-v1,SHADOW_1H_FAST_SCORE_6_75_RANGE_ONLY_V1,BASELINE,PAPER_PORTFOLIO,21.48,E,False,11,0,0.590244929373462,2.7546742772004027,0.6363636363636364,2.6686832214638256,0,,,0,0.0
2026-07-27T14:24:40+00:00,portfolio-8a181ed9bb10700026fc,shadow-donchian-1h,SHADOW_DONCHIAN_1H,BASELINE,PAPER_PORTFOLIO,21.43,E,False,29,0,0.40178931114521527,2.0168740364781947,0.5517241379310345,2.1831647255431195,0,,,0,0.0
2026-07-27T14:24:40+00:00,portfolio-95b29b65e1df161e3384,main-dynamic-asset-selector-v1,MAIN_DYNAMIC_ASSET_SELECTOR_V1,BASELINE,PAPER_PORTFOLIO,20.86,E,False,7,0,0.8186022943305803,3.5737039599826264,0.5714285714285714,1.1225596107743456,0,,,0,0.0
2026-07-27T14:24:40+00:00,portfolio-ec4f81fe1de280de7ed3,shadow-1h-fast-score-6-75-cost-aware-v1,SHADOW_1H_FAST_SCORE_6_75_COST_AWARE_V1,BASELINE,PAPER_PORTFOLIO,20.39,E,False,18,0,0.37518225650243114,2.0617139206999138,0.6111111111111112,3.1789716311003247,0,,,0,0.0
2026-07-27T14:24:40+00:00,portfolio-2be30fda23278e335fda,shadow-1h-fast-v3-no-esports-mfe-lock-v1,SHADOW_1H_FAST_V3_NO_ESPORTS_MFE_LOCK_V1,BASELINE,PAPER_PORTFOLIO,19.88,E,True,33,0,0.2614867416801539,1.9284781128047148,0.5757575757575758,2.9959613264346308,0,,,0,0.0
2026-07-27T14:24:40+00:00,portfolio-751388480f92b1739dd7,main-side-regime-guard-v1,MAIN_SIDE_REGIME_GUARD_V1,BASELINE,PAPER_PORTFOLIO,19.79,E,False,8,0,0.5826312680512957,2.4143195617281816,0.5,2.1730535381486233,0,,,0,0.0
2026-07-27T14:24:40+00:00,portfolio-10b34d60ef4a5a8f1cbd,shadow-combo-trend-side-regime-guard-v1,SHADOW_COMBO_TREND_SIDE_REGIME_GUARD_V1,BASELINE,PAPER_PORTFOLIO,19.75,E,False,16,0,0.35409977041386603,2.0441538447290255,0.5625,2.16549020574222,0,,,0,0.0
2026-07-27T14:24:40+00:00,8346046b-2c3b-52d8-817a-30ed576c34c8,momentum_breakout_v3_filtered,EVO_CAND_SHADOW_1H_FAST_V3_NOHIGH_V1_TP_R200_8346046b,CANDIDATE,EVOLUTION_STRATEGY,19.38,E,False,20,0,-0.016990029315629658,0.9691400801237328,0.45,4.178704291432855,1,INCUBATING,,98.27,20.0
2026-07-27T14:24:40+00:00,3ee5afb4-8bf9-5456-b65e-2b1327669693,momentum_breakout_v3_filtered,EVO_CAND_SHADOW_1H_FAST_V3_TP_R200_3ee5afb4,CANDIDATE,EVOLUTION_STRATEGY,19.16,E,False,19,0,-0.009225996074202882,0.9838387515618808,0.47368421052631576,4.17424000571856,1,INCUBATING,,94.52,20.0
2026-07-27T14:24:40+00:00,portfolio-218242a9cd930220dac2,shadow-1h-fast-nohigh-cap75-v1,SHADOW_1H_FAST_NOHIGH_CAP75_V1,BASELINE,PAPER_PORTFOLIO,17.55,E,True,57,0,0.2152752833976025,1.5432101832857905,0.49122807017543857,5.398987112949565,0,,,0,0.0
2026-07-27T14:24:40+00:00,3b03ece1-b6c9-5fd9-a615-028d4f486231,momentum_breakout_v3_filtered,EVO_CAND_SHADOW_1H_FAST_V3_CAP75_V1_TP_R250_3b03ece1,CANDIDATE,EVOLUTION_STRATEGY,17.04,E,False,1,0,-1.064875534599861,0.0,0.0,1.064875534599861,0,INCUBATING,,88.63,20.0
2026-07-27T14:24:40+00:00,portfolio-9da609258ab55b372664,shadow-combo-adaptive,SHADOW_COMBO_ADAPTIVE,BASELINE,PAPER_PORTFOLIO,16.84,E,False,25,0,0.2410418511168229,1.7690652941202494,0.48,2.722427980646917,0,,,0,0.0
2026-07-27T14:24:40+00:00,751e55c4-14bf-55ff-a953-e59e7325d859,momentum_breakout_v3_filtered,EVO_CAND_SHADOW_1H_FAST_V3_LONG_ONLY_V1_TP_R200_751e55c4,CANDIDATE,EVOLUTION_STRATEGY,16.54,E,False,24,0,-0.12226845616881298,0.7900182324826192,0.4166666666666667,5.936741530788359,1,INCUBATING,,98.27,20.0
2026-07-27T14:24:40+00:00,6b45fc13-67eb-5166-99cb-d8cbcf0fd700,momentum_breakout_v3_filtered,EVO_CAND_SHADOW_1H_FAST_V3_TP_R250_6b45fc13,CANDIDATE,EVOLUTION_STRATEGY,16.52,E,False,4,0,-0.8787278683294981,0.0,0.0,3.5149114733179925,0,INCUBATING,,88.63,20.0
2026-07-27T14:24:40+00:00,bfc04ed6-72ee-5fd8-ad2c-15c1d256e808,momentum_breakout_v3_filtered,EVO_CAND_SHADOW_1H_FAST_V3_LONG_ONLY_V1_TP_R250_bfc04ed6,CANDIDATE,EVOLUTION_STRATEGY,16.5,E,False,4,0,-0.8988305857028036,0.0,0.0,3.5953223428112144,0,INCUBATING,,88.63,20.0
2026-07-27T14:24:40+00:00,c467005a-145c-5426-bd9a-5710bf526311,momentum_breakout_v3_filtered,EVO_CAND_SHADOW_1H_FAST_V3_NOHIGH_V1_TP_R250_c467005a,CANDIDATE,EVOLUTION_STRATEGY,16.5,E,False,4,0,-0.8988305857028036,0.0,0.0,3.5953223428112144,0,INCUBATING,,88.63,20.0
2026-07-27T14:24:40+00:00,portfolio-98352068c6b959be884d,shadow-1h-balanced-v3,SHADOW_1H_BALANCED_V3,BASELINE,PAPER_PORTFOLIO,16.4,E,True,49,0,0.21484365155182572,1.4877126627547244,0.42857142857142855,3.2297793741478547,0,,,0,0.0
2026-07-27T14:24:40+00:00,portfolio-275cb3af75fb8f30b69b,shadow-scanner-top5-long,SHADOW_SCANNER_TOP5_LONG,BASELINE,PAPER_PORTFOLIO,16.37,E,True,44,0,0.24472626661254882,1.5517403800590546,0.5,6.469485496817615,0,,,0,0.0
2026-07-27T14:24:40+00:00,portfolio-8e32aa94f6b1b6ac1ac6,shadow-1h-fast-v3-cap75-v1,SHADOW_1H_FAST_V3_CAP75_V1,BASELINE,PAPER_PORTFOLIO,15.67,E,True,49,0,0.15338752232222816,1.3895031106949034,0.4897959183673469,3.675292192949339,0,,,0,0.0
2026-07-27T14:24:40+00:00,portfolio-80ab72023d7f8d6eaf76,shadow-doge-ema-1h,SHADOW_DOGE_EMA_1H,BASELINE,PAPER_PORTFOLIO,15.63,E,False,8,0,0.23228210665516486,1.5571387380390946,0.625,1.855700383725378,0,,,0,0.0
2026-07-27T14:24:40+00:00,portfolio-64f18e5c18eb6ebf4e08,shadow-1h-fast-v3,SHADOW_1H_FAST_V3,BASELINE,PAPER_PORTFOLIO,15.45,E,True,82,0,0.0891742043184867,1.2130921957748664,0.3902439024390244,5.362639831345571,0,,,0,0.0
2026-07-27T14:24:40+00:00,portfolio-2d1db8d4e7c9b6737ed5,shadow-1h-fast-nohigh-cap75-short-only-v1,SHADOW_1H_FAST_NOHIGH_CAP75_SHORT_ONLY_V1,BASELINE,PAPER_PORTFOLIO,15.15,E,False,21,0,0.21457981982156538,1.5622601987342626,0.5238095238095238,3.281703072815091,0,,,0,0.0
2026-07-27T14:24:40+00:00,portfolio-75e764a8b5f3bac742b9,shadow-1h-fast-score-6-75-v1,SHADOW_1H_FAST_SCORE_6_75_V1,BASELINE,PAPER_PORTFOLIO,14.85,E,True,55,0,0.11637921584964278,1.2947173333367419,0.45454545454545453,3.713971680484301,0,,,0,0.0
2026-07-27T14:24:40+00:00,portfolio-957b2cb822007458d9c4,shadow-1h-fast-no-pepe-v1,SHADOW_1H_FAST_NO_PEPE_V1,BASELINE,PAPER_PORTFOLIO,14.71,E,True,48,0,0.14614664317327375,1.3537054649675853,0.4375,3.548046042786253,0,,,0,0.0
2026-07-27T14:24:40+00:00,portfolio-a0ddc7095998cad2c7cf,shadow-scanner-top5-btc,SHADOW_SCANNER_TOP5_BTC,BASELINE,PAPER_PORTFOLIO,14.03,E,True,33,0,0.19988401624622046,1.4097779748718624,0.48484848484848486,5.509989331526248,0,,,0,0.0
2026-07-27T14:24:40+00:00,portfolio-af329af4b2827c242af6,shadow-1h-fast-v3-no-esports-long-only-v1,SHADOW_1H_FAST_V3_NO_ESPORTS_LONG_ONLY_V1,BASELINE,PAPER_PORTFOLIO,12.89,E,False,27,0,0.1563223877931847,1.3718194624192128,0.48148148148148145,4.873838384015775,0,,,0,0.0
2026-07-27T14:24:40+00:00,portfolio-143dd9c33d2d4783cda7,shadow-btc-adaptive-1h,SHADOW_BTC_ADAPTIVE_1H,BASELINE,PAPER_PORTFOLIO,12.37,E,False,3,0,0.0902681690205895,1.248197162919008,0.6666666666666666,1.0910862311111014,0,,,0,0.0
2026-07-27T14:24:40+00:00,portfolio-8b3b1ebc38a7956fb73c,shadow-1h-fast-v3-no-esports-v1,SHADOW_1H_FAST_V3_NO_ESPORTS_V1,BASELINE,PAPER_PORTFOLIO,12.21,E,True,56,0,0.05818836314737261,1.1264456728873247,0.39285714285714285,4.740019198067589,0,,,0,0.0
2026-07-27T14:24:40+00:00,portfolio-c5f749c477b79e41c9b3,shadow-combo-adaptive-runner25-v1,SHADOW_COMBO_ADAPTIVE_RUNNER25_V1,BASELINE,PAPER_PORTFOLIO,12.14,E,False,24,0,0.14179362137868576,1.279967816734148,0.4583333333333333,3.2047004717868957,0,,,0,0.0
2026-07-27T14:24:40+00:00,portfolio-819df6e454a22a88bd0a,shadow-1h-fast-v3-nohigh-v1,SHADOW_1H_FAST_V3_NOHIGH_V1,BASELINE,PAPER_PORTFOLIO,11.85,E,True,57,0,0.04676896945911908,1.095907832958117,0.40350877192982454,5.534120465100367,0,,,0,0.0
2026-07-27T14:24:40+00:00,portfolio-cf34c6c9a6ec21328593,shadow-combo-adaptive-quality7-v1,SHADOW_COMBO_ADAPTIVE_QUALITY7_V1,BASELINE,PAPER_PORTFOLIO,10.84,E,False,19,0,0.09277425821626084,1.2475521518439179,0.42105263157894735,2.151322346447334,0,,,0,0.0
2026-07-27T14:24:40+00:00,portfolio-9e3c0b8359f0aa6f690a,shadow-1h-balanced,SHADOW_1H_BALANCED,BASELINE,PAPER_PORTFOLIO,10.53,E,True,54,0,0.13641496328708946,1.3259170527123647,0.5,4.1742769235581445,1,,,0,0.0
2026-07-27T14:24:40+00:00,portfolio-41e9f610d5c09a8b4cb4,shadow-1h-fast-v3-no-esports-stress-guard-v1,SHADOW_1H_FAST_V3_NO_ESPORTS_STRESS_GUARD_V1,BASELINE,PAPER_PORTFOLIO,10.41,E,False,18,0,0.08725994264153746,1.179729000349508,0.4444444444444444,2.4615303003939886,0,,,0,0.0
2026-07-27T14:24:40+00:00,portfolio-a742777cbc0c8c74aa6d,shadow-doge-donchian-1h,SHADOW_DOGE_DONCHIAN_1H,BASELINE,PAPER_PORTFOLIO,10.12,E,False,4,0,-0.0050545418485717945,0.9822935537178069,0.75,1.1418534849999848,0,,,0,0.0
2026-07-27T14:24:40+00:00,portfolio-0a0a90ccde67415644d5,shadow-1h-fast,SHADOW_1H_FAST,BASELINE,PAPER_PORTFOLIO,9.84,E,True,77,0,0.014670318253434116,1.031963887650692,0.35064935064935066,13.480875976232651,0,,,0,0.0
2026-07-27T14:24:40+00:00,portfolio-453f91cdf22610c84df2,shadow-1h-fast-v3-long-nohigh-cap75-lock-v1,SHADOW_1H_FAST_V3_LONG_NOHIGH_CAP75_LOCK_V1,BASELINE,PAPER_PORTFOLIO,9.81,E,True,46,0,-0.025349876190059024,0.9518543015972603,0.4782608695652174,5.822495094343611,0,,,0,0.0
2026-07-27T14:24:40+00:00,portfolio-ffbd7c4283d8983593d0,shadow-combo-adaptive-long-only-v1,SHADOW_COMBO_ADAPTIVE_LONG_ONLY_V1,BASELINE,PAPER_PORTFOLIO,9.77,E,False,12,0,0.14168983714591254,1.2430152762291935,0.4166666666666667,4.576725399728876,0,,,0,0.0
2026-07-27T14:24:40+00:00,portfolio-34cd6c2a7dc88fa4fb85,shadow-1h-fast-v3-long-nohigh-cap75-v1,SHADOW_1H_FAST_V3_LONG_NOHIGH_CAP75_V1,BASELINE,PAPER_PORTFOLIO,9.3,E,True,41,0,-0.01582591907350483,0.9700978478410177,0.43902439024390244,5.157956756294598,0,,,0,0.0
2026-07-27T14:24:40+00:00,portfolio-9fb781bb9b95e345d385,shadow-1h-balanced-v2,SHADOW_1H_BALANCED_V2,BASELINE,PAPER_PORTFOLIO,8.8,E,True,37,0,0.11458969128468983,1.2845074890581973,0.5405405405405406,4.1700830425241255,1,,,0,0.0
2026-07-27T14:24:40+00:00,portfolio-f6810d0869c7957cd69b,shadow-scanner-top5-btc-btc-2-3-v1,SHADOW_SCANNER_TOP5_BTC_BTC_2_3_V1,BASELINE,PAPER_PORTFOLIO,8.61,E,False,7,0,0.0828088861361071,1.163339596439384,0.42857142857142855,3.5488161816774437,0,,,0,0.0
2026-07-27T14:24:40+00:00,portfolio-34df8efa140f0be9b2a5,shadow-bollinger-mr-1h,SHADOW_BOLLINGER_MR_1H,BASELINE,PAPER_PORTFOLIO,8.53,E,True,42,0,0.002491708662029268,1.0051729993596445,0.42857142857142855,8.687654082115568,0,,,0,0.0
2026-07-27T14:24:40+00:00,portfolio-277e498cb740c2cab325,shadow-1h-fast-long-btc-1-3-cap75-v1,SHADOW_1H_FAST_LONG_BTC_1_3_CAP75_V1,BASELINE,PAPER_PORTFOLIO,8.18,E,False,23,0,0.009827850147771395,1.022146414965676,0.391304347826087,3.3286091633999373,0,,,0,0.0
2026-07-27T14:24:40+00:00,portfolio-5c599fd060f8cbf6c5e1,shadow-combo-scanner,SHADOW_COMBO_SCANNER,BASELINE,PAPER_PORTFOLIO,8.1,E,True,39,0,-0.02754135700301533,0.9546255697671456,0.4358974358974359,7.379744880979081,0,,,0,0.0
2026-07-27T14:24:40+00:00,portfolio-5e78cb3d398ae1d21884,shadow-master-adaptive-gb20-v1,SHADOW_MASTER_ADAPTIVE_GB20_V1,BASELINE,PAPER_PORTFOLIO,7.94,E,True,50,0,-0.15116702580923644,0.5939120441998039,0.58,8.237023955772726,0,,,0,0.0
2026-07-27T14:24:40+00:00,portfolio-21f7d4824afe44c077b0,shadow-1h-fast-v2,SHADOW_1H_FAST_V2,BASELINE,PAPER_PORTFOLIO,7.5,E,False,16,0,-0.02023419229277859,0.9562451544949822,0.4375,2.6268086564644846,0,,,0,0.0
2026-07-27T14:24:40+00:00,portfolio-4379496436a2e9c619cc,shadow-rsi-short-15x-10-rsi85,SHADOW_RSI_SHORT_15X_10_RSI85,BASELINE,PAPER_PORTFOLIO,7.47,E,False,2,0,-0.008153527631399649,0.9114147481429801,0.5,0.18408318451382322,0,,,0,0.0
2026-07-27T14:24:40+00:00,portfolio-82ddc460bc49f6ade6ed,shadow-rsi-short-15x-50-rsi85,SHADOW_RSI_SHORT_15X_50_RSI85,BASELINE,PAPER_PORTFOLIO,7.47,E,False,2,0,-0.008153527631399662,0.91141474814298,0.5,0.18408318451382322,0,,,0,0.0
2026-07-27T14:24:40+00:00,portfolio-fbc1f4ea2d610c9cbdd5,shadow-combo-mean-reversion,SHADOW_COMBO_MEAN_REVERSION,BASELINE,PAPER_PORTFOLIO,7.16,E,False,17,0,-0.002133570906234485,0.9965962024205267,0.4117647058823529,4.400611631006716,0,,,0,0.0
2026-07-27T14:24:40+00:00,portfolio-78401ccfa49277e71f78,shadow-scanner-top5-btc-tp3-v1,SHADOW_SCANNER_TOP5_BTC_TP3_V1,BASELINE,PAPER_PORTFOLIO,7.05,E,False,17,0,-0.01407510650499054,0.9807690607823124,0.47058823529411764,6.07339985590139,0,,,0,0.0
2026-07-27T14:24:40+00:00,portfolio-bfa3648cfc29e4473002,shadow-scanner-top5-btc-btc-le3-v1,SHADOW_SCANNER_TOP5_BTC_BTC_LE3_V1,BASELINE,PAPER_PORTFOLIO,7.0,E,False,14,0,-0.020638946264698744,0.9694987359528443,0.5,5.907052925124187,0,,,0,0.0
2026-07-27T14:24:40+00:00,portfolio-2e9822f0adea70ef302d,shadow-1h-balanced-v3-long-only-v1,SHADOW_1H_BALANCED_V3_LONG_ONLY_V1,BASELINE,PAPER_PORTFOLIO,6.99,E,False,9,0,0.014942506231524998,1.03076198569534,0.3333333333333333,1.608981897937056,0,,,0,0.0
2026-07-27T14:24:40+00:00,portfolio-5fde5af6b8a5fab33f94,shadow-combo-adaptive-tp3-v1,SHADOW_COMBO_ADAPTIVE_TP3_V1,BASELINE,PAPER_PORTFOLIO,6.89,E,False,13,0,-0.05628245345115449,0.8678187590040007,0.46153846153846156,1.5215748801749402,0,,,0,0.0
2026-07-27T14:24:40+00:00,portfolio-b5866ec7843f4a7bae73,shadow-4h-wide,SHADOW_4H_WIDE,BASELINE,PAPER_PORTFOLIO,6.77,E,False,19,0,0.036483827281387646,1.0625914135648273,0.2631578947368421,6.551582669896689,0,,,0,0.0
2026-07-27T14:24:40+00:00,portfolio-64ada8c42abe441d0264,shadow-scanner-top5-btc-guard-btc-le3-v1,SHADOW_SCANNER_TOP5_BTC_GUARD_BTC_LE3_V1,BASELINE,PAPER_PORTFOLIO,6.5,E,False,13,0,-0.018460771156781942,0.9743680650872684,0.46153846153846156,5.933571955715136,0,,,0,0.0
2026-07-27T14:24:40+00:00,portfolio-86541dccbdca123d1372,shadow-scanner-top5-btc-runner25-v1,SHADOW_SCANNER_TOP5_BTC_RUNNER25_V1,BASELINE,PAPER_PORTFOLIO,6.46,E,False,21,0,-0.04493901440539182,0.9317823406146052,0.47619047619047616,7.300790200073791,0,,,0,0.0
2026-07-27T14:24:40+00:00,portfolio-cee6d02a7743e138d4d6,shadow-ema-trend-1h,SHADOW_EMA_TREND_1H,BASELINE,PAPER_PORTFOLIO,5.96,E,True,30,0,-0.09330663884026624,0.8156730170076494,0.36666666666666664,3.9660921122952484,0,,,0,0.0
2026-07-27T14:24:40+00:00,portfolio-bedd6481a0ae26db1281,shadow-rsi-short-5x-rsi85,SHADOW_RSI_SHORT_5X_RSI85,BASELINE,PAPER_PORTFOLIO,5.78,E,False,2,0,-0.06794363829593669,0.417122911870493,0.5,0.2331319575932296,0,,,0,0.0
2026-07-27T14:24:40+00:00,portfolio-87eecfe2d4db46025edd,shadow-btc-donchian-1h,SHADOW_BTC_DONCHIAN_1H,BASELINE,PAPER_PORTFOLIO,5.54,E,False,4,0,-0.09439330460283055,0.8293497950819212,0.5,2.2125564899999803,0,,,0,0.0
2026-07-27T14:24:40+00:00,portfolio-62b88609bb6c985b4a84,shadow-rsi-short-15x-10-rsi80,SHADOW_RSI_SHORT_15X_10_RSI80,BASELINE,PAPER_PORTFOLIO,5.47,E,False,3,0,-0.28251378783905357,0.37257738706835447,0.6666666666666666,1.350830119999988,0,,,0,0.0
2026-07-27T14:24:40+00:00,portfolio-0cb33af5f09e9f755a8d,shadow-rsi-short-15x-50-rsi80,SHADOW_RSI_SHORT_15X_50_RSI80,BASELINE,PAPER_PORTFOLIO,5.47,E,False,3,0,-0.28251378783905357,0.3725773870683544,0.6666666666666666,1.350830119999988,0,,,0,0.0
2026-07-27T14:24:40+00:00,portfolio-8b2f0290d089fd0bd0d1,shadow-rsi-short-5x-rsi80,SHADOW_RSI_SHORT_5X_RSI80,BASELINE,PAPER_PORTFOLIO,5.47,E,False,3,0,-0.32523344752229744,0.27770314851515077,0.6666666666666666,1.350830119999988,0,,,0,0.0
2026-07-27T14:24:40+00:00,portfolio-50f59e1f58ee8509a158,shadow-scanner-top5-btc-guard-btc-le3-mfe-v1,SHADOW_SCANNER_TOP5_BTC_GUARD_BTC_LE3_MFE_V1,BASELINE,PAPER_PORTFOLIO,5.37,E,False,27,0,-0.11351633542280785,0.8020413779544654,0.4444444444444444,6.600158684559956,0,,,0,0.0
2026-07-27T14:24:40+00:00,portfolio-715fef44adfc7e3e2443,shadow-scanner-top10-long,SHADOW_SCANNER_TOP10_LONG,BASELINE,PAPER_PORTFOLIO,5.2,E,False,13,0,-0.08978770460317895,0.8621620111701737,0.46153846153846156,5.41068780898176,0,,,0,0.0
2026-07-27T14:24:40+00:00,portfolio-ccf049afb53cd93de4e1,shadow-scanner-top15-long,SHADOW_SCANNER_TOP15_LONG,BASELINE,PAPER_PORTFOLIO,5.2,E,False,13,0,-0.08978770460317895,0.8621620111701737,0.46153846153846156,5.41068780898176,0,,,0,0.0
2026-07-27T14:24:40+00:00,portfolio-d62efc5ad2aa6d40d66d,shadow-scanner-top20-long,SHADOW_SCANNER_TOP20_LONG,BASELINE,PAPER_PORTFOLIO,5.2,E,False,13,0,-0.08978770460317895,0.8621620111701737,0.46153846153846156,5.41068780898176,0,,,0,0.0
2026-07-27T14:24:40+00:00,portfolio-2ed164b4a669c4eea5b8,shadow-sol-ema-1h,SHADOW_SOL_EMA_1H,BASELINE,PAPER_PORTFOLIO,4.82,E,False,5,0,-0.08772748847798213,0.8656424246129518,0.4,2.1690324155244207,0,,,0,0.0
2026-07-27T14:24:40+00:00,portfolio-fe7a3a0ebd874723fba0,shadow-relative-strength-v2,SHADOW_RELATIVE_STRENGTH_V2,BASELINE,PAPER_PORTFOLIO,3.98,E,True,44,0,0.033634226731630856,1.050473208611915,0.4090909090909091,9.140627380905013,1,,,0,0.0
2026-07-27T14:24:40+00:00,portfolio-0670ff0ff223559d1cb4,shadow-1h-fast-tp2-v1,SHADOW_1H_FAST_TP2_V1,BASELINE,PAPER_PORTFOLIO,3.97,E,True,54,0,-0.02337321231831529,0.9526328677087802,0.35185185185185186,6.4872793655724275,1,,,0,0.0
2026-07-27T14:24:40+00:00,portfolio-2de2d373ceb02d710737,shadow-1h-balanced-short-trend-down-strict-v1,SHADOW_1H_BALANCED_SHORT_TREND_DOWN_STRICT_V1,BASELINE,PAPER_PORTFOLIO,3.86,E,False,1,0,-0.08269742033547745,0.0,0.0,0.08269742033547745,0,,,0,0.0
2026-07-27T14:24:40+00:00,portfolio-83c16ee36e16a8d5a61c,shadow-combo-adaptive-regime-v1,SHADOW_COMBO_ADAPTIVE_REGIME_V1,BASELINE,PAPER_PORTFOLIO,3.7,E,False,17,0,-0.20321015745600077,0.6533961797993305,0.47058823529411764,5.641262985914569,0,,,0,0.0
2026-07-27T14:24:40+00:00,portfolio-82bb14307d46b142dc75,shadow-master-adaptive-gb20-be-v1,SHADOW_MASTER_ADAPTIVE_GB20_BE_V1,BASELINE,PAPER_PORTFOLIO,3.59,E,False,18,0,-0.11440190036812414,0.7940734481316665,0.2222222222222222,5.817658302021519,0,,,0,0.0
2026-07-27T14:24:40+00:00,portfolio-290e0461e5869c4146fe,shadow-eth-bollinger-1h,SHADOW_ETH_BOLLINGER_1H,BASELINE,PAPER_PORTFOLIO,3.54,E,False,2,0,-0.4042842140547045,0.27643380358593866,0.5,1.1174767866666688,0,,,0,0.0
2026-07-27T14:24:40+00:00,portfolio-bb34be0621fc28d02e45,shadow-scanner-bottom5-short-mfe-trail-v1,SHADOW_SCANNER_BOTTOM5_SHORT_MFE_TRAIL_V1,BASELINE,PAPER_PORTFOLIO,3.46,E,False,6,0,-0.24855039482131028,0.5429295328543484,0.5,2.6074029390329607,0,,,0,0.0
2026-07-27T14:24:40+00:00,portfolio-dee88e9ee0cc51d43b22,shadow-scanner-top5-btc-guard-mfe-v1,SHADOW_SCANNER_TOP5_BTC_GUARD_MFE_V1,BASELINE,PAPER_PORTFOLIO,3.41,E,True,33,0,-0.1965558630523587,0.6611508152666011,0.3939393939393939,8.878465773384056,0,,,0,0.0
2026-07-27T14:24:40+00:00,portfolio-e2801705402832b94ece,shadow-combo-adaptive-quality7-regime-partial-1r-v1,SHADOW_COMBO_ADAPTIVE_QUALITY7_REGIME_PARTIAL_1R_V1,BASELINE,PAPER_PORTFOLIO,3.34,E,False,9,0,-0.20965137193158156,0.6483234339468362,0.4444444444444444,3.213733280400576,0,,,0,0.0
2026-07-27T14:24:40+00:00,portfolio-5f67fe2bf5c8895b8fd1,shadow-scanner-top5-btc-mfe-v1,SHADOW_SCANNER_TOP5_BTC_MFE_V1,BASELINE,PAPER_PORTFOLIO,3.23,E,False,25,0,-0.21091361097277492,0.5670825111054423,0.4,6.786508128090713,0,,,0,0.0
2026-07-27T14:24:40+00:00,portfolio-9a7408288291e95f7a00,shadow-master-adaptive-expanded-v1,SHADOW_MASTER_ADAPTIVE_EXPANDED_V1,BASELINE,PAPER_PORTFOLIO,2.92,E,False,17,0,-0.17012348678202105,0.8018881615317941,0.35294117647058826,5.984224446259035,0,,,0,0.0
2026-07-27T14:24:40+00:00,portfolio-2a348928df768627b636,shadow-scanner-bottom5-short,SHADOW_SCANNER_BOTTOM5_SHORT,BASELINE,PAPER_PORTFOLIO,2.72,E,False,29,0,-0.1977448586000323,0.6173607279443142,0.3103448275862069,8.225655120324793,0,,,0,0.0
2026-07-27T14:24:40+00:00,portfolio-dbb536cd147f934a2c18,shadow-master-adaptive-gb20-partial-v1,SHADOW_MASTER_ADAPTIVE_GB20_PARTIAL_V1,BASELINE,PAPER_PORTFOLIO,2.31,E,False,13,0,-0.21304149328622402,0.7011628527690799,0.3076923076923077,4.151957599204802,0,,,0,0.0
2026-07-27T14:24:40+00:00,portfolio-5acfa7d284755aa493b0,shadow-eth-adaptive-1h,SHADOW_ETH_ADAPTIVE_1H,BASELINE,PAPER_PORTFOLIO,2.09,E,False,5,0,-0.5868906056325941,0.10577841731727781,0.4,2.93445302816297,0,,,0,0.0
2026-07-27T14:24:40+00:00,portfolio-b8f11aa68ad68cf7a66b,shadow-scanner-bottom5-short-profit-lock-v1,SHADOW_SCANNER_BOTTOM5_SHORT_PROFIT_LOCK_V1,BASELINE,PAPER_PORTFOLIO,2.06,E,False,5,0,-0.48008472385014517,0.24896826455061638,0.4,3.032501964785607,0,,,0,0.0
2026-07-27T14:24:40+00:00,portfolio-b3d557ccad6e9b11f365,shadow-btc-ema-1h,SHADOW_BTC_EMA_1H,BASELINE,PAPER_PORTFOLIO,1.87,E,False,6,0,-0.2914072338733055,0.5963837413135914,0.3333333333333333,2.187500239999982,0,,,0,0.0
2026-07-27T14:24:40+00:00,portfolio-dfaed3654cafef4bae0b,shadow-rsi-short-15x-10-rsi75,SHADOW_RSI_SHORT_15X_10_RSI75,BASELINE,PAPER_PORTFOLIO,1.81,E,False,10,0,-0.3559572026998747,0.42292189839126704,0.3,3.5595720269987465,0,,,0,0.0
2026-07-27T14:24:40+00:00,portfolio-c3478e3c0e960adea4e9,shadow-rsi-short-15x-50-rsi75,SHADOW_RSI_SHORT_15X_50_RSI75,BASELINE,PAPER_PORTFOLIO,1.81,E,False,10,0,-0.3559572026998747,0.422921898391267,0.3,3.5595720269987465,0,,,0,0.0
2026-07-27T14:24:40+00:00,portfolio-30e9a0824a877a3a8e84,shadow-btc-donchian-4h,SHADOW_BTC_DONCHIAN_4H,BASELINE,PAPER_PORTFOLIO,1.77,E,False,1,0,-0.9863694920722902,0.0,0.0,0.9863694920722902,0,,,0,0.0
2026-07-27T14:24:40+00:00,portfolio-1ceb3e00677a80a808ff,shadow-btc-ema-4h,SHADOW_BTC_EMA_4H,BASELINE,PAPER_PORTFOLIO,1.77,E,False,1,0,-0.9863694920722902,0.0,0.0,0.9863694920722902,0,,,0,0.0
2026-07-27T14:24:40+00:00,portfolio-81a8be501c346f6c44b4,shadow-btc-adaptive-4h,SHADOW_BTC_ADAPTIVE_4H,BASELINE,PAPER_PORTFOLIO,1.76,E,False,1,0,-1.0075324198957611,0.0,0.0,1.0075324198957611,0,,,0,0.0
2026-07-27T14:24:40+00:00,portfolio-9257c1e6e8aad73a0a82,shadow-sol-adaptive-4h,SHADOW_SOL_ADAPTIVE_4H,BASELINE,PAPER_PORTFOLIO,1.75,E,False,1,0,-1.036679404985331,0.0,0.0,1.036679404985331,0,,,0,0.0
2026-07-27T14:24:40+00:00,portfolio-a5a52ec98076660a156a,shadow-sol-donchian-4h,SHADOW_SOL_DONCHIAN_4H,BASELINE,PAPER_PORTFOLIO,1.75,E,False,1,0,-1.0400866139112919,0.0,0.0,1.0400866139112919,0,,,0,0.0
2026-07-27T14:24:40+00:00,portfolio-9d6c1ff34fb282adfae0,shadow-eth-ema-4h,SHADOW_ETH_EMA_4H,BASELINE,PAPER_PORTFOLIO,1.75,E,False,1,0,-1.0576060801035667,0.0,0.0,1.0576060801035667,0,,,0,0.0
2026-07-27T14:24:40+00:00,portfolio-9139cc28ff21fc1fc3dc,shadow-rsi-long-15x-10-rsi15,SHADOW_RSI_LONG_15X_10_RSI15,BASELINE,PAPER_PORTFOLIO,1.71,E,False,1,0,-1.1618119833199683,0.0,0.0,1.1618119833199683,0,,,0,0.0
2026-07-27T14:24:40+00:00,portfolio-436d06d849f096b751ad,shadow-rsi-long-15x-50-rsi15,SHADOW_RSI_LONG_15X_50_RSI15,BASELINE,PAPER_PORTFOLIO,1.71,E,False,1,0,-1.1618119833199683,0.0,0.0,1.1618119833199683,0,,,0,0.0
2026-07-27T14:24:40+00:00,portfolio-c9b40dbd11f5f511bd0f,shadow-rsi-long-5x-rsi15,SHADOW_RSI_LONG_5X_RSI15,BASELINE,PAPER_PORTFOLIO,1.71,E,False,1,0,-1.1618119833199683,0.0,0.0,1.1618119833199683,0,,,0,0.0
2026-07-27T14:24:40+00:00,portfolio-16c6a37876414ef12dbf,shadow-eth-donchian-1h,SHADOW_ETH_DONCHIAN_1H,BASELINE,PAPER_PORTFOLIO,1.66,E,False,4,0,-0.3601923178109671,0.5675460109600282,0.25,2.2252564900000005,0,,,0,0.0
2026-07-27T14:24:40+00:00,portfolio-c3c8f5fcd89693765096,shadow-rsi-long-15x-10-rsi20,SHADOW_RSI_LONG_15X_10_RSI20,BASELINE,PAPER_PORTFOLIO,1.65,E,False,2,0,-0.8200627687146791,0.0,0.0,1.6401255374293582,0,,,0,0.0
2026-07-27T14:24:40+00:00,portfolio-153c426889a806878f49,shadow-rsi-long-15x-50-rsi20,SHADOW_RSI_LONG_15X_50_RSI20,BASELINE,PAPER_PORTFOLIO,1.65,E,False,2,0,-0.8200627687146792,0.0,0.0,1.6401255374293584,0,,,0,0.0
2026-07-27T14:24:40+00:00,portfolio-0feb8dc3e58c62c4418f,shadow-rsi-long-5x-rsi20,SHADOW_RSI_LONG_5X_RSI20,BASELINE,PAPER_PORTFOLIO,1.65,E,False,2,0,-0.8200627687146792,0.0,0.0,1.6401255374293584,0,,,0,0.0
2026-07-27T14:24:40+00:00,portfolio-18fec9ee52b2bfad8071,shadow-combo-adaptive-quality7-regime-v1,SHADOW_COMBO_ADAPTIVE_QUALITY7_REGIME_V1,BASELINE,PAPER_PORTFOLIO,1.6,E,False,9,0,-0.41933619773589953,0.326680950532218,0.3333333333333333,3.9062044770818867,0,,,0,0.0
2026-07-27T14:24:40+00:00,portfolio-364f66c0d7417aeb66c1,shadow-sol-ema-4h,SHADOW_SOL_EMA_4H,BASELINE,PAPER_PORTFOLIO,1.51,E,False,2,0,-1.0395735134110764,0.0,0.0,2.079147026822153,0,,,0,0.0
2026-07-27T14:24:40+00:00,portfolio-50c2b19a5ebdc2f2ee65,shadow-global-pure,SHADOW_GLOBAL_PURE,BASELINE,PAPER_PORTFOLIO,1.48,E,False,10,0,-0.4205376188485495,0.3718754625024352,0.3,4.555479533068315,0,,,0,0.0
2026-07-27T14:24:40+00:00,portfolio-4817f756aec21c6276aa,shadow-doge-bollinger-1h,SHADOW_DOGE_BOLLINGER_1H,BASELINE,PAPER_PORTFOLIO,1.46,E,False,2,0,-1.1143567866666735,0.0,0.0,2.228713573333347,0,,,0,0.0
2026-07-27T14:24:40+00:00,portfolio-d26fad78c21127a6a04d,shadow-master-adaptive-gb20-loss-cap-v1,SHADOW_MASTER_ADAPTIVE_GB20_LOSS_CAP_V1,BASELINE,PAPER_PORTFOLIO,1.42,E,False,14,0,-0.26539342290216655,0.7400070602576004,0.2857142857142857,5.927386464475692,0,,,0,0.0
2026-07-27T14:24:40+00:00,portfolio-b70a7c4c8d36ee4e984f,shadow-master-adaptive-runner25-v1,SHADOW_MASTER_ADAPTIVE_RUNNER25_V1,BASELINE,PAPER_PORTFOLIO,1.4,E,False,16,0,-0.2687602218025724,0.7068806426282909,0.3125,6.604372579578347,0,,,0,0.0
2026-07-27T14:24:40+00:00,portfolio-284f9796f731bec657b4,shadow-rsi-long-15x-10-rsi25,SHADOW_RSI_LONG_15X_10_RSI25,BASELINE,PAPER_PORTFOLIO,1.31,E,False,6,0,-0.31451848272941313,0.5104871349089943,0.3333333333333333,3.8550792654359447,0,,,0,0.0
2026-07-27T14:24:40+00:00,portfolio-ad739df1f7a422d33c51,shadow-rsi-long-15x-50-rsi25,SHADOW_RSI_LONG_15X_50_RSI25,BASELINE,PAPER_PORTFOLIO,1.31,E,False,6,0,-0.3145184827294131,0.5104871349089944,0.3333333333333333,3.855079265435945,0,,,0,0.0
2026-07-27T14:24:40+00:00,portfolio-070a6a6fb11c2321a3af,shadow-rsi-long-5x-rsi25,SHADOW_RSI_LONG_5X_RSI25,BASELINE,PAPER_PORTFOLIO,1.3,E,False,6,0,-0.5552132104558276,0.1477438043366084,0.16666666666666666,3.908776820498108,0,,,0,0.0
2026-07-27T14:24:40+00:00,portfolio-d1314b7ff8149020140b,shadow-sol-bollinger-1h,SHADOW_SOL_BOLLINGER_1H,BASELINE,PAPER_PORTFOLIO,1.28,E,False,4,0,-0.49269004500000335,0.4118866577766542,0.25,3.3509870266666804,0,,,0,0.0
2026-07-27T14:24:40+00:00,portfolio-1f4b26875bcee2e39cc3,shadow-sol-adaptive-1h,SHADOW_SOL_ADAPTIVE_1H,BASELINE,PAPER_PORTFOLIO,1.25,E,False,6,0,-0.5512489193625979,0.2914705425781263,0.3333333333333333,4.040490586213864,0,,,0,0.0
2026-07-27T14:24:40+00:00,portfolio-4075a57560830d6b5f89,shadow-scanner-top5-btc-guard-v1,SHADOW_SCANNER_TOP5_BTC_GUARD_V1,BASELINE,PAPER_PORTFOLIO,1.23,E,False,19,0,-0.3526697770087722,0.5771097075374487,0.3157894736842105,8.010716111678658,0,,,0,0.0
2026-07-27T14:24:40+00:00,portfolio-367dcc12fca7439720d9,shadow-eth-ema-1h,SHADOW_ETH_EMA_1H,BASELINE,PAPER_PORTFOLIO,1.23,E,False,7,0,-0.6279898130893167,0.1979082935084046,0.2857142857142857,4.395928691625216,0,,,0,0.0
2026-07-27T14:24:40+00:00,portfolio-76de9ff1f49a7b570409,shadow-combo-adaptive-partial-1r-v1,SHADOW_COMBO_ADAPTIVE_PARTIAL_1R_V1,BASELINE,PAPER_PORTFOLIO,1.22,E,False,22,0,-0.37387236502940047,0.4817135741273382,0.36363636363636365,9.408066571264559,0,,,0,0.0
2026-07-27T14:24:40+00:00,portfolio-857084946372822c0760,shadow-rsi-short-5x-rsi75,SHADOW_RSI_SHORT_5X_RSI75,BASELINE,PAPER_PORTFOLIO,1.13,E,False,10,0,-0.4837549692562914,0.271208218665348,0.3,5.599803614295279,0,,,0,0.0
2026-07-27T14:24:40+00:00,portfolio-c7ec993479bb353f7ac4,shadow-master-adaptive-no-alt-v1,SHADOW_MASTER_ADAPTIVE_NO_ALT_V1,BASELINE,PAPER_PORTFOLIO,0.94,E,False,14,0,-0.3987914990764819,0.5872984907101895,0.2857142857142857,7.387689930827727,0,,,0,0.0
2026-07-27T14:24:40+00:00,portfolio-8baa4f763c912f9e092a,shadow-master-adaptive-v1,SHADOW_MASTER_ADAPTIVE_V1,BASELINE,PAPER_PORTFOLIO,0.91,E,False,14,0,-0.4050486442964362,0.5835199672656315,0.2857142857142857,7.4752899639070876,0,,,0,0.0
2026-07-27T14:24:40+00:00,portfolio-9ef3a42c7b327e6c7385,shadow-1h-fast-v3-long-only-v1,SHADOW_1H_FAST_V3_LONG_ONLY_V1,BASELINE,PAPER_PORTFOLIO,0.78,E,True,48,0,-0.12385718123437937,0.770575220428913,0.3333333333333333,7.491065386233931,1,,,0,0.0
2026-07-27T14:24:40+00:00,portfolio-3a9fde41d9e5dcff95c4,shadow-scanner-bottom10-short,SHADOW_SCANNER_BOTTOM10_SHORT,BASELINE,PAPER_PORTFOLIO,0.74,E,False,6,0,-0.8243525658944677,0.11331236864367285,0.16666666666666666,5.578193740901686,0,,,0,0.0
2026-07-27T14:24:40+00:00,portfolio-33c546a4d1cef8e93a1a,shadow-scanner-bottom15-short,SHADOW_SCANNER_BOTTOM15_SHORT,BASELINE,PAPER_PORTFOLIO,0.74,E,False,6,0,-0.8243525658944677,0.11331236864367285,0.16666666666666666,5.578193740901686,0,,,0,0.0
2026-07-27T14:24:40+00:00,portfolio-ef56bcdaac91611bc349,shadow-scanner-bottom20-short,SHADOW_SCANNER_BOTTOM20_SHORT,BASELINE,PAPER_PORTFOLIO,0.74,E,False,6,0,-0.8243525658944677,0.11331236864367285,0.16666666666666666,5.578193740901686,0,,,0,0.0
2026-07-27T14:24:40+00:00,portfolio-93741e08d7293a0349c0,shadow-master-adaptive-strict3-v1,SHADOW_MASTER_ADAPTIVE_STRICT3_V1,BASELINE,PAPER_PORTFOLIO,0.67,E,False,23,0,-0.4732331038082075,0.5223592131358458,0.2608695652173913,10.88436138758877,0,,,0,0.0
2026-07-27T14:24:40+00:00,portfolio-f798f802d047a2248ce9,shadow-combo-trend,SHADOW_COMBO_TREND,BASELINE,PAPER_PORTFOLIO,0.0,E,True,42,0,-0.1473781887227809,0.8001701987224269,0.3333333333333333,11.505972819587091,1,,,0,0.0
2026-07-27T14:24:40+00:00,portfolio-8cd112a254ef36f869f3,shadow-relative-strength,SHADOW_RELATIVE_STRENGTH,BASELINE,PAPER_PORTFOLIO,0.0,E,True,32,0,-0.2609896173262631,0.5815112851683134,0.28125,12.34195490745794,1,,,0,0.0
2026-07-27T14:24:40+00:00,portfolio-31277758e15451c0d2c0,shadow-combo-adaptive-mfe-trail,SHADOW_COMBO_ADAPTIVE_MFE_TRAIL,BASELINE,PAPER_PORTFOLIO,0.0,E,True,32,0,-0.2624691685497092,0.5035972003385171,0.3125,10.536705368554545,1,,,0,0.0
2026-07-27T14:24:40+00:00,portfolio-95832d038fbf7e6529e6,main,MAIN,BASELINE,PAPER_PORTFOLIO,0.0,E,False,23,0,-0.2141775225043688,0.7163119652365771,0.30434782608695654,9.760614793492802,1,,,0,0.0
2026-07-27T14:24:40+00:00,portfolio-cbf888259f54cba9c019,shadow-1h-balanced-long-no-rhv-v1,SHADOW_1H_BALANCED_LONG_NO_RHV_V1,BASELINE,PAPER_PORTFOLIO,0.0,E,False,13,0,-0.15602545444896088,0.7775649309103416,0.38461538461538464,3.8206032015627116,1,,,0,0.0
