generated_utc,portfolio,portfolio_label,is_main,strategy,strategy_label,equity_eur,balance_eur,unrealized_pnl_eur,month_pnl_eur,monthly_target_eur,target_progress_pct,open_positions,open_margin_eur,open_notional_eur,open_initial_risk_eur,open_stop_risk_eur,closed_trades,unique_market_events,winning_trades,win_rate_pct,profit_factor,expectancy_eur,net_pnl_closed_eur,average_mfe_net_eur,average_mae_net_eur,excursion_sample,average_signed_capture_pct,signed_capture_sample,average_winner_capture_pct,winner_capture_sample,average_profit_giveback_eur,average_profit_giveback_pct_of_mfe,giveback_sample,lost_after_positive_mfe_count,average_profit_retained_pct,profit_retention_sample,max_drawdown_pct
2026-08-14T11:13:39+00:00,MAIN,Principale 4H,True,confluence_trend,Confluenza trend,9732.274519431858,9717.029073730708,15.245445701150286,-16.072900427390778,3000.0,-0.5357633475796926,5,1286.7436458995394,3860.2309376986177,194.28169238643335,194.28169238643312,40,40,14,35.0,0.7753909821771054,-7.076648389824252,-283.06593559297005,45.08360129359106,-44.50065969086714,36,-285.9931577444601,33,68.27947967923606,12,59.05230034483078,385.99315774446006,33,21,68.27947967923606,12,6.362312576071417
2026-08-14T11:13:39+00:00,SHADOW_1H_BALANCED,Bilanciata 1H V1,False,confluence_trend,Confluenza trend,9994.250315617306,9993.68904907768,0.5612665396253657,-310.9352057895521,3000.0,-10.364506859651737,6,1980.1761083266167,5940.52832497985,201.3122028590049,151.21011171622257,92,92,39,42.391304347826086,0.9979025630892115,-0.03771229776320782,-3.4695313942151196,37.49144161255832,-27.82781860466312,86,-372.4161063895808,79,58.789326528530175,35,39.699814731184354,472.4161063895808,79,44,58.789326528530175,35,6.2726771911257515
2026-08-14T11:13:39+00:00,SHADOW_1H_BALANCED_LONG_NO_RHV_V1,Bilanciata 1H — LONG senza Range High Vol,False,confluence_trend,Confluenza trend,9543.36590274369,9544.226425256427,-0.8605225127384943,-113.86847179263714,3000.0,-3.795615726421238,5,1796.5338230423781,5389.601469127134,190.74615108630516,143.36258233368153,40,40,13,32.5,0.622867777383266,-11.306762221835482,-452.2704888734193,43.13648249530185,-39.382611175245415,40,-296.44161860913965,39,65.50085526803552,13,55.82827265514426,396.44161860913965,39,26,65.50085526803552,13,7.002542842056797
2026-08-14T11:13:39+00:00,SHADOW_1H_BALANCED_SHORT_TREND_DOWN_STRICT_V1,Bilanciata 1H — SHORT Trend Down stretto,False,confluence_trend,Confluenza trend,10007.722277808789,9938.893971675845,68.82830613294456,64.34678520718808,3000.0,2.1448928402396024,4,3303.336456527069,9910.009369581207,199.26286180870522,149.54598434569692,2,2,0,0.0,0.0,-28.312253699198926,-56.62450739839785,49.49650523938539,-30.71970663300553,2,-63.897892122149855,2,0.0,0,77.80875893858432,163.89789212214987,2,2,0.0,0,1.3587560776283731
2026-08-14T11:13:39+00:00,SHADOW_1H_BALANCED_V2,Bilanciata 1H V2,False,confluence_trend_v2,Confluenza trend V2,9856.88030580507,9815.548308354293,41.33199745077688,-421.91935608611857,3000.0,-14.063978536203953,5,2605.155423966032,7815.466271898095,195.31044362114,146.25167599289622,59,55,26,44.06779661016949,0.8654457864485527,-3.0815539006902055,-181.81168014072213,44.67483466477619,-33.945724239452744,59,-316.88196896279237,53,51.51426941910023,26,48.15042041030623,416.8819689627923,53,27,51.51426941910023,26,5.620694280573621
2026-08-14T11:13:39+00:00,SHADOW_1H_BALANCED_V3,Bilanciata 1H V3 Filtered,False,confluence_trend_v3_filtered,Confluenza trend V3 Filtered,10307.880261806398,10255.457152044832,52.42310976156684,-132.15788478345712,3000.0,-4.405262826115237,6,3044.1963103460425,9132.588931038128,206.0662691877592,157.27036528744972,82,82,32,39.02439024390244,1.1580198093014882,3.145002331350296,257.8901911707243,41.398301019680545,-30.787272614184847,82,-312.9894064328339,81,73.19410255401615,32,38.134655735566,413.1624629520333,81,49,73.19410255401615,32,4.308788362008295
2026-08-14T11:13:39+00:00,SHADOW_1H_FAST,Rapida 1H V1 — madre,False,momentum_breakout,Momentum / breakout,10043.27869572774,10043.27869572774,0,0.0,3000.0,0.0,0,0,0,0,0,78,78,27,34.61538461538461,1.0244303008182483,0.554855073432741,43.2786957277538,44.118245124297275,-35.380986312542944,67,-242.72844287707716,63,88.99407322313154,21,45.7779358540634,342.72844287707704,63,42,88.99407322313154,21,6.7637679617549376
2026-08-14T11:13:39+00:00,SHADOW_1H_FAST_SCORE_6_75_V1,"Rapida V1 — score 6–7,5",False,momentum_breakout,Momentum / breakout,10515.369477717979,10433.928879466332,81.44059825164769,29.8180126688967,3000.0,0.9939337556298901,5,3438.2101889462992,10314.630566838898,210.23390833635673,104.9677352797776,103,103,45,43.689320388349515,1.2026962568773076,4.240448122979413,436.7661566668795,45.062902445175254,-35.27254741334943,103,-229.56258849336325,98,78.00757548899055,45,41.04912646274538,329.5625884933633,98,53,78.00757548899055,45,3.211379076056394
2026-08-14T11:13:39+00:00,SHADOW_1H_FAST_SCORE_6_75_NO_TREND_UP_V1,"Rapida score 6–7,5 — senza Trend Up",False,momentum_breakout,Momentum / breakout,10235.789922869675,10156.514643321667,79.27527954800888,29.02522010690882,3000.0,0.9675073368969606,5,3346.7960663957424,10040.388199187228,204.6442709364303,102.176883967787,61,61,29,47.540983606557376,1.1087041336088481,2.611089898843406,159.27648382944778,44.26411241449395,-35.62359836724825,61,-188.17439840204213,58,80.54660851851399,29,41.71135989694075,288.17439840204213,58,29,80.54660851851399,29,3.5554058591124615
2026-08-14T11:13:39+00:00,SHADOW_1H_FAST_SCORE_6_75_RANGE_ONLY_V1,"Rapida score 6–7,5 — Range Only",False,momentum_breakout,Momentum / breakout,10381.58165250429,10310.202081014466,71.37957148982484,163.510871186425,3000.0,5.450362372880833,2,1685.0446869610892,5055.134060883268,103.29959283250008,0.0,29,29,15,51.724137931034484,1.419395872147378,10.687895656974787,309.9489740522688,48.87836723091806,-39.43251429330203,29,-158.52259296301042,26,93.74781612217194,15,37.88450596686587,258.52259296301037,26,11,93.74781612217194,15,2.3062375895341427
2026-08-14T11:13:39+00:00,SHADOW_1H_FAST_SCORE_6_75_COST_AWARE_V1,"Rapida score 6–7,5 — Cost Aware",False,momentum_breakout,Momentum / breakout,10510.689873328387,10453.428231172558,57.26164215582915,4.551565048004704,3000.0,0.15171883493349014,4,2028.0154069903026,6084.046220970908,210.56101904392693,104.5477403230292,55,55,28,50.90909090909091,1.4177622133586025,8.24894770808107,453.69212394445884,46.066020145833896,-35.649933137819964,55,-155.63402473368197,52,74.1204949568294,28,37.73938896123249,255.63402473368194,52,24,74.1204949568294,28,2.9967158516620565
2026-08-14T11:13:39+00:00,SHADOW_1H_FAST_NOHIGH_CAP75_V1,"Rapida V1 — no HIGH + score <7,5",False,momentum_breakout,Momentum / breakout,10350.12692505417,10243.10296503596,107.02396001821079,-141.97950525027773,3000.0,-4.732650175009258,6,3503.9202638280462,10511.76079148414,206.8174486256002,152.60426047045092,91,91,38,41.75824175824176,1.1223375056171534,2.683112975444532,244.16328076545244,40.035227442888036,-32.87770509337291,91,-384.5057964568316,85,85.06775119344792,38,37.931881656001956,484.50579645683155,85,47,85.06775119344792,38,6.151188675957616
2026-08-14T11:13:39+00:00,SHADOW_1H_FAST_LONG_BTC_1_3_CAP75_V1,"Rapida V1 — Long + BTC 1–3 + score <7,5",False,momentum_breakout,Momentum / breakout,10130.835147420066,10130.835147420066,0.0,134.38504429288514,3000.0,4.479501476429505,1,139.3148665491577,417.94459964747307,50.15335195769676,50.15335195769674,28,28,11,39.285714285714285,1.247993508993452,4.682386121779818,131.1068114098349,44.21175295501636,-32.63199252904847,28,-542.7267812375738,28,83.4299562088622,11,39.529366833236544,642.7267812375737,28,17,83.4299562088622,11,2.2741142050410375
2026-08-14T11:13:39+00:00,SHADOW_1H_FAST_NO_PEPE_V1,Rapida V1 — senza PEPE,False,momentum_breakout,Momentum / breakout,10210.021648779,10130.354252206898,79.66739657210135,25.620708354916133,3000.0,0.8540236118305378,6,4000.980872272478,12002.942616817434,204.25593028509599,101.91651281619497,95,95,41,43.15789473684211,1.0696166002569196,1.3948992953687775,132.51543306003387,39.477683104524544,-32.7732775646923,95,-205.84527825032532,90,82.48284319945587,41,38.26579062475065,305.84527825032535,90,49,82.48284319945587,41,3.640431384671184
2026-08-14T11:13:39+00:00,SHADOW_1H_FAST_TP2_V1,Rapida V1 — target pieno 2R,False,momentum_breakout,Momentum / breakout,10076.766960837034,9941.462754819533,135.30420601750103,103.4428335057928,3000.0,3.4480944501930932,8,2026.7476894609886,6080.243068382965,201.53694131259076,103.59642072573,107,107,38,35.51401869158878,0.9728328832577808,-0.543322661324318,-58.135524761702015,40.80905682511712,-31.885771887215377,107,-230.12250205552866,100,70.67162076898583,38,41.57687297752811,330.1225020555287,100,62,70.67162076898583,38,3.9494425555990005
2026-08-14T11:13:39+00:00,SHADOW_1H_FAST_V2,Rapida 1H V2,False,momentum_breakout_v2,Momentum / breakout V2,9773.616997703755,9765.684291163076,7.932706540680262,-200.59755531522387,3000.0,-6.686585177174129,1,1461.5877371268637,4384.763211380591,49.10934796746262,49.10934796746269,28,25,10,35.714285714285715,0.7056358040266728,-8.337098435523059,-233.43875619464566,36.93030851582414,-39.36982970657113,28,-319.5695023466671,26,81.12335503259396,10,44.59888277413775,419.56950234666704,26,16,81.12335503259396,10,3.8860719914357937
2026-08-14T11:13:39+00:00,SHADOW_1H_FAST_V3,Rapida 1H V3 Filtered — madre,False,momentum_breakout_v3_filtered,Momentum / breakout V3 Filtered,9790.14342843192,9676.076857966109,114.06657046581175,-239.97866473559588,3000.0,-7.999288824519862,5,3325.165382777822,9975.496148333465,195.54130902422634,145.9988351238645,122,122,47,38.52459016393443,0.8787647967480591,-2.631972135173724,-321.1006004911943,40.77888665769825,-34.782093410920474,122,-183.27061060713058,116,77.07722147943001,47,41.0531959406591,283.2706106071306,116,69,77.07722147943001,47,6.74734545374828
2026-08-14T11:13:39+00:00,SHADOW_1H_FAST_V3_CAP75_V1,"Rapida V3 — score <7,5",False,momentum_breakout_v3_filtered,Momentum / breakout V3 Filtered,10114.837179871809,10037.982799494761,76.85438037704823,-102.37037640529161,3000.0,-3.412345880176387,5,3294.621488685351,9883.864466056053,202.23085330250558,151.78753370021127,92,92,38,41.30434782608695,1.0205199295490037,0.4425410841051189,40.71377973767094,39.451881906817015,-34.47681766980393,92,-291.356320757528,86,78.98411309121525,38,39.77020411218774,391.356320757528,86,48,78.98411309121525,38,5.76229975028213
2026-08-14T11:13:39+00:00,SHADOW_1H_FAST_V3_NOHIGH_V1,Rapida V3 — no volatilità HIGH,False,momentum_breakout_v3_filtered,Momentum / breakout V3 Filtered,9740.938595181886,9642.029906946886,98.90868823499936,-129.48974163155435,3000.0,-4.316324721051812,5,3089.107807134815,9267.323421404444,146.80999590670544,96.778643472015,83,83,34,40.963855421686745,0.8261396711002063,-4.304263303122408,-357.25385415915986,39.17815837896324,-36.1222237577402,83,-174.753738524164,79,80.91149501669364,34,41.468386685690604,274.75373852416396,79,45,80.91149501669364,34,5.62069034902231
2026-08-14T11:13:39+00:00,SHADOW_1H_FAST_V3_LONG_ONLY_V1,Rapida V3 — Long Only,False,momentum_breakout_v3_filtered,Momentum / breakout V3 Filtered,9209.193595464194,9148.342829223517,60.85076624067695,-240.31404514379756,3000.0,-8.010468171459918,3,1568.7014765860706,4706.104429758212,137.12624131459557,91.17305059616218,73,73,21,28.767123287671232,0.5964200918506097,-11.627331695794986,-848.795213793034,37.64351057310452,-39.43410437543871,73,-292.51097675041035,70,87.99292298263366,21,48.38739185229189,392.51097675041035,70,49,87.99292298263366,21,10.119108427563258
2026-08-14T11:13:39+00:00,SHADOW_1H_FAST_V3_LONG_NOHIGH_CAP75_V1,"Rapida V3 — Long + no HIGH + score <7,5",False,momentum_breakout_v3_filtered,Momentum / breakout V3 Filtered,9823.20214180037,9774.234646435867,48.967495364502625,-34.28362546309654,3000.0,-1.1427875154365514,4,1102.8004411008171,3308.401323302451,147.45639595815578,147.45639595815572,61,61,25,40.98360655737705,0.862673729312983,-3.666036969629268,-223.62825514738535,40.36668590890525,-37.58245375963867,61,-370.24331553252387,59,83.79349371819512,25,43.38819445942265,470.2433155325238,59,34,83.79349371819512,25,4.704156802179949
2026-08-14T11:13:39+00:00,SHADOW_1H_FAST_V3_NO_ESPORTS_V1,Rapida V3 — senza ESPORTS,False,momentum_breakout_v3_filtered,Momentum / breakout V3 Filtered,9583.428551171994,9509.326305205675,74.10224596631733,-242.52730385231735,3000.0,-8.084243461743911,5,3817.524875111759,11452.574625335277,191.41419070640728,142.88016918883756,96,96,37,38.54166666666667,0.7746470942511267,-5.071880492558666,-486.90052728563194,37.69002479077764,-34.26203461248414,96,-186.71774040394152,91,77.14962825054711,37,40.85052298976768,286.7177404039415,91,54,77.14962825054711,37,6.715709017931261
2026-08-14T11:13:39+00:00,SHADOW_1H_FAST_V3_NO_ESPORTS_LONG_ONLY_V1,Rapida V3 senza ESPORTS — Long Only,False,momentum_breakout_v3_filtered,Momentum / breakout V3 Filtered,9672.417095059713,9608.505528261541,63.91156679817185,-252.40186932075449,3000.0,-8.41339564402515,3,1647.6073417166247,4942.822025149874,144.0237070622385,95.75906555264598,53,53,19,35.84905660377358,0.73096148148265,-7.329972792241081,-388.4885579887773,37.740386898493355,-37.38752309568604,53,-392.8714559859434,51,86.91193472672101,19,44.042700771912315,492.87145598594327,51,32,86.91193472672101,19,8.139512056080813
2026-08-14T11:13:39+00:00,SHADOW_1H_FAST_V3_NO_ESPORTS_MFE_LOCK_V1,Rapida V3 senza ESPORTS — MFE Lock,False,momentum_breakout_v3_filtered,Momentum / breakout V3 Filtered,9854.540523640502,9739.723652032311,114.81687160819043,-241.5571838894757,3000.0,-8.05190612964919,5,3347.037482334316,10041.112447002948,196.82753045565846,146.95917865249027,78,78,38,48.717948717948715,0.8311092692965522,-3.3004518007480113,-257.4352404583449,35.83949830124628,-29.891080730918784,78,-256.502355381033,73,56.61621933304401,38,35.17766637657112,356.502355381033,73,35,56.61621933304401,38,6.7752219231987
2026-08-14T11:13:39+00:00,SHADOW_1H_FAST_V3_NO_ESPORTS_STRESS_GUARD_V1,Rapida V3 senza ESPORTS — Stress Guard,False,momentum_breakout_v3_filtered,Momentum / breakout V3 Filtered,9959.289459324837,9881.864141062664,77.4253182621719,-116.6152996355213,3000.0,-3.887176654517376,2,2980.947958875384,8942.843876626152,100.1598514182129,49.79832121029507,30,30,13,43.333333333333336,0.8390714934903161,-3.9254569399701116,-117.76370819910335,39.70495130904039,-38.17516511066666,30,-222.37218706294414,27,67.2497442322801,13,42.54562593447581,322.3721870629441,27,14,67.2497442322801,13,3.944367624686471
2026-08-14T11:13:39+00:00,SHADOW_1H_FAST_V3_LONG_NOHIGH_CAP75_LOCK_V1,Rapida V3 — qualità completa + profit lock,False,momentum_breakout_v3_filtered,Momentum / breakout V3 Filtered,9765.977824415042,9717.271065563604,48.70675885143838,-157.7200184713056,3000.0,-5.257333949043519,4,1099.5498051569473,3298.649415470842,147.64453936424954,147.6445393642495,66,66,30,45.45454545454545,0.8487541487011125,-4.251474483221556,-280.5973158926227,41.460999856307275,-37.9124053865536,66,-350.7803148665486,64,75.40172111211724,30,45.1698405210645,450.7803148665486,64,34,75.40172111211724,30,4.934633398479489
2026-08-14T11:13:39+00:00,SHADOW_4H_WIDE,Ampia 4H,False,confluence_trend,Confluenza trend,9886.803931639719,9874.335641557218,12.468290082500447,-84.97332862652001,3000.0,-2.8324442875506675,5,1961.3270207782693,3922.6540415565387,197.41480166759968,148.08551979345742,34,34,8,23.52941176470588,0.860719033834757,-3.683563600224552,-125.24116240763477,52.961261541558535,-36.132885441319104,32,-433.95085502797804,31,75.71407160820073,7,61.477265568759535,533.9508550279779,31,24,75.71407160820073,7,4.356814066174776
2026-08-14T11:13:39+00:00,SHADOW_RELATIVE_STRENGTH,Forza relativa 1H V1,False,relative_strength,Forza relativa vs BTC V1,9414.67036758656,9414.765681691468,-0.0953141049080946,-209.1339979035838,3000.0,-6.971133263452793,6,2868.684062041296,5737.368124082592,188.2972210596968,188.29722105969665,79,79,23,29.11392405063291,0.6751197405180875,-7.372403124663339,-582.4198468484037,33.35839751422539,-36.826031119353374,74,-236.12695110641857,68,74.35897209420752,19,43.69960503917566,336.1269511064186,68,49,74.35897209420752,19,8.308127080642349
2026-08-14T11:13:39+00:00,SHADOW_RELATIVE_STRENGTH_V2,Forza relativa 1H V2,False,relative_strength_v2,Forza relativa vs BTC V2,9732.867816414786,9732.621812930287,0.2460034844984179,-204.95019900916122,3000.0,-6.831673300305374,4,3171.6077271895642,6343.2154543791285,146.47277884959675,98.40714537423243,69,66,27,39.130434782608695,0.8779737314861551,-3.8083734624543157,-262.7777689093478,55.86381367230624,-48.880205820311055,69,-229.70810658180488,67,65.38132287465942,27,59.889235321115535,329.7081065818048,67,40,65.38132287465942,27,8.1145313025127
2026-08-14T11:13:39+00:00,SHADOW_RSI_LONG_15X_10_RSI15,Scalp RSI Long 15 · €10 · 15x,False,rsi_extreme_reversal,Inversione RSI estrema 15m,9997.600220288243,9997.600220288243,0,-0.8995226032002392,3000.0,-0.029984086773341308,0,0,0,0,0,3,3,1,33.33333333333333,0.131445739276765,-0.799926570585451,-2.399779711756353,0.270368857487205,-1.0698755655743064,3,-558.5681094093383,3,73.63926274365667,1,1.070295428072656,658.5681094093383,3,2,73.63926274365667,1,0.024711648402851158
2026-08-14T11:13:39+00:00,SHADOW_RSI_LONG_15X_10_RSI20,Scalp RSI Long 20 · €10 · 15x,False,rsi_extreme_reversal,Inversione RSI estrema 15m,9999.328208976642,9999.328208976642,0,1.257435529076247,3000.0,0.04191451763587489,0,0,0,0,0,9,9,4,44.44444444444444,0.8459876932824478,-0.07464344703931963,-0.6717910233538766,0.6374326572303035,-0.9741608884946665,9,-178.68401171979102,9,87.64895440074932,4,0.7120761042696232,278.684011719791,9,5,87.64895440074932,4,0.042457643570245195
2026-08-14T11:13:39+00:00,SHADOW_RSI_LONG_15X_10_RSI25,Scalp RSI Long 25 · €10 · 15x,False,rsi_extreme_reversal,Inversione RSI estrema 15m,9989.760226123477,9989.760226123477,0,-0.46643852481975046,3000.0,-0.015547950827325015,0,0,0,0,0,14,14,5,35.714285714285715,0.30847953762760527,-0.7314124197511562,-10.239773876516187,0.827260899484921,-1.477161054635393,14,-415.2060304731231,13,87.53932659079825,5,1.615169714975983,515.2060304731231,13,8,87.53932659079825,5,0.1440949877935048
2026-08-14T11:13:39+00:00,SHADOW_RSI_LONG_15X_50_RSI15,Scalp RSI Long 15 · €50 · 15x,False,rsi_extreme_reversal,Inversione RSI estrema 15m,9988.001101441218,9988.001101441218,0,-4.497613015997558,3000.0,-0.14992043386658527,0,0,0,0,0,3,3,1,33.33333333333333,0.13144573927676495,-3.9996328529272556,-11.998898558781766,1.351844287436025,-5.349377827871533,3,-558.5681094093381,3,73.63926274365666,1,5.35147714036328,658.5681094093383,3,2,73.63926274365666,1,0.1235547131797628
2026-08-14T11:13:39+00:00,SHADOW_RSI_LONG_15X_50_RSI20,Scalp RSI Long 20 · €50 · 15x,False,rsi_extreme_reversal,Inversione RSI estrema 15m,9996.641044883223,9996.641044883223,0,6.287177645397605,3000.0,0.2095725881799202,0,0,0,0,0,9,9,4,44.44444444444444,0.8459876932824475,-0.37321723519659855,-3.358955116769387,3.1871632861515176,-4.870804442473333,9,-178.68401171979102,9,87.64895440074932,4,3.560380521348116,278.68401171979093,9,5,87.64895440074932,4,0.21224227948498778
2026-08-14T11:13:39+00:00,SHADOW_RSI_LONG_15X_50_RSI25,Scalp RSI Long 25 · €50 · 15x,False,rsi_extreme_reversal,Inversione RSI estrema 15m,9948.801130617408,9948.801130617408,0,-2.3321926240751054,3000.0,-0.07773975413583685,0,0,0,0,0,14,14,5,35.714285714285715,0.30847953762760527,-3.657062098755781,-51.19886938258094,4.136304497424605,-7.3858052731769686,14,-415.20603047312284,13,87.53932659079825,5,8.075848574879915,515.2060304731228,13,8,87.53932659079825,5,0.719669376734541
2026-08-14T11:13:39+00:00,SHADOW_RSI_LONG_5X_RSI15,Scalp RSI Long 15 · prudente · 5x,False,rsi_extreme_reversal,Inversione RSI estrema 15m,9980.941616497872,9980.941616497872,0,-7.44026366892831,3000.0,-0.24800878896427697,0,0,0,0,0,3,3,1,33.33333333333333,0.19225997182090263,-6.352794500710016,-19.05838350213005,4.0544064860510245,-9.835747023516042,3,-567.047497929164,3,48.201097184179204,1,10.40720098676104,667.0474979291639,3,2,48.201097184179204,1,0.196102483610069
2026-08-14T11:13:39+00:00,SHADOW_RSI_LONG_5X_RSI20,Scalp RSI Long 20 · prudente · 5x,False,rsi_extreme_reversal,Inversione RSI estrema 15m,10028.6748645679,10028.6748645679,0,48.63414818893034,3000.0,1.6211382729643447,0,0,0,0,0,9,9,5,55.55555555555556,1.7972789595989898,3.1860960631000075,28.674864567900066,10.527008209405977,-8.313980326706789,9,-176.81981239827928,9,80.94439872477548,5,7.340912146305968,276.8198123982793,9,4,80.94439872477548,5,0.3640178031019416
2026-08-14T11:13:39+00:00,SHADOW_RSI_LONG_5X_RSI25,Scalp RSI Long 25 · prudente · 5x,False,rsi_extreme_reversal,Inversione RSI estrema 15m,9971.043302404978,9971.043302404978,0,18.981069010425927,3000.0,0.6327023003475308,0,0,0,0,0,14,14,5,35.714285714285715,0.6104775772625233,-2.0683355425014254,-28.956697595019957,7.7605771666044,-8.86119556028213,14,-427.9474380869892,13,62.67089131383023,5,9.605506437249016,527.9474380869895,13,8,62.67089131383023,5,0.7071414738732548
2026-08-14T11:13:39+00:00,SHADOW_RSI_SHORT_15X_10_RSI85,Scalp RSI Short 85 · €10 · 15x,False,rsi_extreme_reversal,Inversione RSI estrema 15m,10000.2847563261,10000.2847563261,0,0.1630684020183253,3000.0,0.005435613400610843,0,0,0,0,0,3,3,2,66.66666666666666,2.738685536128118,0.0949187753658539,0.2847563260975617,1.1628664683823215,-0.5830273427432849,3,8.873717971307183,3,21.064786171540632,2,1.0679476930164677,91.12628202869281,3,1,21.064786171540632,2,0.015648557299110463
2026-08-14T11:13:39+00:00,SHADOW_RSI_SHORT_15X_10_RSI80,Scalp RSI Short 80 · €10 · 15x,False,rsi_extreme_reversal,Inversione RSI estrema 15m,9994.611522920779,9994.611522920779,0,-5.09164900379983,3000.0,-0.16972163345999433,0,0,0,0,0,12,12,4,33.33333333333333,0.39536539164621,-0.4490397566015583,-5.3884770792187,0.7271551980973013,-1.299013927691243,12,-384.730290693526,9,32.552222504699955,4,1.150562874103434,484.73029069352583,9,5,32.552222504699955,4,0.10635474533717915
2026-08-14T11:13:39+00:00,SHADOW_RSI_SHORT_15X_10_RSI75,Scalp RSI Short 75 · €10 · 15x,False,rsi_extreme_reversal,Inversione RSI estrema 15m,10001.595074167035,10001.595074167035,0,-0.5869960050677037,3000.0,-0.01956653350225679,0,0,0,0,0,24,24,11,45.83333333333333,1.0873379862345787,0.06646142362656078,1.5950741670374589,1.3428214629623196,-1.5179840982823614,24,-458.6286625084793,23,67.49093339599102,11,1.2101905540750573,558.6286625084792,23,12,67.49093339599102,11,0.06541260185260234
2026-08-14T11:13:39+00:00,SHADOW_RSI_SHORT_15X_50_RSI85,Scalp RSI Short 85 · €50 · 15x,False,rsi_extreme_reversal,Inversione RSI estrema 15m,10001.423781630487,10001.423781630487,0,0.8153420100843505,3000.0,0.02717806700281168,0,0,0,0,0,3,3,2,66.66666666666666,2.7386855361281173,0.4745938768292695,1.4237816304878086,5.814332341911608,-2.9151367137164255,3,8.873717971307187,3,21.064786171540632,2,5.3397384650823385,91.1262820286928,3,1,21.064786171540632,2,0.07820011470924704
2026-08-14T11:13:39+00:00,SHADOW_RSI_SHORT_15X_50_RSI80,Scalp RSI Short 80 · €50 · 15x,False,rsi_extreme_reversal,Inversione RSI estrema 15m,9973.057614603895,9973.057614603895,0,-25.45824501899733,3000.0,-0.8486081672999111,0,0,0,0,0,12,12,4,33.33333333333333,0.39536539164620993,-2.2451987830077926,-26.94238539609351,3.635775990486506,-6.495069638456216,12,-384.7302906935259,9,32.55222250469995,4,5.752814370517168,484.73029069352583,9,5,32.55222250469995,4,0.5314352399856652
2026-08-14T11:13:39+00:00,SHADOW_RSI_SHORT_15X_50_RSI75,Scalp RSI Short 75 · €50 · 15x,False,rsi_extreme_reversal,Inversione RSI estrema 15m,10007.975370835167,10007.975370835167,0,-2.9349800253403373,3000.0,-0.09783266751134456,0,0,0,0,0,24,24,11,45.83333333333333,1.0873379862345784,0.33230711813280295,7.97537083518727,6.714107314811596,-7.5899204914118075,24,-458.6286625084791,23,67.49093339599104,11,6.050952770375287,558.6286625084791,23,12,67.49093339599104,11,0.32630380576471096
2026-08-14T11:13:39+00:00,SHADOW_RSI_SHORT_5X_RSI85,Scalp RSI Short 85 · prudente · 5x,False,rsi_extreme_reversal,Inversione RSI estrema 15m,9999.467245934884,9999.467245934884,0,0.8263454092302709,3000.0,0.027544846974342365,0,0,0,0,0,3,3,2,66.66666666666666,0.7715018274820643,-0.17758468837247307,-0.5327540651174192,10.943589337072103,-6.001305250983286,3,-0.8319142876431133,3,8.572438764476733,2,11.121174025444576,100.8319142876431,3,1,8.572438764476733,2,0.16401090112862898
2026-08-14T11:13:39+00:00,SHADOW_RSI_SHORT_5X_RSI80,Scalp RSI Short 80 · prudente · 5x,False,rsi_extreme_reversal,Inversione RSI estrema 15m,9926.300325946442,9926.300325946442,0,-63.937873125310944,3000.0,-2.131262437510365,0,0,0,0,0,12,12,4,33.33333333333333,0.11830679991932327,-6.141639504463179,-73.69967405355816,3.935954012108578,-9.833314345725572,12,-430.1752207507737,10,26.88380798306121,4,9.432783466495735,530.1752207507736,10,6,26.88380798306121,4,0.8858832024954926
2026-08-14T11:13:39+00:00,SHADOW_RSI_SHORT_5X_RSI75,Scalp RSI Short 75 · prudente · 5x,False,rsi_extreme_reversal,Inversione RSI estrema 15m,9931.13618900153,9931.13618900153,0,-21.672465737883613,3000.0,-0.7224155245961204,0,0,0,0,0,24,24,11,45.83333333333333,0.46610194060566756,-2.869325458269302,-68.86381099846325,8.575974256560897,-8.823103458061377,24,-471.46329489389325,23,45.08991990757936,11,11.488291773472573,571.4632948938932,23,12,45.08991990757936,11,0.8408618816991336
2026-08-14T11:13:39+00:00,SHADOW_DONCHIAN_1H,Benchmark Donchian breakout 1H,False,donchian_breakout,Donchian breakout 20 barre,10684.798585005203,10628.345489990807,56.45309501439673,121.39887970308155,3000.0,4.0466293234360515,3,4649.927806661651,9299.855613323301,160.67282652709838,160.67282652709835,59,59,28,47.45762711864407,1.4385106216521408,10.719562290538455,632.4541751417688,62.23879051859861,-37.00436193380046,59,-281.206123472492,56,65.8961683418423,28,52.256489112775775,381.20612347249204,56,28,65.8961683418423,28,3.63300600080127
2026-08-14T11:13:39+00:00,SHADOW_DONCHIAN_1H_GB20_120R_V1,Donchian 1H Gb20 120R V1,False,donchian_breakout,Donchian breakout 20 barre,10433.235953076526,10378.111988325967,55.123964750558926,118.95465738622443,3000.0,3.965155246207481,3,4540.450022123554,9080.900044247108,156.88994949867214,156.8899494986721,27,27,12,44.44444444444444,1.6653888485896426,14.15273847022207,382.1239386959959,59.15974688059418,-32.00740463776396,27,-130.27651810924758,24,69.09154584825792,12,46.02437513806644,230.27651810924758,24,12,69.09154584825792,12,3.633006000801263
2026-08-14T11:13:39+00:00,SHADOW_BOLLINGER_MR_1H,Benchmark Bollinger mean reversion 1H,False,bollinger_mean_reversion,Bollinger mean reversion,9694.877470706166,9652.000924456635,42.87654624952985,-66.61676900628663,3000.0,-2.220558966876221,2,2979.053313050982,5958.106626101964,94.94503214746359,48.4869106906877,66,66,28,42.42424242424242,0.8002236511645232,-5.225470450939735,-344.8810497620225,39.13945317177381,-39.787143994404325,66,-278.3707596591727,65,71.26878716816695,28,44.246189351935264,378.3707596591727,65,37,71.26878716816695,28,6.526283345608398
2026-08-14T11:13:39+00:00,SHADOW_EMA_TREND_1H,Benchmark trend following EMA 1H,False,ema_trend_following,Trend following EMA,9493.537879886817,9434.543849884187,58.994030002630815,-215.52124033023392,3000.0,-7.184041344341131,7,4001.380965095168,8002.761930190336,189.90553004310078,141.36323053880201,59,59,17,28.8135593220339,0.6103126731280997,-9.546667087163163,-563.2533581426267,39.775919141592745,-33.83111406357445,59,-440.9035905465651,57,57.36760732784264,17,49.30705071694902,540.903590546565,57,40,57.36760732784264,17,7.376314140974574
2026-08-14T11:13:39+00:00,SHADOW_SCANNER_TOP5_LONG,Scanner Top 5 Long 1H,False,scanner_top5_long,Scanner Top 5 Long,10207.78610041178,10208.95834498404,-1.1722445722583155,-147.73098780246255,3000.0,-4.924366260082085,5,3676.955182678812,7353.910365357624,204.21072262396225,204.210722623962,68,68,30,44.11764705882353,1.1262263055745765,3.1314482930980447,212.93848393066705,53.48455844113347,-36.61375599558976,68,-1550.5477036285206,67,65.40287032587067,30,50.29455154463789,1650.5477036285208,67,37,65.40287032587067,30,7.658190675954082
2026-08-14T11:13:39+00:00,SHADOW_SCANNER_BOTTOM5_SHORT,Scanner Bottom 5 Short 1H,False,scanner_bottom5_short,Scanner Bottom 5 Short,9616.431281413552,9549.605713483164,66.82556793038809,-276.75567206556843,3000.0,-9.22518906885228,6,4795.393365526775,9590.78673105355,193.0297131217708,95.70021946307914,64,64,21,32.8125,0.6757248537333385,-6.986541514798564,-447.1386569471081,37.19355207444737,-29.8107558562685,64,-296.65705118662424,56,58.71678254027376,21,43.64965244776386,396.65705118662424,56,35,58.71678254027376,21,6.410585548616572
2026-08-14T11:13:39+00:00,SHADOW_SCANNER_TOP10_LONG,Scanner Top10 Long,False,scanner_top10_long,Scanner Top10 Long,9402.141970392895,9402.984746396614,-0.8427760037190967,-136.09392036416466,3000.0,-4.536464012138822,5,3171.7521380296735,6343.504276059347,188.08303913698947,188.0830391369895,40,40,14,35.0,0.4980075231817165,-14.840181187988197,-593.6072475195278,38.38992004481376,-37.22761841890288,40,-336.6026478456065,40,56.24038526656204,14,53.230101232801964,436.6026478456066,40,26,56.24038526656204,14,9.134717147144556
2026-08-14T11:13:39+00:00,SHADOW_SCANNER_BOTTOM10_SHORT,Scanner Bottom10 Short,False,scanner_bottom10_short,Scanner Bottom10 Short,9771.497418839233,9704.235778533437,67.26164030579619,-186.33661902686254,3000.0,-6.211220634228751,6,4868.26689272492,9736.53378544984,196.15023877050447,97.72339397097257,44,44,15,34.090909090909086,0.7150074763035812,-6.6460297321161725,-292.4253082131116,31.71078746982049,-27.387506790410498,44,-442.4246635944941,37,68.78597947164648,15,36.79049413242982,542.4246635944941,37,22,68.78597947164648,15,5.271507460495324
2026-08-14T11:13:39+00:00,SHADOW_SCANNER_TOP15_LONG,Scanner Top15 Long,False,scanner_top15_long,Scanner Top15 Long,9402.141970392895,9402.984746396614,-0.8427760037190967,-136.09392036416466,3000.0,-4.536464012138822,5,3171.7521380296735,6343.504276059347,188.08303913698947,188.0830391369895,40,40,14,35.0,0.4980075231817165,-14.840181187988197,-593.6072475195278,38.38992004481376,-37.22761841890288,40,-336.6026478456065,40,56.24038526656204,14,53.230101232801964,436.6026478456066,40,26,56.24038526656204,14,9.134717147144556
2026-08-14T11:13:39+00:00,SHADOW_SCANNER_BOTTOM15_SHORT,Scanner Bottom15 Short,False,scanner_bottom15_short,Scanner Bottom15 Short,9771.497418839233,9704.235778533437,67.26164030579619,-186.33661902686254,3000.0,-6.211220634228751,6,4868.26689272492,9736.53378544984,196.15023877050447,97.72339397097257,44,44,15,34.090909090909086,0.7150074763035812,-6.6460297321161725,-292.4253082131116,31.710787469820488,-27.387506790410498,44,-442.4246635944941,37,68.78597947164648,15,36.79049413242982,542.4246635944941,37,22,68.78597947164648,15,5.271507460495324
2026-08-14T11:13:39+00:00,SHADOW_SCANNER_TOP20_LONG,Scanner Top20 Long,False,scanner_top20_long,Scanner Top20 Long,9402.141970392895,9402.984746396614,-0.8427760037190967,-136.09392036416466,3000.0,-4.536464012138822,5,3171.7521380296735,6343.504276059347,188.08303913698947,188.0830391369895,40,40,14,35.0,0.4980075231817165,-14.840181187988197,-593.6072475195278,38.38992004481376,-37.22761841890288,40,-336.6026478456065,40,56.24038526656204,14,53.230101232801964,436.6026478456066,40,26,56.24038526656204,14,9.134717147144556
2026-08-14T11:13:39+00:00,SHADOW_SCANNER_BOTTOM20_SHORT,Scanner Bottom20 Short,False,scanner_bottom20_short,Scanner Bottom20 Short,9771.497418839233,9704.235778533437,67.26164030579619,-186.33661902686254,3000.0,-6.211220634228751,6,4868.26689272492,9736.53378544984,196.15023877050447,97.72339397097257,44,44,15,34.090909090909086,0.7150074763035812,-6.6460297321161725,-292.4253082131116,31.71078746982049,-27.387506790410498,44,-442.4246635944941,37,68.78597947164648,15,36.79049413242982,542.4246635944941,37,22,68.78597947164648,15,5.271507460495324
2026-08-14T11:13:39+00:00,SHADOW_SCANNER_TOP5_BTC,Scanner Top 5 + forza BTC 1H,False,scanner_top5_btc_strength,Scanner Top 5 + forza BTC,9877.676517572358,9875.375954384186,2.3005631881715654,-346.54111622334494,3000.0,-11.551370540778166,5,2470.823261612774,4941.646523225548,148.01865574490893,146.96469239369642,56,56,20,35.714285714285715,0.9140363018108023,-2.180390890065327,-122.10188984365831,53.40245071547779,-33.99016314688089,56,-251.8396898990729,56,60.16426142947529,20,55.582841605543116,351.8396898990729,56,36,60.16426142947529,20,8.46084771303789
2026-08-14T11:13:39+00:00,SHADOW_SCANNER_TOP5_BTC_MFE_V1,Top 5 + BTC — solo MFE,False,scanner_top5_btc_strength,Scanner Top 5 + forza BTC,9258.893798457184,9256.73735304231,2.15644541487336,-324.83219977923545,3000.0,-10.827739992641181,5,2316.0396205860743,4632.079241172149,138.7460918865292,137.75815360782744,49,49,15,30.612244897959183,0.4076943421542301,-15.120377357738908,-740.8984905292065,33.81948775622545,-35.31237495377487,49,-606.3247731259706,47,40.927093045002984,15,49.578423215902006,706.3247731259705,47,32,40.927093045002984,15,9.496827009485699
2026-08-14T11:13:39+00:00,SHADOW_SCANNER_TOP5_BTC_GUARD_V1,Top 5 + BTC — Guard,False,scanner_top5_btc_strength,Scanner Top 5 + forza BTC,9827.332981404488,9730.127362269226,97.20561913526231,138.69566481370384,3000.0,4.623188827123462,4,1845.6419382646359,3691.2838765292718,147.37542875364446,99.07359664051098,40,40,14,35.0,0.7765504081458883,-6.701413631535743,-268.05654526142973,49.47291352206306,-39.91764903201814,40,-244.93383315593974,40,62.84438584993316,14,56.1743271535988,344.93383315593974,40,26,62.84438584993316,14,6.132364620651278
2026-08-14T11:13:39+00:00,SHADOW_SCANNER_TOP5_BTC_BTC_LE3_V1,Top 5 + BTC — BTC≤3,False,scanner_top5_btc_strength,Scanner Top 5 + forza BTC,9439.109934153843,9436.911515446267,2.19841870757633,-331.154769739358,3000.0,-11.038492324645267,5,2361.119272607996,4722.238545215992,141.4466612058328,140.43949358691296,37,37,11,29.72972972972973,0.5080366008385414,-15.153467889792877,-560.6783119223364,40.247927454829416,-38.342050556448534,37,-331.1326784936619,37,55.35324705760644,11,55.401395344622294,431.1326784936619,37,26,55.35324705760644,11,8.920117416008761
2026-08-14T11:13:40+00:00,SHADOW_SCANNER_TOP5_BTC_BTC_2_3_V1,Top 5 + BTC — BTC 2–3,False,scanner_top5_btc_strength,Scanner Top 5 + forza BTC,9968.724015797905,9968.724015797905,0,0.0,3000.0,0.0,0,0,0,0,0,10,10,3,30.0,0.8659137595515375,-3.1275984202089253,-31.275984202089255,58.086072470137125,-37.20509883643339,10,-69.17795142758798,10,66.99535313534597,3,61.21367089034605,169.17795142758797,10,7,66.99535313534597,3,2.8408841324806753
2026-08-14T11:13:40+00:00,SHADOW_SCANNER_TOP5_BTC_GUARD_MFE_V1,Top 5 + BTC — Guard + MFE,False,scanner_top5_btc_strength,Scanner Top 5 + forza BTC,9598.781838461004,9503.836899349093,94.94493911190989,135.4700640556366,3000.0,4.515668801854554,4,1802.7184334589056,3605.436866917811,143.94796549915137,96.76947366120851,57,57,22,38.59649122807017,0.683192566660308,-8.673495516908561,-494.38924446378803,46.16667597950525,-37.928850429757375,57,-417.71674912773415,56,54.170572558406214,22,54.68570662414738,517.7167491277341,56,34,54.170572558406214,22,7.585045624781022
2026-08-14T11:13:40+00:00,SHADOW_SCANNER_TOP5_BTC_GUARD_BTC_LE3_V1,Top 5 + BTC — Guard + BTC≤3,False,scanner_top5_btc_strength,Scanner Top 5 + forza BTC,9948.062563996968,9849.662765948053,98.39979804891571,140.3995523030062,3000.0,4.679985076766873,4,1868.3157991426056,3736.631598285211,149.18594784681883,100.29072380929392,35,35,14,40.0,0.8630235110851928,-4.242823735409156,-148.49883073932048,50.47631447857337,-41.528481774238244,35,-246.84309694081915,35,62.83678957167768,14,54.71913821398253,346.8430969408192,35,21,62.83678957167768,14,6.537276084487645
2026-08-14T11:13:40+00:00,SHADOW_SCANNER_TOP5_BTC_GUARD_BTC_LE3_MFE_V1,Top 5 + BTC — Guard + BTC≤3 + MFE,False,scanner_top5_btc_strength,Scanner Top 5 + forza BTC,9777.378550560405,9680.667048332338,96.7115022280671,137.99064514971906,3000.0,4.599688171657302,4,1836.2601464048864,3672.520292809773,146.62628799717248,98.5699844050023,50,50,20,40.0,0.7668683078523385,-6.350521815677988,-317.5260907838994,48.36069374683191,-38.384642599940065,50,-265.6660387461308,49,56.44519157511708,20,54.51717248497852,365.6660387461308,49,29,56.44519157511708,20,5.802668331242403
2026-08-14T11:13:40+00:00,SHADOW_SCANNER_TOP5_BTC_RUNNER25_V1,"Top 5 + BTC — 75% a 2,2R + runner 3R",False,scanner_top5_btc_strength,Scanner Top 5 + forza BTC,9506.322374537845,9399.213785565655,107.10858897219141,-331.2747029487273,3000.0,-11.042490098290909,6,2572.708741884405,5145.41748376881,189.2976907968287,141.40734090078246,44,44,13,29.545454545454547,0.5301574669050491,-13.591806854650626,-598.0395016046275,40.41829621840384,-36.84495622206641,44,-336.8615069529102,43,49.73087676450575,13,54.048715137364674,436.8615069529102,43,30,49.73087676450575,13,9.45544719438518
2026-08-14T11:13:40+00:00,SHADOW_SCANNER_TOP5_BTC_TP3_V1,Top 5 + BTC — target pieno 3R,False,scanner_top5_btc_strength,Scanner Top 5 + forza BTC,9511.8876127765,9404.716319764664,107.17129301183485,-331.46863942297205,3000.0,-11.048954647432401,6,2574.2148697541706,5148.429739508341,189.4085103867611,141.49012428533456,40,40,11,27.500000000000004,0.5332971970102561,-14.813383985285219,-592.5353594114088,42.01455212491736,-40.0274123842113,40,-373.7107672485557,39,51.40323021796902,11,56.94276051539457,473.71076724855567,39,28,51.40323021796902,11,9.1615698995605
2026-08-14T11:13:40+00:00,SHADOW_GLOBAL_PURE,Global Confluence puro 1H,False,global_confluence_pure,Global Confluence puro,9707.325438238111,9676.453707376848,30.87173086126294,-77.16364838367008,3000.0,-2.5721216127890028,1,1512.087649994819,3024.175299989638,48.38680479983421,48.386804799834394,15,15,4,26.666666666666668,0.34676223511818105,-21.509269335544058,-322.6390400331609,35.20322980296005,-49.25319399055032,15,-640.5289893515045,14,50.836487035230526,4,57.01683744815169,740.5289893515044,14,10,50.836487035230526,4,3.516961796371994
2026-08-14T11:13:40+00:00,SHADOW_COMBO_TREND,Combo Trend,False,combo_trend,Combo Trend,9521.735267517539,9474.807488015116,46.927779502422815,-8.969772627067869,3000.0,-0.29899242090226225,8,2481.8175186566064,4963.635037313213,144.87313915629042,144.87313915629048,89,89,29,32.58426966292135,0.7795608543095573,-5.8974634662018,-524.8742484919602,45.06050977122686,-40.92237562215888,89,-369.2230350471199,85,74.47031733123343,29,51.29123719642083,469.22303504712,85,56,74.47031733123343,29,9.821614895308368
2026-08-14T11:13:40+00:00,SHADOW_COMBO_MEAN_REVERSION,Combo Mean Reversion,False,combo_mean_reversion,Combo Mean Reversion,9729.551385769832,9729.76346425674,-0.21207848690832956,-103.00283781523103,3000.0,-3.433427927174368,1,1946.4198336114148,3892.8396672228296,46.714076006673956,46.71407600667406,28,28,10,35.714285714285715,0.7219726221851329,-9.567886855104762,-267.90083194293334,37.28270342586017,-43.79340937397361,28,-333.8902522476646,26,88.04599387662846,10,46.44086100081631,433.89025224766465,26,16,88.04599387662846,10,4.710790013293835
2026-08-14T11:13:40+00:00,SHADOW_COMBO_SCANNER,Combo Scanner,False,combo_scanner,Combo Scanner,9332.17536458203,9310.591323079154,21.584041502876403,-360.82256891742327,3000.0,-12.027418963914108,5,3590.767706991965,7181.53541398393,186.6931386554157,186.69313865541542,65,65,22,33.84615384615385,0.6293067702004763,-10.566322610199483,-686.8109696629664,41.69054929761482,-36.40362078024542,65,-294.38883482761133,64,60.013797597986404,22,52.2441850270355,394.3888348276113,64,42,60.013797597986404,22,10.126729480101043
2026-08-14T11:13:40+00:00,SHADOW_COMBO_ADAPTIVE,Combo Adaptive — madre,False,combo_adaptive,Combo Adaptive,9987.356273857562,9927.543276572846,59.81299728471664,-124.7059522662421,3000.0,-4.156865075541403,7,3778.363478041049,7556.726956082098,152.0732030367627,99.11052049685286,58,58,22,37.93103448275862,0.9336396262724418,-1.2147179638082404,-70.45364190087794,45.52135517009907,-30.819227554762733,58,-103.36805518433461,55,57.33150240333228,22,46.172074589143755,203.36805518433462,55,33,57.33150240333228,22,5.270129516062309
2026-08-14T11:13:40+00:00,SHADOW_COMBO_ADAPTIVE_MFE_TRAIL,Combo Adaptive — MFE Trail esistente,False,combo_adaptive,Combo Adaptive,8981.548401229344,8873.235044129337,108.31335710000715,-350.2459892127372,3000.0,-11.67486630709124,7,3601.902746780849,7203.805493561698,179.63168910544377,91.20777954172213,71,71,21,29.577464788732392,0.3684353626230223,-15.841324298305858,-1124.734025179716,31.89099223678544,-42.24820702085896,71,-407.6346670622227,67,49.96020950702572,21,47.49338892407464,507.63466706222266,67,46,49.96020950702572,21,11.048153656686157
2026-08-14T11:13:40+00:00,SHADOW_COMBO_ADAPTIVE_QUALITY7_V1,Combo Adaptive — Quality7,False,combo_adaptive,Combo Adaptive,9766.270948055146,9742.862221237137,23.40872681800855,-245.80585775281725,3000.0,-8.193528591760575,1,1024.5598153314813,2049.1196306629627,48.59163443215571,48.59163443215583,36,36,11,30.555555555555557,0.6924785934069008,-7.108564082901765,-255.90830698446354,46.48797649134701,-35.99896394056364,36,-120.97003790189085,33,59.89267564267623,11,52.68458317234502,220.97003790189083,33,22,59.89267564267623,11,4.706682366020576
2026-08-14T11:13:40+00:00,SHADOW_COMBO_ADAPTIVE_REGIME_V1,Combo Adaptive — Trend/Transition,False,combo_adaptive,Combo Adaptive,9869.508105762785,9894.008076621709,-24.499970858923312,-33.77071799991245,3000.0,-1.1256905999970817,4,4759.212035288862,9518.424070577725,197.93341098139302,197.9334109813928,23,23,10,43.47826086956522,0.7879572741383704,-4.281626579573851,-98.47741133019858,41.36615760693707,-30.13191481803125,23,-359.6152876201384,22,50.37608116910447,10,47.69841961642433,459.6152876201384,22,12,50.37608116910447,10,2.1817777548933313
2026-08-14T11:13:40+00:00,SHADOW_COMBO_ADAPTIVE_QUALITY7_REGIME_V1,Combo Adaptive — Quality7 + Regime,False,combo_adaptive,Combo Adaptive,9613.464797483262,9613.464797483262,0,-183.77187113840773,3000.0,-6.1257290379469245,0,0,0,0,0,16,16,4,25.0,0.3265707590588086,-24.158450157296073,-386.5352025167372,48.85399040579807,-46.38117331612284,16,-359.32421447989526,14,39.67853212410131,4,74.41169992886388,459.3242144798954,14,10,39.67853212410131,4,4.325500486424239
2026-08-14T11:13:40+00:00,SHADOW_COMBO_ADAPTIVE_LONG_ONLY_V1,Combo Adaptive — Long Only,False,combo_adaptive,Combo Adaptive,9816.155206261612,9813.86939143485,2.2858148267623855,-115.73594128828336,3000.0,-3.857864709609445,5,2447.778875301896,4895.557750603792,148.05464647100965,147.00370532326437,36,36,12,33.33333333333333,0.784592556863163,-5.100242226247372,-183.6087201449054,37.38706444817231,-32.933620811590714,36,-319.48206427946434,36,70.3013748181368,12,42.48730667441968,419.48206427946434,36,24,70.3013748181368,12,4.446602413935417
2026-08-14T11:13:40+00:00,SHADOW_COMBO_ADAPTIVE_PARTIAL_1R_V1,Combo Adaptive — parziale 1R,False,combo_adaptive,Combo Adaptive,9590.312156070479,9532.877005143488,57.43515092699003,-119.68317791887785,3000.0,-3.989439263962595,7,3628.155860260902,7256.311720521804,146.0275820452662,95.17041381645974,59,59,21,35.59322033898305,0.6197659672811506,-7.884738054039451,-465.1995451883276,30.640754116232742,-28.782724688393017,59,-250.40869984702425,58,54.26152565506723,21,38.13206189084417,350.40869984702425,58,37,54.26152565506723,21,6.070169100924923
2026-08-14T11:13:40+00:00,SHADOW_COMBO_ADAPTIVE_QUALITY7_REGIME_PARTIAL_1R_V1,Combo Adaptive — Quality7 + Regime + parziale 1R,False,combo_adaptive,Combo Adaptive,9735.924963853748,9735.924963853748,0,-186.11283086395088,3000.0,-6.203761028798362,0,0,0,0,0,16,16,6,37.5,0.5238315258682754,-16.504689759140625,-264.07503614625,49.04075454782411,-46.70319392158327,16,-348.00443472544634,14,48.085665606018864,6,65.80994308453786,448.0044347254464,14,8,48.085665606018864,6,3.1067603781843163
2026-08-14T11:13:40+00:00,SHADOW_COMBO_ADAPTIVE_RUNNER25_V1,Combo Adaptive — 75% a 2R + runner 25% a 3R,False,combo_adaptive,Combo Adaptive,9862.321503040825,9803.599323738348,58.72217930247643,-209.50661810589736,3000.0,-6.983553936863246,7,3712.262328296551,7424.524656593102,149.45936084574987,97.45763323135618,65,65,22,33.84615384615385,0.8479786717006245,-2.9917142153156466,-194.46142399551704,39.255439165313604,-28.267854790522435,65,-325.5290289191039,62,61.306905884513206,22,42.17798349951811,425.5290289191039,62,40,61.306905884513206,22,6.251204323168399
2026-08-14T11:13:40+00:00,SHADOW_COMBO_ADAPTIVE_TP3_V1,Combo Adaptive — target pieno 3R,False,combo_adaptive,Combo Adaptive,9678.076572731068,9620.451423557844,57.625149173222795,-205.52464015965415,3000.0,-6.850821338655138,7,3642.910957652462,7285.821915304924,146.6672059241448,95.63695897759864,46,46,15,32.608695652173914,0.6306733795520948,-8.209685928365865,-377.64555270482975,40.27933769380188,-31.517090524959322,46,-386.79205440386323,44,49.32846909558059,15,49.21284128633968,486.79205440386335,44,29,49.32846909558059,15,6.251204323168398
2026-08-14T11:13:40+00:00,SHADOW_BTC_EMA_1H,Btc Ema 1H,False,ema_trend_following,Trend following EMA,9926.33135042266,9859.667059232108,66.66429119055242,67.66385053429804,3000.0,2.255461684476601,1,1141.0494791537456,3423.148437461237,49.29333749944181,0.0,7,7,2,28.57142857142857,0.475059842023687,-20.190357158804854,-141.33250011163398,34.470555959390005,-52.376858172075494,7,-808.2592398641578,7,77.87564942665539,2,54.660913118194856,908.2592398641576,7,5,77.87564942665539,2,1.719902782258525
2026-08-14T11:13:40+00:00,SHADOW_BTC_EMA_4H,Btc Ema 4H,False,ema_trend_following,Trend following EMA,9988.725287208417,9950.678698498225,38.046588710191905,38.043761812030425,3000.0,1.2681253937343475,1,1413.4490803119866,2826.898160623973,49.75340762698193,49.75340762698211,1,1,0,0.0,0.0,-49.31847460361451,-49.31847460361451,51.33690779934706,-48.88648151030984,1,-96.06826105767473,1,0.0,0,100.65538240296158,196.06826105767473,1,1,0.0,0,1.2323476567075564
2026-08-14T11:13:40+00:00,SHADOW_BTC_DONCHIAN_1H,Btc Donchian 1H,False,donchian_breakout,Donchian breakout 20 barre,10057.54045414604,9997.286668241197,60.253785904842466,60.70286259352724,3000.0,2.023428753117575,1,1301.6715614000666,3905.0146842002,49.984187957762565,0.0,5,5,3,60.0,0.9713347083528705,-0.6324816894975079,-3.1624084474875396,49.76517459340349,-43.67287172758158,5,-94.272301951114,5,48.88834642659188,3,50.397656282900996,194.272301951114,5,2,48.88834642659188,3,1.4909276608873983
2026-08-14T11:13:40+00:00,SHADOW_BTC_DONCHIAN_4H,Btc Donchian 4H,False,donchian_breakout,Donchian breakout 20 barre,9930.464958906676,9898.534920801829,31.930038104846147,32.208426569815856,3000.0,1.073614218993862,1,1406.002348343304,2812.004696686608,49.4912826616843,49.49128266168436,2,2,0,0.0,0.0,-50.8717338315691,-101.7434676631382,36.05720274381994,-50.41138909001964,2,-174.19223158126294,2,0.0,0,86.92893657538905,274.19223158126294,2,2,0.0,0,1.8120568545458637
2026-08-14T11:13:40+00:00,SHADOW_BTC_BOLLINGER_1H,Btc Bollinger 1H,False,bollinger_mean_reversion,Bollinger mean reversion,10138.404326883508,10138.404326883508,0,27.441657603707426,3000.0,0.9147219201235809,0,0,0,0,0,5,5,4,80.0,3.4215829918670884,27.680865376701888,138.40432688350944,52.742221506938066,-32.54488922533088,5,-181.91040685559489,5,73.28780976314687,4,25.06135613023617,281.9104068555949,5,1,73.28780976314687,4,0.8483947316646362
2026-08-14T11:13:40+00:00,SHADOW_BTC_BOLLINGER_4H,Btc Bollinger 4H,False,bollinger_mean_reversion,Bollinger mean reversion,10084.117334235,10084.117334235,0,0.0,3000.0,0.0,0,0,0,0,0,1,1,1,100.0,inf,84.11733423499844,84.11733423499844,84.62517675419316,-9.985424935182053,1,99.39989192498844,1,99.39989192498844,1,0.5078425191947247,0.600108075011567,1,0,99.39989192498844,1,0.2997309871377596
2026-08-14T11:13:40+00:00,SHADOW_BTC_ADAPTIVE_1H,Btc Adaptive 1H,False,combo_adaptive,Combo Adaptive,10013.299577155029,9959.940466543623,53.35911061140516,53.75680068755173,3000.0,1.7918933562517243,1,1152.7248583874396,3458.1745751623184,49.79771388233738,0.0,4,4,2,50.0,0.6263906522085293,-10.114305883131161,-40.457223532524644,47.18812782932944,-49.24950966952463,4,-88.05263392713618,4,53.28316429884043,2,57.3024337124606,188.05263392713618,4,2,53.28316429884043,2,1.1318934918795187
2026-08-14T11:13:40+00:00,SHADOW_BTC_ADAPTIVE_4H,Btc Adaptive 4H,False,combo_adaptive,Combo Adaptive,9949.623379005212,9949.623379005212,0,0.0,3000.0,0.0,0,0,0,0,0,1,1,0,0.0,0.0,-50.376620994788055,-50.376620994788055,22.976017401603315,-49.96790519411308,1,-219.25741138789644,1,0.0,0,73.35263839639137,319.25741138789647,1,1,0.0,0,0.7392172833390913
2026-08-14T11:13:40+00:00,SHADOW_SOL_EMA_1H,Sol Ema 1H,False,ema_trend_following,Trend following EMA,9813.681463983521,9813.681463983521,0,-54.176051268792435,3000.0,-1.8058683756264144,0,0,0,0,0,8,8,2,25.0,0.4302613221814916,-23.28981700205895,-186.3185360164716,35.74571724490123,-51.2098083273871,8,-293.5261618248816,7,81.15317909611312,2,59.88901986352942,393.5261618248816,7,5,81.15317909611312,2,2.6298453035124814
2026-08-14T11:13:40+00:00,SHADOW_SOL_EMA_4H,Sol Ema 4H,False,ema_trend_following,Trend following EMA,9845.781880325167,9845.781880325167,0,-56.014654160575446,3000.0,-1.867155138685848,0,0,0,0,0,3,3,0,0.0,0.0,-51.406039891610824,-154.21811967483248,32.58779599010551,-51.06625025248376,3,-387.0628433425719,3,0.0,0,83.99383588171634,487.06284334257197,3,3,0.0,0,1.565292860801006
2026-08-14T11:13:40+00:00,SHADOW_SOL_DONCHIAN_1H,Sol Donchian 1H,False,donchian_breakout,Donchian breakout 20 barre,10002.032165807874,10002.032165807874,0,-111.89015461282543,3000.0,-3.7296718204275146,0,0,0,0,0,6,6,3,50.0,1.0174619657476962,0.3386943013114762,2.032165807868857,57.55417879074677,-34.667293455185764,6,-50.59635276925759,6,43.40064727673623,3,57.21548448943529,150.59635276925758,6,3,43.40064727673623,3,1.5023437831418585
2026-08-14T11:13:40+00:00,SHADOW_SOL_DONCHIAN_4H,Sol Donchian 4H,False,donchian_breakout,Donchian breakout 20 barre,9984.998883165248,9984.998883165248,0,0.0,3000.0,0.0,0,0,0,0,0,2,2,1,50.0,0.7115410075639939,-7.500558417375714,-15.001116834751429,41.93507572345332,-42.96081620221215,2,-440.5354502271173,2,47.27737219857831,1,49.43563414082904,540.5354502271174,2,1,47.27737219857831,1,0.7946623878542315
2026-08-14T11:13:40+00:00,SHADOW_SOL_BOLLINGER_1H,Sol Bollinger 1H,False,bollinger_mean_reversion,Bollinger mean reversion,9970.301773760528,9970.301773760528,0,0.0,3000.0,0.0,0,0,0,0,0,5,5,2,40.0,0.8217557449673083,-5.939645247893916,-29.698226239469577,34.28297951911312,-50.02709000081076,5,-130.04132206014307,4,98.82448642292312,2,37.03091093245884,230.0413220601431,4,2,98.82448642292312,2,1.88813510921175
2026-08-14T11:13:40+00:00,SHADOW_SOL_BOLLINGER_4H,Sol Bollinger 4H,False,bollinger_mean_reversion,Bollinger mean reversion,10086.978202937718,10086.978202937718,0,0.0,3000.0,0.0,0,0,0,0,0,1,1,1,100.0,inf,86.97820293771748,86.97820293771748,87.34784745147441,-11.632313046765494,1,99.57681325351231,1,99.57681325351231,1,0.3696445137569242,0.4231867464876889,1,0,99.57681325351231,1,0.3974236714136353
2026-08-14T11:13:40+00:00,SHADOW_SOL_ADAPTIVE_1H,Sol Adaptive 1H,False,combo_adaptive,Combo Adaptive,9674.164794194503,9674.164794194503,0,-107.02703357443716,3000.0,-3.5675677858145716,0,0,0,0,0,9,9,2,22.22222222222222,0.17179156356831213,-36.203911756166015,-325.8352058054941,29.469570536658644,-48.35693028751769,9,-1149.9060102142666,8,52.62956578000829,2,67.25619528251565,1249.9060102142666,8,6,52.62956578000829,2,3.9422086059968655
2026-08-14T11:13:40+00:00,SHADOW_SOL_ADAPTIVE_4H,Sol Adaptive 4H,False,combo_adaptive,Combo Adaptive,9982.086216728072,9982.086216728072,0,0.0,3000.0,0.0,0,0,0,0,0,2,2,1,50.0,0.6544007108508001,-8.956891635963647,-17.913783271927294,38.44109334744661,-41.46309733962435,2,-481.0742957308921,2,47.277372198578334,1,47.397984983410254,581.0742957308921,2,1,47.277372198578334,1,0.7700830499275101
2026-08-14T11:13:40+00:00,SHADOW_ETH_EMA_1H,Eth Ema 1H,False,ema_trend_following,Trend following EMA,9622.182329907617,9622.182329907617,0,-105.68436072037912,3000.0,-3.5228120240126373,0,0,0,0,0,10,10,2,20.0,0.12399427706052468,-37.78176700923816,-377.8176700923816,29.93660638341034,-47.58651360599194,10,-332.4105112704617,8,33.87067785252919,2,71.61900106618994,432.4105112704617,8,6,33.87067785252919,2,3.778176700923832
2026-08-14T11:13:40+00:00,SHADOW_ETH_EMA_4H,Eth Ema 4H,False,ema_trend_following,Trend following EMA,9842.000480465555,9842.000480465555,0,-52.26915917360566,3000.0,-1.7423053057868552,0,0,0,0,0,3,3,0,0.0,0.0,-52.66650651148101,-157.99951953444304,15.611552224190612,-52.26500752232521,3,-237.38667346751328,2,0.0,0,76.95245830950779,337.3866734675132,2,2,0.0,0,1.7332172120945808
2026-08-14T11:13:40+00:00,SHADOW_ETH_DONCHIAN_1H,Eth Donchian 1H,False,donchian_breakout,Donchian breakout 20 barre,9817.188214953343,9817.188214953343,0,-54.79863367093458,3000.0,-1.8266211223644861,0,0,0,0,0,6,6,1,16.666666666666664,0.33836957932060685,-30.468630841109633,-182.8117850466578,34.24986134162799,-47.73446585239376,6,-165.755804006218,5,99.25046054524793,1,67.16521326862792,265.755804006218,5,4,99.25046054524793,1,2.0555061530053527
2026-08-14T11:13:40+00:00,SHADOW_ETH_BOLLINGER_1H,Eth Bollinger 1H,False,bollinger_mean_reversion,Bollinger mean reversion,9959.485279114557,9959.485279114557,0,0.0,3000.0,0.0,0,0,0,0,0,2,2,1,50.0,0.2760074984694302,-20.25736044272211,-40.51472088544422,47.571888617667284,-54.28257958180191,2,-50.362944568547164,2,29.588203444531054,1,67.8292490603894,150.36294456854716,2,1,29.588203444531054,1,0.9087472294676411
2026-08-14T11:13:40+00:00,SHADOW_ETH_ADAPTIVE_1H,Eth Adaptive 1H,False,combo_adaptive,Combo Adaptive,9692.375613269443,9692.375613269443,0,-107.22850315718642,3000.0,-3.574283438572881,0,0,0,0,0,8,8,2,25.0,0.05314119468138902,-38.45304834131939,-307.6243867305551,26.824354230218148,-54.00873730607417,8,-88.23610060922697,5,14.307274177516053,2,73.17053818578827,188.23610060922698,5,3,14.307274177516053,2,3.114863139449881
2026-08-14T11:13:40+00:00,SHADOW_DOGE_EMA_1H,Doge Ema 1H,False,ema_trend_following,Trend following EMA,10018.962617343983,9983.57162752519,35.39098981879301,-77.27134890362868,3000.0,-2.575711630120956,1,1155.6263531531288,3466.879059459386,49.92305845621516,49.92305845621473,12,12,7,58.333333333333336,0.9449368774259438,-1.2823590630800432,-15.38830875696052,43.48320035877477,-36.585067574493685,12,-417.69533528173446,10,44.514441232736985,7,43.11220777564831,517.6953352817345,10,3,44.514441232736985,7,2.087367697390332
2026-08-14T11:13:40+00:00,SHADOW_DOGE_DONCHIAN_1H,Doge Donchian 1H,False,donchian_breakout,Donchian breakout 20 barre,9952.459447182138,9946.965961630938,5.493485551200159,-86.07063027335789,3000.0,-2.8690210091119295,1,1295.4814880611261,3886.4444641833784,49.746489141547244,49.74648914154662,9,9,5,55.55555555555556,0.7748931763879762,-5.6335746322838816,-50.702171690554934,44.44831243440271,-39.21570778406323,9,-668.8252830273141,9,45.395903888386506,5,50.08188706668659,768.8252830273142,9,4,45.395903888386506,5,1.6317407108786839
2026-08-14T11:13:40+00:00,SHADOW_DOGE_BOLLINGER_1H,Doge Bollinger 1H,False,bollinger_mean_reversion,Bollinger mean reversion,9975.300475963333,9975.300475963333,0,73.27748061559032,3000.0,2.442582687186344,0,0,0,0,0,6,6,3,50.0,0.8511789001958884,-4.116587339444121,-24.699524036664727,38.71367370654962,-42.12364834810473,6,-661.6994773098063,6,68.5113748347241,3,42.830261045993744,761.6994773098063,6,3,68.5113748347241,3,1.8856062038951005
2026-08-14T11:13:40+00:00,SHADOW_MASTER_ADAPTIVE_V1,Master Adaptive V1,False,master_adaptive_consensus,Master Adaptive Consensus,9471.165490224761,9490.488630630889,-19.32314040612722,-283.70408390283774,3000.0,-9.456802796761258,5,4044.0056537388655,8088.011307477731,190.19434277998332,190.19434277998317,36,36,9,25.0,0.6002888711274283,-13.98458609071083,-503.4450992655899,37.32507414227179,-41.932769897905246,36,-359.36315949252776,35,98.94002509169863,9,52.70270460126251,459.3631594925278,35,26,98.94002509169863,9,6.077247875931686
2026-08-14T11:13:40+00:00,SHADOW_MASTER_ADAPTIVE_NO_ALT_V1,Master Adaptive No Alt V1,False,master_adaptive_consensus,Master Adaptive Consensus,9630.093483969455,9627.095734567209,2.997749402245298,-128.79853602579715,3000.0,-4.293284534193238,5,2459.692928732568,4919.385857465136,144.5899892915445,144.58998929154444,37,37,10,27.027027027027028,0.71709346554267,-9.996055055507592,-369.85403705378087,41.17045819513512,-42.77704197454094,37,-316.2465869302327,37,99.65763910925457,10,51.166513250642716,416.2465869302328,37,27,99.65763910925457,10,6.026369782591969
2026-08-14T11:13:40+00:00,SHADOW_MASTER_ADAPTIVE_STRICT3_V1,Master Adaptive Strict3 V1,False,master_adaptive_consensus,Master Adaptive Consensus,9370.315484178032,9243.807902472769,126.50758170526329,-34.749759721482405,3000.0,-1.1583253240494136,3,1971.3498964253208,3942.6997928506416,137.6955719516279,137.69557195162787,40,40,10,25.0,0.5531943440239644,-18.84023842661496,-753.6095370645984,42.13577635850196,-47.06564274508216,40,-404.13463313609935,39,95.00772764952302,10,60.775537388809624,504.1346331360994,39,29,95.00772764952302,10,9.06496965147733
2026-08-14T11:13:40+00:00,SHADOW_MASTER_ADAPTIVE_EXPANDED_V1,Master Adaptive Expanded V1,False,master_adaptive_consensus,Master Adaptive Consensus,9750.770005108483,9751.855256616813,-1.085251508330424,-48.307011142716874,3000.0,-1.610233704757229,6,3350.5946847791815,6701.189369558363,194.61533694965112,194.61533694965078,41,41,13,31.70731707317073,0.8115026770421149,-5.952741685898118,-244.06240912182284,38.65250919849705,-39.593119509139534,41,-283.80447597548437,41,99.35259609903763,13,44.60525088439517,383.80447597548437,41,28,99.35259609903763,13,4.4517991701026425
2026-08-14T11:13:40+00:00,SHADOW_MASTER_ADAPTIVE_GB20_V1,Master Adaptive Gb20 V1,False,master_adaptive_consensus,Master Adaptive Consensus,9345.327259271446,9364.39366360769,-19.066404336244506,-279.9346618534164,3000.0,-9.33115539511388,5,3990.2751473976004,7980.550294795201,187.66733386461132,187.6673338646112,71,71,34,47.88732394366197,0.5654439705452325,-8.867896697525905,-629.6206655243393,27.17929404774461,-32.03187865676393,71,-305.6048457725393,66,54.42473485818733,34,36.11671335502534,405.60484577253936,66,32,54.42473485818733,34,7.3251484627980386
2026-08-14T11:13:40+00:00,SHADOW_MASTER_ADAPTIVE_RUNNER25_V1,Master Adaptive Runner25 V1,False,master_adaptive_consensus,Master Adaptive Consensus,9488.852154492968,9512.56031538699,-23.708160894023123,-282.83084283568496,3000.0,-9.4276947611895,7,3641.2177083630604,7282.435416726121,189.8020352735185,189.80203527351844,34,34,8,23.52941176470588,0.6165732403712854,-14.181898285480484,-482.18454170633646,45.92084353101516,-43.20172081593003,34,-347.63982198260203,34,80.19151652632188,8,60.10274181649564,447.639821982602,34,26,80.19151652632188,8,6.642319620389106
2026-08-14T11:13:40+00:00,SHADOW_COMBO_ADAPTIVE_SIDE_REGIME_GUARD_V1,Combo Adaptive — Side × Regime Guard,False,combo_adaptive,Combo Adaptive,10185.118937024741,10102.668674576165,82.45026244857512,-100.0329549804992,3000.0,-3.3344318326833067,4,5432.177356611283,10864.354713222567,202.33619154199027,149.27735933101553,50,50,23,46.0,1.108878595332743,2.077528706824015,103.87643534120075,40.40955549731268,-28.100462976505938,50,-295.41650546708934,46,66.52937410649123,23,37.8719174606757,395.4165054670893,46,23,66.52937410649123,23,5.792199521456734
2026-08-14T11:13:40+00:00,SHADOW_MASTER_ADAPTIVE_GB20_BE_V1,"Master Adaptive GB20 — Breakeven 0,5R",False,master_adaptive_consensus,Master Adaptive Consensus,9518.063820950327,9537.482643670353,-19.418822720026004,-285.1089002339122,3000.0,-9.503630007797073,5,4064.030339697616,8128.060679395232,191.13612731526922,191.13612731526908,39,39,8,20.51282051282051,0.5947839831294586,-11.703103792351804,-456.4210479017204,34.37381678623213,-36.224891274587044,39,-412.52778788203955,37,98.81963622402029,8,48.40719212674754,512.5277878820397,37,29,98.81963622402029,8,6.676521603959755
2026-08-14T11:13:40+00:00,SHADOW_MASTER_ADAPTIVE_GB20_PARTIAL_V1,"Master Adaptive GB20 — 50% a 0,75R",False,master_adaptive_consensus,Master Adaptive Consensus,9507.943102569814,9527.341276926923,-19.398174357110175,-284.8057391140337,3000.0,-9.493524637134456,5,4059.7089874424014,8119.417974884803,190.93288903558445,190.9328890355843,34,34,9,26.47058823529412,0.5676091208049325,-13.722614616267428,-466.5688969530926,37.55333567474098,-39.10015642360118,34,-329.35436454842124,32,81.35482454140434,9,54.37066859873225,429.3543645484212,32,23,81.35482454140434,9,6.265094369354042
2026-08-14T11:13:40+00:00,SHADOW_MASTER_ADAPTIVE_GB20_LOSS_CAP_V1,"Master Adaptive GB20 — Loss Cap 0,75R",False,master_adaptive_consensus,Master Adaptive Consensus,9101.40348680088,9101.40348680088,0.0,-577.6648892794183,3000.0,-19.255496309313944,1,192.1527166322298,384.3054332644596,46.116651991735154,46.11665199173513,31,31,5,16.129032258064516,0.3173663954743582,-28.978306432123578,-898.327499395831,33.102140943701265,-46.08769416391771,31,-315.3010852932554,30,97.22032003323676,5,62.554874440573556,415.3010852932555,30,25,97.22032003323676,5,10.581884464241261
2026-08-14T11:13:40+00:00,SHADOW_1H_FAST_V3_NOHIGH_RANGE_ONLY_V1,Rapida V3 NoHigh — Range Only,False,momentum_breakout_v3_filtered,Momentum / breakout V3 Filtered,10420.67104393646,10339.769904778948,80.90113915751222,124.95349775647628,3000.0,4.165116591882543,4,3399.910502661337,10199.731507984012,207.02679543024976,103.61028793127139,29,29,14,48.275862068965516,1.5721029390799894,11.74874949706265,340.7137354148169,43.152369744542504,-34.649265891235515,29,-257.9594208251869,26,88.7213729571058,14,30.67675391162754,357.9594208251869,26,12,88.7213729571058,14,3.5488304106074535
2026-08-14T11:13:40+00:00,SHADOW_1H_FAST_V3_NOHIGH_REGIME_GUARD_V1,Rapida V3 NoHigh — Regime Guard,False,momentum_breakout_v3_filtered,Momentum / breakout V3 Filtered,10329.00555375582,10255.781362275535,73.22419148028496,-70.8808264966683,3000.0,-2.36269421655561,4,2006.6715530335132,6020.01465910054,206.07835454814085,152.9274158450899,37,37,19,51.35135135135135,1.3588428598671656,6.919579944457095,256.0244579449125,40.13245182748803,-31.720445327660713,37,-213.62880096148857,33,79.35757090085372,19,32.13673516643772,313.62880096148854,33,14,79.35757090085372,19,4.315061042452857
2026-08-14T11:13:40+00:00,MAIN_SIDE_REGIME_GUARD_V1,MAIN — Side × Regime Guard,False,confluence_trend,Confluenza trend,10411.819112154137,10367.072790718537,44.746321435599015,107.15894423374266,3000.0,3.5719648077914217,5,2118.5340743667434,6355.602223100231,207.36045932017203,155.48329160367115,20,20,10,50.0,1.8510982448765734,18.361783408645156,367.2356681729031,64.25924425677859,-32.48340313098536,20,-19.837576378052628,18,81.40802984038403,10,45.066631483685,119.83757637805262,18,8,81.40802984038403,10,2.3978612512553643
2026-08-14T11:13:40+00:00,MAIN_DYNAMIC_ASSET_SELECTOR_V1,MAIN — Dynamic Asset Selector,False,confluence_trend,Confluenza trend,10230.300995551563,10230.300995551563,0,0.0,3000.0,0.0,0,0,0,0,0,11,11,5,45.45454545454545,1.8473664776249277,20.936454141051613,230.30099555156775,65.869392076283,-33.951641802296734,11,-12.877657139508953,10,99.89624374384292,5,44.14543558396704,112.87765713950894,10,5,99.89624374384292,5,1.499637590396167
2026-08-14T11:13:40+00:00,SHADOW_COMBO_TREND_SIDE_REGIME_GUARD_V1,Combo Trend — Side × Regime Guard,False,combo_trend,Combo Trend,10070.010270706389,10056.110303314877,13.899967391511066,41.371709856590314,3000.0,1.3790569952196772,5,3574.435252601089,7148.870505202178,201.78418793564845,151.49614341932903,42,42,21,50.0,1.07337279558713,1.378151563820513,57.88236568046155,39.77795840778893,-28.41685282389447,42,-310.11464964266906,39,56.69729254047078,21,36.98743980577313,410.11464964266906,39,18,56.69729254047078,21,2.941970910037087
2026-08-14T11:13:40+00:00,SHADOW_1H_FAST_NOHIGH_CAP75_SHORT_ONLY_V1,"FAST NoHigh <7,5 · SHORT only",False,momentum_breakout,Momentum / breakout,10092.568282638276,9988.207569751996,104.36071288628068,-138.44640378322583,3000.0,-4.614880126107527,6,3416.7266523081225,10250.179956924367,201.6708816625434,148.8067663490496,55,55,21,38.18181818181819,0.9902952632952736,-0.19560909160724563,-10.758500038398509,35.57737313900042,-28.969795427005216,55,-547.0949863211556,50,76.73218036263171,21,36.98907399405164,647.0949863211555,50,29,76.73218036263171,21,6.15118867595764
2026-08-14T11:13:40+00:00,SHADOW_1H_BALANCED_V3_LONG_ONLY_V1,Bilanciata V3 · LONG only,False,confluence_trend_v3_filtered,Confluenza trend V3 Filtered,9749.606880236597,9700.022998911496,49.583881325101984,-125.00023186498765,3000.0,-4.166674395499589,6,2879.323055595859,8637.969166787576,194.90574830421886,148.7526238682886,38,38,13,34.21052631578947,0.5981469181111655,-7.833571974422253,-297.6757350280456,28.85232675601108,-24.817656250861702,38,-379.2832004146034,38,63.58479583672663,13,36.68589873043334,479.28320041460324,38,25,63.58479583672663,13,4.027584457555303
2026-08-14T11:13:40+00:00,SHADOW_SCANNER_BOTTOM5_SHORT_PROFIT_LOCK_V1,Scanner Bottom5 Short Profit Lock V1,False,scanner_bottom5_short,Scanner Bottom 5 Short,9691.007141600807,9623.66333836409,67.34380323671678,-278.90225158185785,3000.0,-9.29674171939526,6,4832.581858295566,9665.163716591132,194.52666729078555,96.44237899999194,37,37,12,32.432432432432435,0.5308983717878011,-10.082588770577715,-373.05578451137546,27.35896581051625,-25.18346735789397,37,-533.1006489087362,30,59.57556025208367,12,36.87922444511439,633.100648908736,30,18,59.57556025208367,12,5.273164293308441
2026-08-14T11:13:40+00:00,SHADOW_SCANNER_BOTTOM5_SHORT_MFE_TRAIL_V1,Scanner Bottom5 Short Mfe Trail V1,False,scanner_bottom5_short,Scanner Bottom 5 Short,9705.77080136245,9638.324403938823,67.44639742362781,-279.32059922321605,3000.0,-9.310686640773868,6,4839.944002733569,9679.888005467137,194.82301683304513,96.58930309666786,36,36,12,33.33333333333333,0.5807455380979086,-9.955270019998824,-358.38972071995767,28.179935052262103,-29.46836614960666,36,-530.7652147808285,29,65.03849243005399,12,39.451542011851416,630.7652147808284,29,17,65.03849243005399,12,5.273164293308418
2026-08-14T11:13:40+00:00,SHADOW_SCANNER_BOTTOM5_SHORT_CONTINUATION_V1,Scanner Bottom5 Short Continuation V1,False,scanner_bottom5_short_continuation,Scanner Bottom5 Short Continuation,10000.0,10000.0,0,0.0,3000.0,0.0,0,0,0,0,0,0,0,0,0.0,0.0,0.0,0.0,0.0,0.0,0,0.0,0,0.0,0,0.0,0.0,0,0,0.0,0,0.0
2026-08-14T11:13:40+00:00,EVO_CAND_SHADOW_1H_FAST_V3_LONG_NOHIGH_CAP75_V_TP_R200_051501d0,Evo Cand 1H Fast V3 Long Nohigh Cap75 V Tp R200 051501D0,False,momentum_breakout_v3_filtered,Momentum / breakout V3 Filtered,10185.367592750203,10185.367592750203,0,0.0,3000.0,0.0,0,0,0,0,0,22,22,9,40.909090909090914,1.5740497933126922,8.425799670463682,185.367592750201,50.27763856441679,-29.194790273744637,22,-153.96762371499742,22,60.628421026615264,9,41.85183889395311,253.96762371499736,22,13,60.628421026615264,9,2.272013602073936
2026-08-14T11:13:40+00:00,EVO_CAND_SHADOW_1H_FAST_V3_CAP75_V1_TP_R250_3b03ece1,Evo Cand 1H Fast V3 Cap75 V1 Tp R250 3B03Ece1,False,momentum_breakout_v3_filtered,Momentum / breakout V3 Filtered,10235.183769855492,10235.183769855492,0,0.0,3000.0,0.0,0,0,0,0,0,20,20,10,50.0,1.8958099406770077,11.759188492774642,235.18376985549284,51.79632389523918,-27.692695297738915,20,-161.68367488949667,19,45.989136266507735,10,41.969628893894416,261.6836748894967,19,9,45.989136266507735,10,2.7269134663085923
2026-08-14T11:13:40+00:00,EVO_CAND_SHADOW_1H_FAST_V3_TP_R200_3ee5afb4,Evo Cand 1H Fast V3 Tp R200 3Ee5Afb4,False,momentum_breakout_v3_filtered,Momentum / breakout V3 Filtered,9837.384301680404,9837.384301680404,0,0.0,3000.0,0.0,0,0,0,0,0,37,37,15,40.54054054054054,0.7597089957708966,-4.39501887350266,-162.6156983195984,34.161559122021416,-29.88653450725807,37,-177.97667936872847,34,61.17263514286629,15,37.86059605780832,277.9766793687285,34,19,61.17263514286629,15,3.077650467058764
2026-08-14T11:13:40+00:00,EVO_CAND_SHADOW_1H_FAST_V3_NOHIGH_RANGE_ONLY_V_TP_R200_52488eb5,Evo Cand 1H Fast V3 Nohigh Range Only V Tp R200 52488Eb5,False,momentum_breakout_v3_filtered,Momentum / breakout V3 Filtered,10003.374768591271,10003.374768591271,0,0.0,3000.0,0.0,0,0,0,0,0,8,8,3,37.5,1.0217703812911962,0.42184607390852236,3.374768591268179,55.374454553081755,-38.53416397527393,8,-61.54181752155685,8,55.44132031981138,3,54.952608479173236,161.54181752155682,8,5,55.44132031981138,3,2.15431564748346
2026-08-14T11:13:40+00:00,EVO_CAND_SHADOW_1H_FAST_V3_NO_ESPORTS_V1_TP_R200_68f866e1,Evo Cand 1H Fast V3 No Esports V1 Tp R200 68F866E1,False,momentum_breakout_v3_filtered,Momentum / breakout V3 Filtered,10145.124288598421,10145.124288598421,0,0.0,3000.0,0.0,0,0,0,0,0,44,44,20,45.45454545454545,1.1991464925010438,3.2982792863278907,145.1242885984272,43.16668562858103,-28.472782281918672,44,-162.3732708295456,44,56.49308060519147,20,39.86840634225314,262.37327082954556,44,24,56.49308060519147,20,2.914098216125564
2026-08-14T11:13:40+00:00,EVO_CAND_SHADOW_1H_FAST_V3_TP_R250_6b45fc13,Evo Cand 1H Fast V3 Tp R250 6B45Fc13,False,momentum_breakout_v3_filtered,Momentum / breakout V3 Filtered,10048.772877224019,10048.772877224019,0,0.0,3000.0,0.0,0,0,0,0,0,23,23,10,43.47826086956522,1.116208624212251,2.1205598793051728,48.77287722401898,50.681344675362354,-30.92953805209685,23,-107.76743713558645,23,44.602680546063205,10,48.56078479605718,207.76743713558648,23,13,44.602680546063205,10,3.0523193291964423
2026-08-14T11:13:40+00:00,EVO_CAND_SHADOW_1H_FAST_V3_NO_ESPORTS_MFE_LOCK_TP_R200_6b7c560f,Evo Cand 1H Fast V3 No Esports Mfe Lock Tp R200 6B7C560F,False,momentum_breakout_v3_filtered,Momentum / breakout V3 Filtered,10099.037353282994,10099.037353282994,0,0.0,3000.0,0.0,0,0,0,0,0,55,55,30,54.54545454545454,1.1174209284943681,1.800679150600028,99.03735328300154,40.78527763625257,-27.61045763647717,55,-258.1775532895327,55,49.805650399726254,30,38.984598485652555,358.17755328953274,55,25,49.805650399726254,30,3.5940821587422622
2026-08-14T11:13:40+00:00,EVO_CAND_SHADOW_1H_FAST_V3_LONG_ONLY_V1_TP_R200_751e55c4,Evo Cand 1H Fast V3 Long Only V1 Tp R200 751E55C4,False,momentum_breakout_v3_filtered,Momentum / breakout V3 Filtered,9723.72034819042,9723.72034819042,0,0.0,3000.0,0.0,0,0,0,0,0,31,31,10,32.25806451612903,0.6230007402480277,-8.912246832567078,-276.27965180957943,41.17353443392657,-35.22751076400314,31,-108.66324682579764,30,61.00399807197058,10,47.18970586321609,208.66324682579764,30,20,61.00399807197058,10,4.833641813219739
2026-08-14T11:13:40+00:00,EVO_CAND_SHADOW_1H_FAST_V3_NO_ESPORTS_LONG_ONL_TP_R200_7bbb9481,Evo Cand 1H Fast V3 No Esports Long Onl Tp R200 7Bbb9481,False,momentum_breakout_v3_filtered,Momentum / breakout V3 Filtered,10008.921723898915,10008.921723898915,0,0.0,3000.0,0.0,0,0,0,0,0,30,30,11,36.666666666666664,1.0159691286707275,0.29739079663068435,8.921723898920531,47.252589962962034,-30.9927841073915,30,-97.01692129188599,30,64.71495508866089,11,46.95519916633137,197.01692129188598,30,19,64.71495508866089,11,4.843513896571893
2026-08-14T11:13:40+00:00,EVO_CAND_SHADOW_1H_FAST_V3_NOHIGH_V1_TP_R200_8346046b,Evo Cand 1H Fast V3 Nohigh V1 Tp R200 8346046B,False,momentum_breakout_v3_filtered,Momentum / breakout V3 Filtered,9817.343715675604,9817.343715675604,0,0.0,3000.0,0.0,0,0,0,0,0,24,24,10,41.66666666666667,0.6362086709868331,-7.610678513516539,-182.65628432439692,37.19645461246071,-34.5029908443422,24,-190.40752536551796,23,58.41346272695566,10,40.80051220517738,290.4075253655179,23,13,58.41346272695566,10,3.231966888730231
2026-08-14T11:13:40+00:00,EVO_CAND_SHADOW_1H_FAST_V3_CAP75_V1_TP_R200_86882aa9,Evo Cand 1H Fast V3 Cap75 V1 Tp R200 86882Aa9,False,momentum_breakout_v3_filtered,Momentum / breakout V3 Filtered,10300.046714482558,10300.046714482558,0,0.0,3000.0,0.0,0,0,0,0,0,33,33,16,48.484848484848484,2.0381505779420124,9.092324681289595,300.04671448255664,41.99466493330217,-24.28693921315929,33,-187.44619883808406,33,57.995660256848126,16,32.902340252012564,287.446198838084,33,17,57.995660256848126,16,2.011655735989494
2026-08-14T11:13:40+00:00,EVO_CAND_SHADOW_1H_FAST_V3_NO_ESPORTS_STRESS_G_TP_R200_89ab3f19,Evo Cand 1H Fast V3 No Esports Stress G Tp R200 89Ab3F19,False,momentum_breakout_v3_filtered,Momentum / breakout V3 Filtered,9995.23466222729,9995.23466222729,0,0.0,3000.0,0.0,0,0,0,0,0,15,15,7,46.666666666666664,0.9857160335753683,-0.3176891848471497,-4.7653377727072455,47.07245966955637,-37.80218062518365,15,-267.46233114246087,15,54.69293359683671,7,47.39014885440353,367.46233114246087,15,8,54.69293359683671,7,2.697722814676028
2026-08-14T11:13:40+00:00,EVO_CAND_SHADOW_1H_FAST_V3_LONG_NOHIGH_CAP75_L_TP_R200_903364ad,Evo Cand 1H Fast V3 Long Nohigh Cap75 L Tp R200 903364Ad,False,momentum_breakout_v3_filtered,Momentum / breakout V3 Filtered,10271.726447261548,10271.726447261548,0,0.0,3000.0,0.0,0,0,0,0,0,22,22,11,50.0,1.7429406352678187,12.351202148252456,271.72644726155403,54.869872707820036,-32.849086197437096,22,-146.4309040131124,22,61.77382856808923,11,42.51867055956758,246.43090401311244,22,11,61.77382856808923,11,1.7152775533922797
2026-08-14T11:13:40+00:00,EVO_CAND_SHADOW_1H_FAST_V3_NOHIGH_REGIME_GUARD_TP_R200_934590ed,Evo Cand 1H Fast V3 Nohigh Regime Guard Tp R200 934590Ed,False,momentum_breakout_v3_filtered,Momentum / breakout V3 Filtered,10239.201756517607,10239.201756517607,0,0.0,3000.0,0.0,0,0,0,0,0,17,17,9,52.94117647058824,4.495672223180448,14.070691559859167,239.20175651760584,50.70841216477796,-17.11814263819957,17,-34.83219824565617,17,52.048056396009954,9,36.6377206049188,134.83219824565617,17,8,52.048056396009954,9,1.0142379629623302
2026-08-14T11:13:40+00:00,EVO_CAND_SHADOW_1H_FAST_V3_LONG_ONLY_V1_TP_R250_bfc04ed6,Evo Cand 1H Fast V3 Long Only V1 Tp R250 Bfc04Ed6,False,momentum_breakout_v3_filtered,Momentum / breakout V3 Filtered,9579.830074509578,9579.830074509578,0,0.0,3000.0,0.0,0,0,0,0,0,11,11,0,0.0,0.0,-38.197265953675064,-420.1699254904257,35.18745648271561,-42.04682632279425,11,-184.0909085310414,11,0.0,0,73.38472243639069,284.0909085310414,11,11,0.0,0,4.201699254904216
2026-08-14T11:13:40+00:00,EVO_CAND_SHADOW_1H_FAST_V3_NOHIGH_V1_TP_R250_c467005a,Evo Cand 1H Fast V3 Nohigh V1 Tp R250 C467005A,False,momentum_breakout_v3_filtered,Momentum / breakout V3 Filtered,9762.183980178797,9762.183980178797,0,0.0,3000.0,0.0,0,0,0,0,0,7,7,1,14.285714285714285,0.01849167259242739,-33.97371711731536,-237.8160198212075,42.12014285797883,-43.51578840352899,7,-155.4513770233658,7,8.25300965153871,1,76.0938599752942,255.45137702336575,7,6,8.25300965153871,1,2.819935304959472
