generated_utc,system,profile,paper_portfolio,paper_label,paper_closed_trades,research_closed_trades,research_taken_by_paper,research_skipped_by_paper,paper_only_or_research_open,paper_profit_factor,paper_expectancy,research_profit_factor,research_expectancy,taken_profit_factor,taken_expectancy,skipped_profit_factor,skipped_expectancy,selection_delta,execution_delta,metric_unit,status
2026-08-14T10:54:53+00:00,MAIN_PAPER_RESEARCH,EVO_CAND_SHADOW_1H_FAST_V3_CAP75_V1_TP_R200_86882aa9,,n/a,0,331,0,331,0,0.0,0.0,0.6787032623612398,-0.1688559743244407,0.0,0.0,0.6787032623612398,-0.1688559743244407,0.1688559743244407,0.0,R,CAMPIONE INSUFFICIENTE
2026-08-14T10:54:53+00:00,MAIN_PAPER_RESEARCH,EVO_CAND_SHADOW_1H_FAST_V3_CAP75_V1_TP_R250_3b03ece1,,n/a,0,300,0,300,0,0.0,0.0,0.5805245021836003,-0.22502606031434472,0.0,0.0,0.5805245021836003,-0.22502606031434472,0.22502606031434472,0.0,R,CAMPIONE INSUFFICIENTE
2026-08-14T10:54:53+00:00,MAIN_PAPER_RESEARCH,EVO_CAND_SHADOW_1H_FAST_V3_LONG_NOHIGH_CAP75_L_TP_R200_903364ad,,n/a,0,187,0,187,0,0.0,0.0,0.7603780082599373,-0.13030598658222917,0.0,0.0,0.7603780082599373,-0.13030598658222917,0.13030598658222917,0.0,R,CAMPIONE INSUFFICIENTE
2026-08-14T10:54:53+00:00,MAIN_PAPER_RESEARCH,EVO_CAND_SHADOW_1H_FAST_V3_LONG_NOHIGH_CAP75_V_TP_R200_051501d0,,n/a,0,190,0,190,0,0.0,0.0,0.7527950367579991,-0.12656051807971133,0.0,0.0,0.7527950367579991,-0.12656051807971133,0.12656051807971133,0.0,R,CAMPIONE INSUFFICIENTE
2026-08-14T10:54:53+00:00,MAIN_PAPER_RESEARCH,EVO_CAND_SHADOW_1H_FAST_V3_LONG_ONLY_V1_TP_R200_751e55c4,,n/a,0,253,0,253,0,0.0,0.0,0.7721976899122707,-0.11894839515415377,0.0,0.0,0.7721976899122707,-0.11894839515415377,0.11894839515415377,0.0,R,CAMPIONE INSUFFICIENTE
2026-08-14T10:54:53+00:00,MAIN_PAPER_RESEARCH,EVO_CAND_SHADOW_1H_FAST_V3_LONG_ONLY_V1_TP_R250_bfc04ed6,,n/a,0,224,0,224,0,0.0,0.0,0.6810169967265969,-0.1608061799431755,0.0,0.0,0.6810169967265969,-0.1608061799431755,0.1608061799431755,0.0,R,CAMPIONE INSUFFICIENTE
2026-08-14T10:54:53+00:00,MAIN_PAPER_RESEARCH,EVO_CAND_SHADOW_1H_FAST_V3_NOHIGH_RANGE_ONLY_V_TP_R200_52488eb5,,n/a,0,117,0,117,0,0.0,0.0,0.6575867133383384,-0.18331319474112825,0.0,0.0,0.6575867133383384,-0.18331319474112825,0.18331319474112825,0.0,R,CAMPIONE INSUFFICIENTE
2026-08-14T10:54:53+00:00,MAIN_PAPER_RESEARCH,EVO_CAND_SHADOW_1H_FAST_V3_NOHIGH_REGIME_GUARD_TP_R200_934590ed,,n/a,0,239,0,239,0,0.0,0.0,0.5561291224335797,-0.26176675325292315,0.0,0.0,0.5561291224335797,-0.26176675325292315,0.26176675325292315,0.0,R,CAMPIONE INSUFFICIENTE
2026-08-14T10:54:53+00:00,MAIN_PAPER_RESEARCH,EVO_CAND_SHADOW_1H_FAST_V3_NOHIGH_V1_TP_R200_8346046b,,n/a,0,358,0,358,0,0.0,0.0,0.6832961441839005,-0.16842140411941905,0.0,0.0,0.6832961441839005,-0.16842140411941905,0.16842140411941905,0.0,R,CAMPIONE INSUFFICIENTE
2026-08-14T10:54:53+00:00,MAIN_PAPER_RESEARCH,EVO_CAND_SHADOW_1H_FAST_V3_NOHIGH_V1_TP_R250_c467005a,,n/a,0,324,0,324,0,0.0,0.0,0.5787043731622029,-0.22409096518696678,0.0,0.0,0.5787043731622029,-0.22409096518696678,0.22409096518696678,0.0,R,CAMPIONE INSUFFICIENTE
2026-08-14T10:54:53+00:00,MAIN_PAPER_RESEARCH,EVO_CAND_SHADOW_1H_FAST_V3_NO_ESPORTS_LONG_ONL_TP_R200_7bbb9481,,n/a,0,253,0,253,0,0.0,0.0,0.8144458469517656,-0.09536485264984709,0.0,0.0,0.8144458469517656,-0.09536485264984709,0.09536485264984709,0.0,R,CAMPIONE INSUFFICIENTE
2026-08-14T10:54:53+00:00,MAIN_PAPER_RESEARCH,EVO_CAND_SHADOW_1H_FAST_V3_NO_ESPORTS_MFE_LOCK_TP_R200_6b7c560f,,n/a,0,459,0,459,0,0.0,0.0,0.8008907707481552,-0.0939901998910109,0.0,0.0,0.8008907707481552,-0.0939901998910109,0.0939901998910109,0.0,R,CAMPIONE INSUFFICIENTE
2026-08-14T10:54:53+00:00,MAIN_PAPER_RESEARCH,EVO_CAND_SHADOW_1H_FAST_V3_NO_ESPORTS_STRESS_G_TP_R200_89ab3f19,,n/a,0,113,0,113,0,0.0,0.0,0.4356487629952117,-0.3795239741770966,0.0,0.0,0.4356487629952117,-0.3795239741770966,0.3795239741770966,0.0,R,CAMPIONE INSUFFICIENTE
2026-08-14T10:54:53+00:00,MAIN_PAPER_RESEARCH,EVO_CAND_SHADOW_1H_FAST_V3_NO_ESPORTS_V1_TP_R200_68f866e1,,n/a,0,409,0,409,0,0.0,0.0,0.6870708347601882,-0.16320371633270575,0.0,0.0,0.6870708347601882,-0.16320371633270575,0.16320371633270575,0.0,R,CAMPIONE INSUFFICIENTE
2026-08-14T10:54:53+00:00,MAIN_PAPER_RESEARCH,EVO_CAND_SHADOW_1H_FAST_V3_TP_R200_3ee5afb4,,n/a,0,413,0,413,0,0.0,0.0,0.6897875627608994,-0.1617521871995399,0.0,0.0,0.6897875627608994,-0.1617521871995399,0.1617521871995399,0.0,R,CAMPIONE INSUFFICIENTE
2026-08-14T10:54:53+00:00,MAIN_PAPER_RESEARCH,EVO_CAND_SHADOW_1H_FAST_V3_TP_R250_6b45fc13,,n/a,0,375,0,375,0,0.0,0.0,0.5875987434610913,-0.21703380536715458,0.0,0.0,0.5875987434610913,-0.21703380536715458,0.21703380536715458,0.0,R,CAMPIONE INSUFFICIENTE
2026-08-14T10:54:53+00:00,MAIN_PAPER_RESEARCH,MAIN,MAIN,Principale 4H,40,233,27,206,13,0.7753909821771056,-0.15413767981202836,0.6861578941201273,-0.1953554968928759,0.7558362681629464,-0.16847429799861544,0.6758882981253717,-0.19887876082561878,0.030404462827003348,0.014336618186587075,R,NESSUN EDGE CHIARO
2026-08-14T10:54:53+00:00,MAIN_PAPER_RESEARCH,MAIN_DYNAMIC_ASSET_SELECTOR_V1,MAIN_DYNAMIC_ASSET_SELECTOR_V1,MAIN — Dynamic Asset Selector,11,0,0,0,11,1.8473664776249281,0.4229681044175253,0.0,0.0,0.0,0.0,0.0,0.0,0.0,0.4229681044175253,R,CAMPIONE INSUFFICIENTE
2026-08-14T10:54:53+00:00,MAIN_PAPER_RESEARCH,MAIN_SIDE_REGIME_GUARD_V1,MAIN_SIDE_REGIME_GUARD_V1,MAIN — Side × Regime Guard,20,0,0,0,20,1.8510982448765734,0.36652149651672944,0.0,0.0,0.0,0.0,0.0,0.0,0.0,0.36652149651672944,R,CAMPIONE INSUFFICIENTE
2026-08-14T10:54:53+00:00,MAIN_PAPER_RESEARCH,RSI_EXTREME_LONG_15M,SHADOW_RSI_LONG_5X_RSI25,Scalp RSI Long 25 · prudente · 5x,14,24,14,10,0,0.6104775772625233,-0.20664056807339545,0.5056049005483231,-0.2843423480375153,0.7630517620700367,-0.11430724803641958,0.2589520477176796,-0.5223914880390493,0.4080842400026298,-0.09233332003697588,R,SELEZIONE POSITIVA
2026-08-14T10:54:53+00:00,MAIN_PAPER_RESEARCH,RSI_EXTREME_SHORT_15M,SHADOW_RSI_SHORT_5X_RSI75,Scalp RSI Short 75 · prudente · 5x,24,39,23,16,1,0.46610194060566756,-0.2875232628686773,0.6194313448447094,-0.20691849372482068,0.854300547965418,-0.06792470383683714,0.37917467634896324,-0.406722066688797,0.3387973628519599,-0.21959855903184017,R,SELEZIONE POSITIVA
2026-08-14T10:54:53+00:00,MAIN_PAPER_RESEARCH,Bilanciata 1H V1,SHADOW_1H_BALANCED,Bilanciata 1H V1,92,573,25,548,67,0.9979025630892115,-0.0635207838893189,0.8870063319131588,-0.06308756970553406,0.82176426733869,-0.11505682220714336,0.8904722684780499,-0.06071670964615407,-0.05434011256098929,0.05153603831782447,R,NESSUN EDGE CHIARO
2026-08-14T10:54:53+00:00,MAIN_PAPER_RESEARCH,SHADOW_1H_BALANCED_LONG_NO_RHV_V1,SHADOW_1H_BALANCED_LONG_NO_RHV_V1,Bilanciata 1H — LONG senza Range High Vol,39,0,0,0,39,0.5448525325218154,-0.32704886149646506,0.0,0.0,0.0,0.0,0.0,0.0,0.0,-0.32704886149646506,R,CAMPIONE INSUFFICIENTE
2026-08-14T10:54:53+00:00,MAIN_PAPER_RESEARCH,SHADOW_1H_BALANCED_SHORT_TREND_DOWN_STRICT_V1,SHADOW_1H_BALANCED_SHORT_TREND_DOWN_STRICT_V1,Bilanciata 1H — SHORT Trend Down stretto,2,0,0,0,2,0.0,-0.5664622016396188,0.0,0.0,0.0,0.0,0.0,0.0,0.0,-0.5664622016396188,R,CAMPIONE INSUFFICIENTE
2026-08-14T10:54:53+00:00,MAIN_PAPER_RESEARCH,Bilanciata 1H V2,SHADOW_1H_BALANCED_V2,Bilanciata 1H V2,59,234,38,196,21,0.8654457864485527,-0.04473658279862448,1.035416113165298,0.0195206495281238,0.9024253110067467,-0.06359310564970809,1.067022031051037,0.035634540838111614,-0.0992276464878197,0.018856522851083607,R,NESSUN EDGE CHIARO
2026-08-14T10:54:53+00:00,MAIN_PAPER_RESEARCH,Bilanciata 1H V3 Filtered,SHADOW_1H_BALANCED_V3,Bilanciata 1H V3 Filtered,82,358,39,319,43,1.158019809301488,0.015188424399234068,0.9055455167878358,-0.05260927130065149,1.050476545492301,0.032014148901613075,0.8850208601407357,-0.0629550812940318,0.09496923019564488,-0.016825724502379007,R,NESSUN EDGE CHIARO
2026-08-14T10:54:53+00:00,MAIN_PAPER_RESEARCH,SHADOW_1H_BALANCED_V3_LONG_ONLY_V1,SHADOW_1H_BALANCED_V3_LONG_ONLY_V1,Bilanciata V3 · LONG only,38,279,23,256,15,0.5981469181111655,-0.15533649521594986,0.7827766163267008,-0.11960181664546253,0.5101144907158542,-0.34604674329701424,0.815024754638951,-0.09925715526661216,-0.24678958803040207,0.19071024808106438,R,SELEZIONE DA RIVEDERE
2026-08-14T10:54:53+00:00,MAIN_PAPER_RESEARCH,Rapida 1H V1,SHADOW_1H_FAST,Rapida 1H V1 — madre,78,208,36,172,42,1.0244303008182485,0.012421385601833299,0.9196974003107886,-0.048775051423036064,0.5558825006790353,-0.3184941575981926,1.0131374428801463,0.00767778475315949,-0.3261719423513521,0.3309155432000259,R,SELEZIONE DA RIVEDERE
2026-08-14T10:54:53+00:00,MAIN_PAPER_RESEARCH,SHADOW_1H_FAST_LONG_BTC_1_3_CAP75_V1,SHADOW_1H_FAST_LONG_BTC_1_3_CAP75_V1,"Rapida V1 — Long + BTC 1–3 + score <7,5",28,171,24,147,4,1.2479935089934517,0.05570675461636616,0.9590845781441844,-0.018554418204999854,1.256339426195481,0.1244379698387791,0.9065281078732531,-0.04190011421214744,0.16633808405092654,-0.06873121522241293,R,FILTRO PAPER UTILE
2026-08-14T10:54:53+00:00,MAIN_PAPER_RESEARCH,SHADOW_1H_FAST_NOHIGH_CAP75_SHORT_ONLY_V1,SHADOW_1H_FAST_NOHIGH_CAP75_SHORT_ONLY_V1,"FAST NoHigh <7,5 · SHORT only",55,378,31,347,24,0.9902952632952736,-0.20683962265566305,0.8010526550792438,-0.10004813900808157,0.6711280878849467,-0.20761507861614503,0.8159636393799483,-0.090438412414854,-0.11717666620129104,0.00077545596048198,R,NESSUN EDGE CHIARO
2026-08-14T10:54:53+00:00,MAIN_PAPER_RESEARCH,SHADOW_1H_FAST_NOHIGH_CAP75_V1,SHADOW_1H_FAST_NOHIGH_CAP75_V1,"Rapida V1 — no HIGH + score <7,5",91,445,51,394,40,1.1223375056171534,-0.060629163087502005,0.8490890372945935,-0.0772681921395214,1.0243828205628323,0.01408424414126827,0.8230589876891659,-0.08909299988145102,0.10317724402271929,-0.07471340722877028,R,NESSUN EDGE CHIARO
2026-08-14T10:54:53+00:00,MAIN_PAPER_RESEARCH,SHADOW_1H_FAST_NO_PEPE_V1,SHADOW_1H_FAST_NO_PEPE_V1,Rapida V1 — senza PEPE,94,577,46,531,48,1.0309545239708324,0.05929757362725062,0.776642771651036,-0.11864336311584099,0.75763227793976,-0.14208621854701772,0.7784768076582915,-0.11661253194854508,-0.025473686598472642,0.20138379217426833,R,NESSUN EDGE CHIARO
2026-08-14T10:54:53+00:00,MAIN_PAPER_RESEARCH,SHADOW_1H_FAST_SCORE_6_75_COST_AWARE_V1,SHADOW_1H_FAST_SCORE_6_75_COST_AWARE_V1,"Rapida score 6–7,5 — Cost Aware",55,0,0,0,55,1.4177622133586028,0.11050418929283463,0.0,0.0,0.0,0.0,0.0,0.0,0.0,0.11050418929283463,R,CAMPIONE INSUFFICIENTE
2026-08-14T10:54:53+00:00,MAIN_PAPER_RESEARCH,SHADOW_1H_FAST_SCORE_6_75_NO_TREND_UP_V1,SHADOW_1H_FAST_SCORE_6_75_NO_TREND_UP_V1,"Rapida score 6–7,5 — senza Trend Up",61,0,0,0,61,1.1087041336088483,-0.008629884336980469,0.0,0.0,0.0,0.0,0.0,0.0,0.0,-0.008629884336980469,R,CAMPIONE INSUFFICIENTE
2026-08-14T10:54:53+00:00,MAIN_PAPER_RESEARCH,SHADOW_1H_FAST_SCORE_6_75_RANGE_ONLY_V1,SHADOW_1H_FAST_SCORE_6_75_RANGE_ONLY_V1,"Rapida score 6–7,5 — Range Only",29,0,0,0,29,1.419395872147378,0.033145964795270336,0.0,0.0,0.0,0.0,0.0,0.0,0.0,0.033145964795270336,R,CAMPIONE INSUFFICIENTE
2026-08-14T10:54:53+00:00,MAIN_PAPER_RESEARCH,SHADOW_1H_FAST_SCORE_6_75_V1,SHADOW_1H_FAST_SCORE_6_75_V1,"Rapida V1 — score 6–7,5",103,348,76,272,27,1.2026962568773076,0.0016792495692500365,0.8219640798496759,-0.09398026242750084,0.8251346858737912,-0.10464161357940088,0.8209208382033242,-0.09100135548799936,-0.013640258091401528,0.10632086314865091,R,NESSUN EDGE CHIARO
2026-08-14T10:54:53+00:00,MAIN_PAPER_RESEARCH,SHADOW_1H_FAST_TP2_V1,SHADOW_1H_FAST_TP2_V1,Rapida V1 — target pieno 2R,107,546,48,498,59,0.9728328832577808,-0.05216239521047919,0.7373727795588013,-0.14213666886069076,1.2574324588937307,0.13422286895126193,0.6892521149652017,-0.16877373274618018,0.30299660169744214,-0.18638526416174112,R,FILTRO PAPER UTILE
2026-08-14T10:54:53+00:00,MAIN_PAPER_RESEARCH,Rapida 1H V2,SHADOW_1H_FAST_V2,Rapida 1H V2,28,53,28,25,0,0.7056358040266729,-0.16687197523267752,0.5364915853210502,-0.2785707594558756,0.5594192539978882,-0.28594644906758987,0.5060357481348081,-0.2703099870907557,-0.01563646197683416,0.11907447383491235,R,NESSUN EDGE CHIARO
2026-08-14T10:54:53+00:00,MAIN_PAPER_RESEARCH,Rapida 1H V3 Filtered,SHADOW_1H_FAST_V3,Rapida 1H V3 Filtered — madre,121,566,69,497,52,0.8514355235761063,-0.041490486836678615,0.803844828932468,-0.10390740339584746,0.9928831083988081,-0.0037983243566543875,0.777374992585334,-0.11780584696466903,0.11400752260801464,-0.03769216248002423,R,NESSUN EDGE CHIARO
2026-08-14T10:54:53+00:00,MAIN_PAPER_RESEARCH,SHADOW_1H_FAST_V3_CAP75_V1,SHADOW_1H_FAST_V3_CAP75_V1,"Rapida V3 — score <7,5",92,416,64,352,28,1.020519929549004,-0.11010540795856011,0.7794434392338069,-0.11621029558305881,0.6788960272553295,-0.22163834877902513,0.8048227004562922,-0.09704155863833766,-0.12459679014068747,0.11153294082046503,R,NESSUN EDGE CHIARO
2026-08-14T10:54:53+00:00,MAIN_PAPER_RESEARCH,SHADOW_1H_FAST_V3_LONG_NOHIGH_CAP75_LOCK_V1,SHADOW_1H_FAST_V3_LONG_NOHIGH_CAP75_LOCK_V1,Rapida V3 — qualità completa + profit lock,65,228,49,179,16,0.8107535799478852,-0.14922486750807376,0.904701617488138,-0.050370171885425766,0.715245444608553,-0.19055961584971967,0.9755243075573174,-0.01199429057676431,-0.17856532527295535,0.04133474834164591,R,NESSUN EDGE CHIARO
2026-08-14T10:54:53+00:00,MAIN_PAPER_RESEARCH,SHADOW_1H_FAST_V3_LONG_NOHIGH_CAP75_V1,SHADOW_1H_FAST_V3_LONG_NOHIGH_CAP75_V1,"Rapida V3 — Long + no HIGH + score <7,5",60,232,49,183,11,0.8181645509030185,-0.10452741967804671,0.8860215997416697,-0.05756529354124609,0.7450995286799575,-0.16463586651283993,0.9381697714179874,-0.02889612372917999,-0.13573974278365994,0.06010844683479322,R,NESSUN EDGE CHIARO
2026-08-14T10:54:53+00:00,MAIN_PAPER_RESEARCH,SHADOW_1H_FAST_V3_LONG_ONLY_V1,SHADOW_1H_FAST_V3_LONG_ONLY_V1,Rapida V3 — Long Only,72,312,45,267,27,0.564300828310475,-0.2777264641817399,0.8514333134706612,-0.07733506494148913,0.7110138480682128,-0.1836614870846377,0.8814452134369077,-0.059414881434216915,-0.12424660565042078,-0.09406497709710221,R,NESSUN EDGE CHIARO
2026-08-14T10:54:53+00:00,MAIN_PAPER_RESEARCH,SHADOW_1H_FAST_V3_NOHIGH_RANGE_ONLY_V1,SHADOW_1H_FAST_V3_NOHIGH_RANGE_ONLY_V1,Rapida V3 NoHigh — Range Only,29,0,0,0,29,1.5721029390799892,0.1207647576028125,0.0,0.0,0.0,0.0,0.0,0.0,0.0,0.1207647576028125,R,CAMPIONE INSUFFICIENTE
2026-08-14T10:54:53+00:00,MAIN_PAPER_RESEARCH,SHADOW_1H_FAST_V3_NOHIGH_REGIME_GUARD_V1,SHADOW_1H_FAST_V3_NOHIGH_REGIME_GUARD_V1,Rapida V3 NoHigh — Regime Guard,37,0,0,0,37,1.3588428598671654,0.10858415195579404,0.0,0.0,0.0,0.0,0.0,0.0,0.0,0.10858415195579404,R,CAMPIONE INSUFFICIENTE
2026-08-14T10:54:53+00:00,MAIN_PAPER_RESEARCH,SHADOW_1H_FAST_V3_NOHIGH_V1,SHADOW_1H_FAST_V3_NOHIGH_V1,Rapida V3 — no volatilità HIGH,82,463,48,415,34,0.7917524050693375,-0.07402960361003924,0.773771758588025,-0.12010282127614319,0.9652467746165194,-0.018788033808516662,0.7511718971291812,-0.13182115813986867,0.113033124331352,-0.055241569801522575,R,NESSUN EDGE CHIARO
2026-08-14T10:54:53+00:00,MAIN_PAPER_RESEARCH,SHADOW_1H_FAST_V3_NO_ESPORTS_LONG_ONLY_V1,SHADOW_1H_FAST_V3_NO_ESPORTS_LONG_ONLY_V1,Rapida V3 senza ESPORTS — Long Only,52,0,0,0,52,0.6818267476889814,-0.17959836382462788,0.0,0.0,0.0,0.0,0.0,0.0,0.0,-0.17959836382462788,R,CAMPIONE INSUFFICIENTE
2026-08-14T10:54:53+00:00,MAIN_PAPER_RESEARCH,SHADOW_1H_FAST_V3_NO_ESPORTS_MFE_LOCK_V1,SHADOW_1H_FAST_V3_NO_ESPORTS_MFE_LOCK_V1,Rapida V3 senza ESPORTS — MFE Lock,77,0,0,0,77,0.7833095223893526,-0.07207441948844114,0.0,0.0,0.0,0.0,0.0,0.0,0.0,-0.07207441948844114,R,CAMPIONE INSUFFICIENTE
2026-08-14T10:54:53+00:00,MAIN_PAPER_RESEARCH,SHADOW_1H_FAST_V3_NO_ESPORTS_STRESS_GUARD_V1,SHADOW_1H_FAST_V3_NO_ESPORTS_STRESS_GUARD_V1,Rapida V3 senza ESPORTS — Stress Guard,30,0,0,0,30,0.8390714934903161,-0.07566393717109474,0.0,0.0,0.0,0.0,0.0,0.0,0.0,-0.07566393717109474,R,CAMPIONE INSUFFICIENTE
2026-08-14T10:54:53+00:00,MAIN_PAPER_RESEARCH,SHADOW_1H_FAST_V3_NO_ESPORTS_V1,SHADOW_1H_FAST_V3_NO_ESPORTS_V1,Rapida V3 — senza ESPORTS,95,519,58,461,37,0.7417216040892615,-0.09531622115713896,0.7575349988001976,-0.12910844981804,0.8720869271172625,-0.0695526328052589,0.7427786084634724,-0.13660137256585195,0.06704873976059304,-0.025763588351880057,R,NESSUN EDGE CHIARO
2026-08-14T10:54:53+00:00,MAIN_PAPER_RESEARCH,SHADOW_4H_WIDE,SHADOW_4H_WIDE,Ampia 4H,34,217,20,197,14,0.8607190338347569,-0.1852989127832008,0.6988881573533074,-0.2087963179907469,1.0987385901233757,0.06604050795066277,0.6598733043147902,-0.2366985338223621,0.3027390417730249,-0.25133942073386356,R,FILTRO PAPER UTILE
2026-08-14T10:54:53+00:00,MAIN_PAPER_RESEARCH,SHADOW_BOLLINGER_MR_1H,SHADOW_BOLLINGER_MR_1H,Benchmark Bollinger mean reversion 1H,66,172,55,117,11,0.800223651164523,-0.0856744343957193,1.1086278540841947,0.05015798661855053,1.1611361877529462,0.08371487131998616,1.0791192753098537,0.03438338269907225,0.04933148862091391,-0.16938930571570546,R,NESSUN EDGE CHIARO
2026-08-14T10:54:53+00:00,MAIN_PAPER_RESEARCH,SHADOW_BTC_ADAPTIVE_1H,SHADOW_BTC_ADAPTIVE_1H,Btc Adaptive 1H,4,10,4,6,0,0.6263906522085293,-0.20060862545677935,0.7152523713718414,-0.12655450161251472,0.009068706446488892,-0.8257760779612576,2.8338033661478987,0.33959321595331393,-1.1653692939145714,0.6251674525044782,R,CAMPIONE INSUFFICIENTE
2026-08-14T10:54:53+00:00,MAIN_PAPER_RESEARCH,SHADOW_BTC_ADAPTIVE_4H,SHADOW_BTC_ADAPTIVE_4H,Btc Adaptive 4H,1,1,1,0,0,0.0,-1.0075324198957611,0.0,-1.067033788381035,0.0,-1.067033788381035,0.0,0.0,-1.067033788381035,0.059501368485273876,R,CAMPIONE INSUFFICIENTE
2026-08-14T10:54:53+00:00,MAIN_PAPER_RESEARCH,SHADOW_BTC_BOLLINGER_1H,SHADOW_BTC_BOLLINGER_1H,Btc Bollinger 1H,5,8,4,4,1,3.4215829918670884,0.5526411120168044,2.7901840324937153,0.507218809206553,inf,1.116897886491059,0.8191877622153775,-0.1024602680779528,1.2193581545690118,-0.5642567744742546,R,CAMPIONE INSUFFICIENTE
2026-08-14T10:54:53+00:00,MAIN_PAPER_RESEARCH,SHADOW_BTC_BOLLINGER_4H,SHADOW_BTC_BOLLINGER_4H,Btc Bollinger 4H,1,1,1,0,0,inf,1.6823466846999688,inf,1.7159136057582127,inf,1.7159136057582127,0.0,0.0,1.7159136057582127,-0.03356692105824388,R,CAMPIONE INSUFFICIENTE
2026-08-14T10:54:53+00:00,MAIN_PAPER_RESEARCH,SHADOW_BTC_DONCHIAN_1H,SHADOW_BTC_DONCHIAN_1H,Btc Donchian 1H,5,13,5,8,0,0.9713347083528707,-0.010528686246644691,0.24201384357130473,-0.5903546026031162,0.0,-1.1249999999999958,0.5445311480354356,-0.25620122923006666,-0.8687987707699292,1.114471313753351,R,CAMPIONE INSUFFICIENTE
2026-08-14T10:54:53+00:00,MAIN_PAPER_RESEARCH,SHADOW_BTC_DONCHIAN_4H,SHADOW_BTC_DONCHIAN_4H,Btc Donchian 4H,2,4,2,2,0,0.0,-1.0200330119134449,0.0,-1.0733119945855885,0.0,-1.0738461169391096,0.0,-1.0727778722320673,-0.001068244707042254,0.05381310502566472,R,CAMPIONE INSUFFICIENTE
2026-08-14T10:54:53+00:00,MAIN_PAPER_RESEARCH,SHADOW_BTC_EMA_1H,SHADOW_BTC_EMA_1H,Btc Ema 1H,7,13,5,8,2,0.475059842023687,-0.40309748744695983,0.781409879503221,-0.1307804139724316,1.1333333333333353,0.08888888888888999,0.5174672891306354,-0.2680737282607576,0.3569626171496476,-0.49198637633584985,R,CAMPIONE INSUFFICIENTE
2026-08-14T10:54:53+00:00,MAIN_PAPER_RESEARCH,SHADOW_BTC_EMA_4H,SHADOW_BTC_EMA_4H,Btc Ema 4H,1,2,1,1,0,0.0,-0.9863694920722902,0.0,-1.0676110068674998,0.0,-1.0707603911634422,0.0,-1.064461622571557,-0.006298768591885162,0.08439089909115205,R,CAMPIONE INSUFFICIENTE
2026-08-14T10:54:53+00:00,MAIN_PAPER_RESEARCH,SHADOW_COMBO_ADAPTIVE,SHADOW_COMBO_ADAPTIVE,Combo Adaptive — madre,57,464,26,438,31,0.8459914659513544,-0.02841415882810465,0.9345373544315543,-0.03500810124191324,1.0813346384387104,0.046876101030740885,0.9251026970263917,-0.03986880731289271,0.0867449083436336,-0.07529025985884553,R,NESSUN EDGE CHIARO
2026-08-14T10:54:53+00:00,MAIN_PAPER_RESEARCH,SHADOW_COMBO_ADAPTIVE_LONG_ONLY_V1,SHADOW_COMBO_ADAPTIVE_LONG_ONLY_V1,Combo Adaptive — Long Only,35,252,21,231,14,0.6736075020083292,-0.19235213582484068,0.9095428664090851,-0.04786756574195451,0.906235226095783,-0.056084742494179295,0.9098868268882965,-0.04712054967357043,-0.008964192820608861,-0.13626739333066137,R,NESSUN EDGE CHIARO
2026-08-14T10:54:53+00:00,MAIN_PAPER_RESEARCH,SHADOW_COMBO_ADAPTIVE_MFE_TRAIL,SHADOW_COMBO_ADAPTIVE_MFE_TRAIL,Combo Adaptive — MFE Trail esistente,71,489,31,458,40,0.3684353626230221,-0.3580101786925496,0.9320896588076215,-0.032741252525136655,0.36829135647437716,-0.4726458716584374,0.9936092378538735,-0.0029660490466817987,-0.4696798226117556,0.11463569296588783,R,SELEZIONE DA RIVEDERE
2026-08-14T10:54:53+00:00,MAIN_PAPER_RESEARCH,SHADOW_COMBO_ADAPTIVE_PARTIAL_1R_V1,SHADOW_COMBO_ADAPTIVE_PARTIAL_1R_V1,Combo Adaptive — parziale 1R,58,405,25,380,33,0.546730916702338,-0.3195085680069971,0.8718183741522568,-0.0677828211564681,1.015424219907829,0.009195930781096952,0.8610763999298529,-0.0728472127313079,0.08204314351240485,-0.32870449878809405,R,NESSUN EDGE CHIARO
2026-08-14T10:54:53+00:00,MAIN_PAPER_RESEARCH,SHADOW_COMBO_ADAPTIVE_QUALITY7_REGIME_PARTIAL_1R_V1,SHADOW_COMBO_ADAPTIVE_QUALITY7_REGIME_PARTIAL_1R_V1,Combo Adaptive — Quality7 + Regime + parziale 1R,15,49,14,35,1,0.34634301698564224,-0.4868328528017224,1.3449956480908767,0.14779381572095723,0.4306499116635462,-0.4261915885301271,2.256588701342347,0.37738797742139096,-0.8035795659515181,-0.060641264271595274,R,PAPER SCARTA EDGE
2026-08-14T10:54:53+00:00,MAIN_PAPER_RESEARCH,SHADOW_COMBO_ADAPTIVE_QUALITY7_REGIME_V1,SHADOW_COMBO_ADAPTIVE_QUALITY7_REGIME_V1,Combo Adaptive — Quality7 + Regime,15,49,14,35,1,0.1572373739583461,-0.6558090495031718,1.2580053927862886,0.11087880305921127,0.4027715284832208,-0.44706017651610663,2.1052908071573295,0.33405439488933847,-0.781114571405445,-0.20874887298706513,R,PAPER SCARTA EDGE
2026-08-14T10:54:53+00:00,MAIN_PAPER_RESEARCH,SHADOW_COMBO_ADAPTIVE_QUALITY7_V1,SHADOW_COMBO_ADAPTIVE_QUALITY7_V1,Combo Adaptive — Quality7,35,127,23,104,12,0.5744470903953333,-0.21635428923361627,0.8668291616681949,-0.06786135730430866,0.6906722079306657,-0.19750897304062576,0.9185369138153154,-0.03918928843954623,-0.15831968460107954,-0.018845316192990513,R,NESSUN EDGE CHIARO
2026-08-14T10:54:53+00:00,MAIN_PAPER_RESEARCH,SHADOW_COMBO_ADAPTIVE_REGIME_V1,SHADOW_COMBO_ADAPTIVE_REGIME_V1,Combo Adaptive — Trend/Transition,23,169,17,152,6,0.7879572741383704,-0.12739175221619248,0.8042445810708758,-0.10476936160924949,1.076364129222454,0.048192638987492306,0.767623917018209,-0.12187695378125352,0.17006959276874584,-0.1755843912036848,R,FILTRO PAPER UTILE
2026-08-14T10:54:53+00:00,MAIN_PAPER_RESEARCH,SHADOW_COMBO_ADAPTIVE_RUNNER25_V1,SHADOW_COMBO_ADAPTIVE_RUNNER25_V1,Combo Adaptive — 75% a 2R + runner 25% a 3R,64,47,6,41,58,0.7404558914696586,-0.14363501776982793,0.7407094545608558,-0.19661720992969653,0.5385187755424331,-0.41341373099333395,0.7766189321011607,-0.16489088977404223,-0.24852284121929172,0.269778713223506,R,CAMPIONE INSUFFICIENTE
2026-08-14T10:54:53+00:00,MAIN_PAPER_RESEARCH,SHADOW_COMBO_ADAPTIVE_SIDE_REGIME_GUARD_V1,SHADOW_COMBO_ADAPTIVE_SIDE_REGIME_GUARD_V1,Combo Adaptive — Side × Regime Guard,50,0,0,0,50,1.108878595332743,0.047093360639414404,0.0,0.0,0.0,0.0,0.0,0.0,0.0,0.047093360639414404,R,CAMPIONE INSUFFICIENTE
2026-08-14T10:54:53+00:00,MAIN_PAPER_RESEARCH,SHADOW_COMBO_ADAPTIVE_TP3_V1,SHADOW_COMBO_ADAPTIVE_TP3_V1,Combo Adaptive — target pieno 3R,45,47,5,42,40,0.49867592404808014,-0.2843469822925799,0.7407094545608558,-0.19661720992969653,0.6726280577718678,-0.28176006063308084,0.7500589834288977,-0.1864811562745317,-0.09527890435854913,-0.0025869216594990307,R,CAMPIONE INSUFFICIENTE
2026-08-14T10:54:53+00:00,MAIN_PAPER_RESEARCH,SHADOW_COMBO_MEAN_REVERSION,SHADOW_COMBO_MEAN_REVERSION,Combo Mean Reversion,28,81,27,54,1,0.7219726221851328,-0.196142786888561,1.2457163401912157,0.11012479544601841,0.9868402043370406,-0.007479949956611915,1.4352998691481802,0.16892716814733358,-0.1764071181039455,-0.18866283693194907,R,PAPER SCARTA EDGE
2026-08-14T10:54:53+00:00,MAIN_PAPER_RESEARCH,SHADOW_COMBO_SCANNER,SHADOW_COMBO_SCANNER,Combo Scanner,64,288,31,257,33,0.5765369863166597,-0.2710711897411958,1.029038982179591,0.016103337701836848,0.9817448687309228,-0.010683736988921702,1.0351000559780104,0.01933446344274547,-0.03001820043166717,-0.2603874527522741,R,NESSUN EDGE CHIARO
2026-08-14T10:54:53+00:00,MAIN_PAPER_RESEARCH,SHADOW_COMBO_TREND,SHADOW_COMBO_TREND,Combo Trend,88,382,39,343,49,0.7385764752884848,-0.160562925023759,0.8614835850839423,-0.080705130519428,1.1934263431114733,0.10504839123928389,0.8265720688840986,-0.10182579334330485,0.20687418458258874,-0.2656113162630429,R,FILTRO PAPER UTILE
2026-08-14T10:54:53+00:00,MAIN_PAPER_RESEARCH,SHADOW_COMBO_TREND_SIDE_REGIME_GUARD_V1,SHADOW_COMBO_TREND_SIDE_REGIME_GUARD_V1,Combo Trend — Side × Regime Guard,42,0,0,0,42,1.0733727955871302,0.11488779967756961,0.0,0.0,0.0,0.0,0.0,0.0,0.0,0.11488779967756961,R,CAMPIONE INSUFFICIENTE
2026-08-14T10:54:53+00:00,MAIN_PAPER_RESEARCH,SHADOW_DOGE_BOLLINGER_1H,SHADOW_DOGE_BOLLINGER_1H,Doge Bollinger 1H,6,8,4,4,2,0.8511789001958884,-0.07929109624397547,1.43687511936491,0.18410415588826917,0.8971993476087938,-0.05805754774194061,2.5329761498606187,0.42626585951847895,-0.48432340726041956,-0.021233548502034863,R,CAMPIONE INSUFFICIENTE
2026-08-14T10:54:53+00:00,MAIN_PAPER_RESEARCH,SHADOW_DOGE_DONCHIAN_1H,SHADOW_DOGE_DONCHIAN_1H,Doge Donchian 1H,9,11,7,4,2,0.7748931763879762,-0.11032849186797805,0.5866192254421132,-0.2942690615165459,0.9473534839886072,-0.03369558228525497,0.10420938111899039,-0.7502726501713051,0.7165770678860501,-0.07663290958272309,R,CAMPIONE INSUFFICIENTE
2026-08-14T10:54:53+00:00,MAIN_PAPER_RESEARCH,SHADOW_DOGE_EMA_1H,SHADOW_DOGE_EMA_1H,Doge Ema 1H,12,17,5,12,7,0.9449368774259438,-0.022696815192325248,0.39020116448419495,-0.44065501027245074,1.135480919248161,0.09014978541207026,0.1133887313902213,-0.6618236751410012,0.7519734605530715,-0.11284660060439551,R,CAMPIONE INSUFFICIENTE
2026-08-14T10:54:53+00:00,MAIN_PAPER_RESEARCH,SHADOW_DONCHIAN_1H,SHADOW_DONCHIAN_1H,Benchmark Donchian breakout 1H,59,192,49,143,10,1.4385106216521408,0.12999232258636284,0.7885804006385158,-0.1377417153337176,1.5770345529632657,0.32653076469289555,0.5640336811090465,-0.29682808960857104,0.6233588543014665,-0.1965384421065327,R,FILTRO PAPER UTILE
2026-08-14T10:54:53+00:00,MAIN_PAPER_RESEARCH,SHADOW_DONCHIAN_1H_GB20_120R_V1,SHADOW_DONCHIAN_1H_GB20_120R_V1,Donchian 1H Gb20 120R V1,27,122,23,99,4,1.6653888485896424,0.1307345655789439,0.7265685020244519,-0.16342707483862928,1.6358783402691688,0.3247199871848968,0.5519797884912658,-0.2768349781370242,0.601554965321921,-0.19398542160595292,R,FILTRO PAPER UTILE
2026-08-14T10:54:53+00:00,MAIN_PAPER_RESEARCH,SHADOW_EMA_TREND_1H,SHADOW_EMA_TREND_1H,Benchmark trend following EMA 1H,58,385,18,367,40,0.5449444477033182,-0.28302967605274826,0.8428220790766627,-0.09227011775867908,0.20840923929565386,-0.5601503005104432,0.8807108251890641,-0.06932231587984594,-0.4908279846305973,0.277120624457695,R,SELEZIONE DA RIVEDERE
2026-08-14T10:54:53+00:00,MAIN_PAPER_RESEARCH,SHADOW_ETH_ADAPTIVE_1H,SHADOW_ETH_ADAPTIVE_1H,Eth Adaptive 1H,8,14,6,8,2,0.05314119468138902,-0.7788497290759254,0.29863745266224295,-0.5564018372752347,0.3399999999999999,-0.6111111111111099,0.257239935437012,-0.5153698818983282,-0.09574122921278172,-0.16773861796481548,R,CAMPIONE INSUFFICIENTE
2026-08-14T10:54:53+00:00,MAIN_PAPER_RESEARCH,SHADOW_ETH_BOLLINGER_1H,SHADOW_ETH_BOLLINGER_1H,Eth Bollinger 1H,2,6,2,4,0,0.2760074984694302,-0.4042842140547045,1.4599821172165943,0.17377102205960182,1.2058823529411766,0.11666666666666692,1.7140818814920145,0.20232319975606927,-0.08565653308940235,-0.5209508807213714,R,CAMPIONE INSUFFICIENTE
2026-08-14T10:54:53+00:00,MAIN_PAPER_RESEARCH,SHADOW_ETH_DONCHIAN_1H,SHADOW_ETH_DONCHIAN_1H,Eth Donchian 1H,6,12,6,6,0,0.33836957932060685,-0.6109485643739768,0.30760275310054574,-0.5842101770714149,0.33580329214163507,-0.6226844136172167,0.2723520792991843,-0.545735940525613,-0.07694847309160369,0.011735849243239893,R,CAMPIONE INSUFFICIENTE
2026-08-14T10:54:53+00:00,MAIN_PAPER_RESEARCH,SHADOW_ETH_EMA_1H,SHADOW_ETH_EMA_1H,Eth Ema 1H,10,19,5,14,5,0.12399427706052468,-0.767657905162521,0.313647278943765,-0.5213681441798025,0.4249999999999999,-0.5111111111111102,0.26409950807664795,-0.525031370275764,0.013920259164653781,-0.2565467940514108,R,CAMPIONE INSUFFICIENTE
2026-08-14T10:54:53+00:00,MAIN_PAPER_RESEARCH,SHADOW_ETH_EMA_4H,SHADOW_ETH_EMA_4H,Eth Ema 4H,3,3,3,0,0,0.0,-1.0589268481387972,0.0,-1.0651573952272013,0.0,-1.0651573952272013,0.0,0.0,-1.0651573952272013,0.0062305470884040925,R,CAMPIONE INSUFFICIENTE
2026-08-14T10:54:53+00:00,MAIN_PAPER_RESEARCH,SHADOW_GLOBAL_PURE,SHADOW_GLOBAL_PURE,Global Confluence puro 1H,15,12,4,8,11,0.34676223511818105,-0.43479146099452076,0.8867828372785524,-0.07249854181469452,1.7357443209196308,0.4046593765057972,0.5462194496124366,-0.31107750097494036,0.7157368774807376,-0.839450837500318,R,CAMPIONE INSUFFICIENTE
2026-08-14T10:54:53+00:00,MAIN_PAPER_RESEARCH,SHADOW_MASTER_ADAPTIVE_EXPANDED_V1,SHADOW_MASTER_ADAPTIVE_EXPANDED_V1,Master Adaptive Expanded V1,40,236,26,210,14,0.7377050489364342,-0.1968164916318813,0.9727340183502327,-0.01777475469580775,0.8991015467410145,-0.06696207216962172,0.9820355838799751,-0.011684896341906973,-0.05527717582771474,-0.1298544194622596,R,NESSUN EDGE CHIARO
2026-08-14T10:54:53+00:00,MAIN_PAPER_RESEARCH,SHADOW_MASTER_ADAPTIVE_GB20_BE_V1,SHADOW_MASTER_ADAPTIVE_GB20_BE_V1,"Master Adaptive GB20 — Breakeven 0,5R",39,0,0,0,39,0.5947839831294588,-0.33281629527626794,0.0,0.0,0.0,0.0,0.0,0.0,0.0,-0.33281629527626794,R,CAMPIONE INSUFFICIENTE
2026-08-14T10:54:53+00:00,MAIN_PAPER_RESEARCH,SHADOW_MASTER_ADAPTIVE_GB20_LOSS_CAP_V1,SHADOW_MASTER_ADAPTIVE_GB20_LOSS_CAP_V1,"Master Adaptive GB20 — Loss Cap 0,75R",31,0,0,0,31,0.31736639547435824,-0.6479030216784339,0.0,0.0,0.0,0.0,0.0,0.0,0.0,-0.6479030216784339,R,CAMPIONE INSUFFICIENTE
2026-08-14T10:54:53+00:00,MAIN_PAPER_RESEARCH,SHADOW_MASTER_ADAPTIVE_GB20_PARTIAL_V1,SHADOW_MASTER_ADAPTIVE_GB20_PARTIAL_V1,"Master Adaptive GB20 — 50% a 0,75R",34,0,0,0,34,0.5676091208049326,-0.38939247899899415,0.0,0.0,0.0,0.0,0.0,0.0,0.0,-0.38939247899899415,R,CAMPIONE INSUFFICIENTE
2026-08-14T10:54:53+00:00,MAIN_PAPER_RESEARCH,SHADOW_MASTER_ADAPTIVE_GB20_V1,SHADOW_MASTER_ADAPTIVE_GB20_V1,Master Adaptive Gb20 V1,71,433,27,406,44,0.5654439705452325,-0.218719789149397,1.329526683420663,0.10985479686823507,0.24398020533249626,-0.5582271334268906,1.5034756283412665,0.15428389075485674,-0.7125110241817473,0.3395073442774936,R,PAPER SCARTA EDGE
2026-08-14T10:54:53+00:00,MAIN_PAPER_RESEARCH,SHADOW_MASTER_ADAPTIVE_NO_ALT_V1,SHADOW_MASTER_ADAPTIVE_NO_ALT_V1,Master Adaptive No Alt V1,36,209,23,186,13,0.6458104857457928,-0.357157216700573,0.9769627249191888,-0.014885453033468367,0.7317168844639967,-0.18846102423059136,1.0102915866924345,0.006578192867251142,-0.1950392170978425,-0.16869619246998163,R,NESSUN EDGE CHIARO
2026-08-14T10:54:53+00:00,MAIN_PAPER_RESEARCH,SHADOW_MASTER_ADAPTIVE_RUNNER25_V1,SHADOW_MASTER_ADAPTIVE_RUNNER25_V1,Master Adaptive Runner25 V1,33,217,19,198,14,0.5069431972366146,-0.4279064764080645,0.9360487195795781,-0.04318711808425064,0.5275960012582491,-0.37093840869598016,0.9823453297331014,-0.011736236661912963,-0.3592021720340672,-0.05696806771208435,R,SELEZIONE DA RIVEDERE
2026-08-14T10:54:53+00:00,MAIN_PAPER_RESEARCH,SHADOW_MASTER_ADAPTIVE_STRICT3_V1,SHADOW_MASTER_ADAPTIVE_STRICT3_V1,Master Adaptive Strict3 V1,39,149,27,122,12,0.49852015518768583,-0.4791025037083979,0.9469584653693421,-0.03484674639881579,0.6884736280482133,-0.23142084713226882,1.0135703254549577,0.008657357861866439,-0.24007820499413526,-0.2476816565761291,R,SELEZIONE DA RIVEDERE
2026-08-14T10:54:53+00:00,MAIN_PAPER_RESEARCH,SHADOW_MASTER_ADAPTIVE_V1,SHADOW_MASTER_ADAPTIVE_V1,Master Adaptive V1,36,230,22,208,14,0.6002888711274282,-0.35950426315003114,0.9292883995446487,-0.046944194721671904,0.6124969730787184,-0.2828442585878239,0.9665195872773725,-0.021993226428136593,-0.2608510321596873,-0.07666000456220723,R,SELEZIONE DA RIVEDERE
2026-08-14T10:54:53+00:00,MAIN_PAPER_RESEARCH,Forza relativa 1H V1,SHADOW_RELATIVE_STRENGTH,Forza relativa 1H V1,78,483,30,453,48,0.6710086706860315,-0.18482170950650262,0.8207032534115241,-0.10293584367345347,0.5709139598828056,-0.2865869132882264,0.8401585984906575,-0.0907735211824089,-0.1958133921058175,0.10176520378172377,R,NESSUN EDGE CHIARO
2026-08-14T10:54:53+00:00,MAIN_PAPER_RESEARCH,Forza relativa 1H V2,SHADOW_RELATIVE_STRENGTH_V2,Forza relativa 1H V2,68,208,42,166,26,0.8300526877777876,-0.10345214454294573,1.1267647974852786,0.0671997761833055,1.007034853814694,0.004213743267106023,1.1621565781638146,0.08313600137897041,-0.07892225811186439,-0.10766588781005175,R,NESSUN EDGE CHIARO
2026-08-14T10:54:53+00:00,MAIN_PAPER_RESEARCH,SHADOW_SCANNER_BOTTOM10_SHORT,SHADOW_SCANNER_BOTTOM10_SHORT,Scanner Bottom10 Short,44,162,23,139,21,0.7150074763035813,-0.20479176439092897,0.4997702966260842,-0.28327413573934185,0.6038222095361885,-0.24143252387043085,0.48100577440981507,-0.2901975679190898,0.048765044048658945,0.03664075947950188,R,NESSUN EDGE CHIARO
2026-08-14T10:54:53+00:00,MAIN_PAPER_RESEARCH,SHADOW_SCANNER_BOTTOM15_SHORT,SHADOW_SCANNER_BOTTOM15_SHORT,Scanner Bottom15 Short,44,162,23,139,21,0.7150074763035813,-0.20479176439092897,0.4997702966260842,-0.28327413573934185,0.6038222095361885,-0.24143252387043085,0.48100577440981507,-0.2901975679190898,0.048765044048658945,0.03664075947950188,R,NESSUN EDGE CHIARO
2026-08-14T10:54:53+00:00,MAIN_PAPER_RESEARCH,SHADOW_SCANNER_BOTTOM20_SHORT,SHADOW_SCANNER_BOTTOM20_SHORT,Scanner Bottom20 Short,44,162,23,139,21,0.7150074763035813,-0.20479176439092897,0.4997702966260842,-0.28327413573934185,0.6038222095361885,-0.24143252387043085,0.48100577440981507,-0.2901975679190898,0.048765044048658945,0.03664075947950188,R,NESSUN EDGE CHIARO
2026-08-14T10:54:53+00:00,MAIN_PAPER_RESEARCH,SHADOW_SCANNER_BOTTOM5_SHORT,SHADOW_SCANNER_BOTTOM5_SHORT,Scanner Bottom 5 Short 1H,64,196,36,160,28,0.6757248537333386,-0.25518967821380056,0.7114104221168728,-0.15689356716457642,0.5523901474495648,-0.2902499811385549,0.7560210300205947,-0.12688837402043127,-0.16336160711812361,0.035060302924754316,R,NESSUN EDGE CHIARO
2026-08-14T10:54:53+00:00,MAIN_PAPER_RESEARCH,SHADOW_SCANNER_BOTTOM5_SHORT_CONTINUATION_V1,SHADOW_SCANNER_BOTTOM5_SHORT_CONTINUATION_V1,Scanner Bottom5 Short Continuation V1,0,0,0,0,0,0.0,0.0,0.0,0.0,0.0,0.0,0.0,0.0,0.0,0.0,R,CAMPIONE INSUFFICIENTE
2026-08-14T10:54:53+00:00,MAIN_PAPER_RESEARCH,SHADOW_SCANNER_BOTTOM5_SHORT_MFE_TRAIL_V1,SHADOW_SCANNER_BOTTOM5_SHORT_MFE_TRAIL_V1,Scanner Bottom5 Short Mfe Trail V1,36,188,18,170,18,0.5807455380979086,-0.34417119295411536,0.7563423337369878,-0.11187629382345056,0.5489545692928515,-0.2678832884393699,0.7856569817151631,-0.09535790615823557,-0.17252538228113434,-0.07628790451474543,R,NESSUN EDGE CHIARO
2026-08-14T10:54:53+00:00,MAIN_PAPER_RESEARCH,SHADOW_SCANNER_BOTTOM5_SHORT_PROFIT_LOCK_V1,SHADOW_SCANNER_BOTTOM5_SHORT_PROFIT_LOCK_V1,Scanner Bottom5 Short Profit Lock V1,37,169,20,149,17,0.5308983717878011,-0.3538880599846569,0.6431104349840613,-0.16413606038532647,0.4272034963516752,-0.33966895484724846,0.6819882731877661,-0.14057459804144432,-0.19909435680580415,-0.014219105137408428,R,NESSUN EDGE CHIARO
2026-08-14T10:54:53+00:00,MAIN_PAPER_RESEARCH,SHADOW_SCANNER_TOP10_LONG,SHADOW_SCANNER_TOP10_LONG,Scanner Top10 Long,39,224,22,202,17,0.4208190120416063,-0.3720187558706443,0.9557083191823674,-0.02224009588506076,1.0375404377911635,0.01972214624586267,0.946336386972334,-0.02681024106763658,0.04653238731349925,-0.391740902116507,R,NESSUN EDGE CHIARO
2026-08-14T10:54:53+00:00,MAIN_PAPER_RESEARCH,SHADOW_SCANNER_TOP15_LONG,SHADOW_SCANNER_TOP15_LONG,Scanner Top15 Long,39,225,22,203,17,0.4208190120416063,-0.3720187558706443,0.9463596201240085,-0.027079522619398784,1.0375404377911635,0.01972214624586267,0.936030736207936,-0.032151624663909875,0.05187377090977255,-0.391740902116507,R,NESSUN EDGE CHIARO
2026-08-14T10:54:53+00:00,MAIN_PAPER_RESEARCH,SHADOW_SCANNER_TOP20_LONG,SHADOW_SCANNER_TOP20_LONG,Scanner Top20 Long,39,225,22,203,17,0.4208190120416063,-0.3720187558706443,0.9463596201240085,-0.027079522619398784,1.0375404377911635,0.01972214624586267,0.936030736207936,-0.032151624663909875,0.05187377090977255,-0.391740902116507,R,NESSUN EDGE CHIARO
2026-08-14T10:54:53+00:00,MAIN_PAPER_RESEARCH,SHADOW_SCANNER_TOP5_BTC,SHADOW_SCANNER_TOP5_BTC,Scanner Top 5 + forza BTC 1H,55,277,34,243,21,0.8391006984351501,-0.14226228333366117,1.0446434373170037,0.024488322284245464,0.8713737106542926,-0.0766918028121783,1.0713200302435317,0.03864521221543232,-0.11533701502761062,-0.06557048052148287,R,NESSUN EDGE CHIARO
2026-08-14T10:54:53+00:00,MAIN_PAPER_RESEARCH,SHADOW_SCANNER_TOP5_BTC_BTC_2_3_V1,SHADOW_SCANNER_TOP5_BTC_BTC_2_3_V1,Top 5 + BTC — BTC 2–3,10,124,9,115,1,0.8659137595515375,-0.05433455307616734,0.8716711299089673,-0.07315855452035434,0.3332457030436503,-0.47218415854463736,0.9250276342432419,-0.04193046377062785,-0.4302536947740095,0.41784960546847,R,SELEZIONE DA RIVEDERE
2026-08-14T10:54:53+00:00,MAIN_PAPER_RESEARCH,SHADOW_SCANNER_TOP5_BTC_BTC_LE3_V1,SHADOW_SCANNER_TOP5_BTC_BTC_LE3_V1,Top 5 + BTC — BTC≤3,36,230,22,208,14,0.41879018476287533,-0.43739966962642807,0.8652689352989357,-0.07596214096959114,0.6912603914501776,-0.18107759883647137,0.8844965869805061,-0.06484415984905573,-0.11623343898741564,-0.2563220707899567,R,NESSUN EDGE CHIARO
2026-08-14T10:54:53+00:00,MAIN_PAPER_RESEARCH,SHADOW_SCANNER_TOP5_BTC_GUARD_BTC_LE3_MFE_V1,SHADOW_SCANNER_TOP5_BTC_GUARD_BTC_LE3_MFE_V1,Top 5 + BTC — Guard + BTC≤3 + MFE,49,240,25,215,24,0.6898296478149358,-0.1586747080668661,1.129897102050126,0.05737362651718259,0.9352247600573909,-0.035061452686493,1.1583844900094424,0.0681218915408658,-0.10318334422735881,-0.1236132553803731,R,NESSUN EDGE CHIARO
2026-08-14T10:54:53+00:00,MAIN_PAPER_RESEARCH,SHADOW_SCANNER_TOP5_BTC_GUARD_BTC_LE3_V1,SHADOW_SCANNER_TOP5_BTC_GUARD_BTC_LE3_V1,Top 5 + BTC — Guard + BTC≤3,34,200,21,179,13,0.7645485326000275,-0.15146157806264285,0.9825803265911917,-0.009361125913422008,0.733492005456955,-0.14505242383103176,1.012221767672912,0.00655796490372774,-0.1516103887347595,-0.006409154231611092,R,NESSUN EDGE CHIARO
2026-08-14T10:54:53+00:00,MAIN_PAPER_RESEARCH,SHADOW_SCANNER_TOP5_BTC_GUARD_MFE_V1,SHADOW_SCANNER_TOP5_BTC_GUARD_MFE_V1,Top 5 + BTC — Guard + MFE,56,251,31,220,25,0.6171830031422317,-0.2045747602486007,1.1338525854897774,0.05935859516896653,0.9041496529381803,-0.05502611885505449,1.1775679242347339,0.07547644123598768,-0.13050256009104216,-0.1495486413935462,R,NESSUN EDGE CHIARO
2026-08-14T10:54:53+00:00,MAIN_PAPER_RESEARCH,SHADOW_SCANNER_TOP5_BTC_GUARD_V1,SHADOW_SCANNER_TOP5_BTC_GUARD_V1,Top 5 + BTC — Guard,39,208,25,183,14,0.6886373855307074,-0.24390945036184164,0.9928663506311696,-0.003798974317249821,0.7755061256714479,-0.1223951781771781,1.0233654608677671,0.01240269287672945,-0.13479787105390756,-0.12151427218466354,R,NESSUN EDGE CHIARO
2026-08-14T10:54:53+00:00,MAIN_PAPER_RESEARCH,SHADOW_SCANNER_TOP5_BTC_MFE_V1,SHADOW_SCANNER_TOP5_BTC_MFE_V1,Top 5 + BTC — solo MFE,48,287,24,263,24,0.32793400555340546,-0.41166625356039716,1.0256100134907522,0.011814848232774096,0.4523057386975125,-0.36323933654161183,1.103948517793858,0.04604032517036065,-0.4092796617119725,-0.04842691701878532,R,SELEZIONE DA RIVEDERE
2026-08-14T10:54:53+00:00,MAIN_PAPER_RESEARCH,SHADOW_SCANNER_TOP5_BTC_RUNNER25_V1,SHADOW_SCANNER_TOP5_BTC_RUNNER25_V1,"Top 5 + BTC — 75% a 2,2R + runner 3R",44,227,21,206,23,0.5301574669050491,-0.4003742456335585,0.9093852297079158,-0.05099685378202842,0.9488087206106788,-0.031308595451175265,0.904978794510085,-0.05300390924294064,0.021695313791765376,-0.36906565018238324,R,NESSUN EDGE CHIARO
2026-08-14T10:54:53+00:00,MAIN_PAPER_RESEARCH,SHADOW_SCANNER_TOP5_BTC_TP3_V1,SHADOW_SCANNER_TOP5_BTC_TP3_V1,Top 5 + BTC — target pieno 3R,40,215,18,197,22,0.533297197010256,-0.4228006078987046,0.9012303220586709,-0.05493585333676409,0.5284364478735518,-0.30992912824732255,0.9421595700883318,-0.03163697542615469,-0.27829215282116787,-0.11287147965138206,R,SELEZIONE DA RIVEDERE
2026-08-14T10:54:53+00:00,MAIN_PAPER_RESEARCH,SHADOW_SCANNER_TOP5_LONG,SHADOW_SCANNER_TOP5_LONG,Scanner Top 5 Long 1H,67,302,40,262,27,1.0674708601278056,0.01782923060651092,1.089071650421193,0.046231845764403166,1.1211906229556334,0.0640277284293534,1.0840666403977128,0.04351491711326573,0.020512811316087676,-0.04619849782284249,R,NESSUN EDGE CHIARO
2026-08-14T10:54:53+00:00,MAIN_PAPER_RESEARCH,SHADOW_SOL_ADAPTIVE_1H,SHADOW_SOL_ADAPTIVE_1H,Sol Adaptive 1H,9,20,6,14,3,0.17179156356831213,-0.7333316069013909,0.38088568415971263,-0.5139612471613918,0.34128665469698943,-0.6076203594943675,0.4006864870922331,-0.4738216275901165,-0.13379873190425107,-0.12571124740702333,R,CAMPIONE INSUFFICIENTE
2026-08-14T10:54:53+00:00,MAIN_PAPER_RESEARCH,SHADOW_SOL_ADAPTIVE_4H,SHADOW_SOL_ADAPTIVE_4H,Sol Adaptive 4H,2,2,2,0,0,0.6544007108508001,-0.17737045372964316,1.183908892089624,0.09670447965928641,1.183908892089624,0.09670447965928641,0.0,0.0,0.09670447965928641,-0.2740749333889296,R,CAMPIONE INSUFFICIENTE
2026-08-14T10:54:53+00:00,MAIN_PAPER_RESEARCH,SHADOW_SOL_BOLLINGER_1H,SHADOW_SOL_BOLLINGER_1H,Sol Bollinger 1H,5,11,3,8,2,0.8217557449673083,-0.11517462295160819,0.6113464782265678,-0.2402585407326667,0.10484282060902103,-0.676340979984293,0.8645983070353407,-0.07672762601330685,-0.5996133539709861,0.5611663570326848,R,CAMPIONE INSUFFICIENTE
2026-08-14T10:54:53+00:00,MAIN_PAPER_RESEARCH,SHADOW_SOL_BOLLINGER_4H,SHADOW_SOL_BOLLINGER_4H,Sol Bollinger 4H,1,2,1,1,0,inf,1.7395640587543497,inf,1.2004001745905208,inf,1.7380122650328764,inf,0.6627880841481655,1.075224180884711,0.0015517937214732935,R,CAMPIONE INSUFFICIENTE
2026-08-14T10:54:53+00:00,MAIN_PAPER_RESEARCH,SHADOW_SOL_DONCHIAN_1H,SHADOW_SOL_DONCHIAN_1H,Sol Donchian 1H,6,13,6,7,0,1.0174619657476962,0.00937174533134697,0.6009534285952611,-0.3090244751941552,0.33466573887720685,-0.6212675289033989,0.9351101108839379,-0.04138757201480357,-0.5798799568885953,0.6306392742347459,R,CAMPIONE INSUFFICIENTE
2026-08-14T10:54:53+00:00,MAIN_PAPER_RESEARCH,SHADOW_SOL_DONCHIAN_4H,SHADOW_SOL_DONCHIAN_4H,Sol Donchian 4H,2,2,2,0,0,0.7115410075639939,-0.14807678132686636,1.2857956698500228,0.1509504728653317,1.2857956698500228,0.1509504728653317,0.0,0.0,0.1509504728653317,-0.29902725419219806,R,CAMPIONE INSUFFICIENTE
2026-08-14T10:54:53+00:00,MAIN_PAPER_RESEARCH,SHADOW_SOL_EMA_1H,SHADOW_SOL_EMA_1H,Sol Ema 1H,8,18,7,11,1,0.4302613221814916,-0.46654972909640974,0.544696218971008,-0.36384353075193626,0.6825733093939803,-0.25097618115390075,0.4584667318017664,-0.43566820776886794,0.1846920266149672,-0.215573547942509,R,CAMPIONE INSUFFICIENTE
2026-08-14T10:54:53+00:00,MAIN_PAPER_RESEARCH,SHADOW_SOL_EMA_4H,SHADOW_SOL_EMA_4H,Sol Ema 4H,3,3,3,0,0,0.0,-1.0334515233208001,0.0,-1.0541011897795702,0.0,-1.0541011897795702,0.0,0.0,-1.0541011897795702,0.02064966645877009,R,CAMPIONE INSUFFICIENTE
2026-08-14T10:54:53+00:00,RSI5_PAPER_SHADOW,RSI 20 · leva 10×,RSI5_RSI20_10X,RSI 20 · leva 10×,7,12,6,6,1,0.3418103803313669,-1.7567371857142706,0.18451672823303256,-2.6488801499999677,0.46129182058258134,-1.3998799999999934,0.0,-3.8978802999999416,2.498000299999948,-0.35685718571427727,% margine,CAMPIONE INSUFFICIENTE
2026-08-14T10:54:53+00:00,RSI5_PAPER_SHADOW,RSI 20 · leva 20×,RSI5_RSI20_20X,RSI 20 · leva 20×,7,12,6,6,1,0.31506401940035095,-3.5134743714285412,0.18451672823303256,-5.297760299999935,0.46129182058258134,-2.7997599999999867,0.0,-7.795760599999883,4.996000599999896,-0.7137143714285545,% margine,CAMPIONE INSUFFICIENTE
2026-08-14T10:54:53+00:00,RSI5_PAPER_SHADOW,RSI 20 · leva 5× · Wide,RSI5_RSI20_5X_WIDE,RSI 20 · leva 5× · Wide,6,12,5,7,1,0.0,-3.1979402999999973,0.0,-2.9457136105703285,0.0,-3.197940300000013,0.0,-2.765551689549126,-0.4323886104508867,1.554312234475219e-14,% margine,CAMPIONE INSUFFICIENTE
2026-08-14T10:54:53+00:00,RSI5_PAPER_SHADOW,RSI 25 · leva 10×,RSI5_RSI25_10X,RSI 25 · leva 10×,6,35,6,29,0,1.8166857122049365,1.1109601378513216,0.5679714961350839,-1.0176782776826536,1.8550494517633083,1.1109601378513212,0.4335601462466444,-1.4580862257241658,2.569046363575487,4.440892098500626e-16,% margine,CAMPIONE INSUFFICIENTE
2026-08-14T10:54:53+00:00,RSI5_PAPER_SHADOW,RSI 25 · leva 20×,RSI5_RSI25_20X,RSI 25 · leva 20×,6,35,6,29,0,1.7770606416875683,2.2219202757026437,0.5679714961350839,-2.0353565553653072,1.8550494517633083,2.2219202757026424,0.4335601462466444,-2.9161724514483316,5.138092727150974,1.3322676295501878e-15,% margine,CAMPIONE INSUFFICIENTE
2026-08-14T10:54:53+00:00,RSI5_PAPER_SHADOW,RSI 25 · leva 5× · Wide,RSI5_RSI25_5X_WIDE,RSI 25 · leva 5× · Wide,3,33,3,30,0,22.559931258536036,2.333857306814712,0.5111334581703609,-0.9326210387076922,22.602891864536033,2.333857306814711,0.39681227213177556,-1.2592688732599326,3.593126180074644,8.881784197001252e-16,% margine,CAMPIONE INSUFFICIENTE
2026-08-14T10:54:53+00:00,RSI5_PAPER_SHADOW,SHORT RSI 70 · leva 10×,RSI5_SHORT_RSI70_10X,SHORT RSI 70 · leva 10×,51,102,44,58,7,0.6213151700072771,-0.9084934967578321,0.6708881072920162,-0.7479129934209103,0.5666164311017026,-1.1145984053329399,0.7703485913437482,-0.4697378533497158,-0.644860551983224,0.20610490857510777,% margine,SELEZIONE DA RIVEDERE
2026-08-14T10:54:53+00:00,RSI5_PAPER_SHADOW,SHORT RSI 70 · leva 20×,RSI5_SHORT_RSI70_20X,SHORT RSI 70 · leva 20×,51,102,44,58,7,0.6198696842714476,-1.8169869935156642,0.6708881072920162,-1.4958259868418207,0.5666164311017026,-2.2291968106658797,0.7703485913437482,-0.9394757066994316,-1.289721103966448,0.41220981715021554,% margine,SELEZIONE DA RIVEDERE
2026-08-14T10:54:53+00:00,RSI5_PAPER_SHADOW,SHORT RSI 70 · leva 5× · Wide,RSI5_SHORT_RSI70_5X_WIDE,SHORT RSI 70 · leva 5× · Wide,33,78,24,54,9,0.763185390099684,-0.34684075715734614,0.6870936669640149,-0.6015790145251236,0.9988920990787161,-0.001712681424439801,0.584592599935512,-0.8681862736809831,0.8664735922565433,-0.3451280757329063,% margine,SELEZIONE POSITIVA
2026-08-14T10:54:53+00:00,RSI5_PAPER_SHADOW,SHORT RSI 75 · leva 10×,RSI5_SHORT_RSI75_10X,SHORT RSI 75 · leva 10×,26,47,24,23,2,0.5166938012570901,-1.0151968769230317,0.8385344120544788,-0.34854280553861045,0.5541419007507378,-1.0873699624999575,1.2263423820141273,0.42240727129062133,-1.5097772337905788,0.07217308557692581,% margine,PAPER SCARTA EDGE
2026-08-14T10:54:53+00:00,RSI5_PAPER_SHADOW,SHORT RSI 75 · leva 20×,RSI5_SHORT_RSI75_20X,SHORT RSI 75 · leva 20×,26,47,24,23,2,0.45329279605674533,-2.030393753846064,0.8385344120544788,-0.6970856110772209,0.5541419007507378,-2.174739924999915,1.2263423820141273,0.8448145425812427,-3.0195544675811576,0.14434617115385118,% margine,PAPER SCARTA EDGE
2026-08-14T10:54:53+00:00,RSI5_PAPER_SHADOW,SHORT RSI 75 · leva 5× · Wide,RSI5_SHORT_RSI75_5X_WIDE,SHORT RSI 75 · leva 5× · Wide,19,41,16,25,3,1.0609029635499918,0.1447351461664984,1.1767477779110302,0.2735219062875016,1.3070542065658195,0.4453543231447557,1.1016034131067303,0.16354915949885895,0.28180516364589675,-0.3006191769782573,% margine,SELEZIONE POSITIVA
