rank,portfolio,label,strategy,sample_status,sample_maturity,closed_trades,winning_trades,win_rate_pct,profit_factor,expectancy_eur,equity_eur,total_pnl_eur,total_return_pct,closed_pnl_eur,open_pnl_eur,open_positions,max_drawdown_pct,average_mfe_net_eur,average_mae_net_eur,average_profit_retained_pct,profit_retention_sample,comparison_score
1,SHADOW_1H_FAST,Rapida 1H V1,momentum_breakout,IN OSSERVAZIONE,2,25,12,48.0,1.4845487415057816,9.512903665379612,10290.543303332097,290.5433033320969,2.905433033320969,237.82259163449032,54.27254958995672,2,2.3377399750474237,58.746217803721535,-33.90795223910466,-142.89347322928822,12,8.364867269609036
2,MAIN,Principale 4H,confluence_trend,IN OSSERVAZIONE,2,10,3,30.0,0.7119617266377714,-9.029951537226905,9860.884551054323,-139.1154489456767,-1.391154489456767,-90.29951537226906,-45.83615033259832,3,3.4839302433382886,33.86655966985767,-60.2527297781892,-508.43639027841436,6,-9.007589827957187
3,SHADOW_SCANNER_TOP5_LONG,Scanner Top 5 Long 1H,scanner_top5_long,PRELIMINARE,1,8,6,75.0,3.761256384346992,38.56148154020337,10306.571092942097,306.5710929420966,3.0657109294209657,308.49185232162694,0.0,2,0.7518765704742297,71.98242828261148,-28.753507821360337,-39.39656390314259,8,12.2391049643115
4,SHADOW_COMBO_ADAPTIVE,Combo Adaptive,combo_adaptive,PRELIMINARE,1,9,5,55.55555555555556,2.2718790672481513,23.07673893720046,10209.320573051802,209.32057305180206,2.0932057305180205,207.69065043480416,4.4784116498754925,2,0.7496121318317036,67.2440908120697,-33.3470703638825,-30.401541586553158,8,7.826146661410419
5,SHADOW_SCANNER_TOP5_BTC,Scanner Top 5 + forza BTC 1H,scanner_top5_btc_strength,PRELIMINARE,1,7,4,57.14285714285714,2.8860628199840734,29.606501176222157,10206.075329576623,206.0753295766226,2.060753295766226,207.24550823355509,0.0,1,1.6201959685876006,82.17840011672011,-34.847537678486034,-42.611825236637436,7,7.759397804453221
6,SHADOW_DONCHIAN_1H,Benchmark Donchian breakout 1H,donchian_breakout,PRELIMINARE,1,4,2,50.0,1.6766688808138237,17.914774602601618,10236.457289944541,236.45728994454112,2.364572899445411,71.65909841040647,165.67193479676766,2,1.346519890887825,72.79487428542488,-36.643434045774256,-56.34340548367913,4,3.8392241390360176
7,SHADOW_COMBO_MEAN_REVERSION,Combo Mean Reversion,combo_mean_reversion,PRELIMINARE,1,1,1,100.0,3.0,76.45575690860952,10072.555795272323,72.55579527232294,0.7255579527232294,76.45575690860952,-1.1436824439120554,2,0.038703704262416164,125.07344854022703,-3.0925141057299648,61.1286870242642,1,3.5165808484492778
8,SHADOW_RELATIVE_STRENGTH,Forza relativa 1H V1,relative_strength,PRELIMINARE,1,7,4,57.14285714285714,1.5583105778096937,12.628386864422813,10087.264419077246,87.2644190772462,0.8726441907724621,88.3987080509597,0.0,4,1.3612356247753958,35.771467336330105,-84.54371855632938,0.4869148162536878,1,2.5108049731458104
9,SHADOW_SCANNER_BOTTOM5_SHORT,Scanner Bottom 5 Short 1H,scanner_bottom5_short,PRELIMINARE,1,2,1,50.0,1.9587263634555012,24.266988980669357,10160.566152266456,160.5661522664559,1.6056615226645592,48.533977961338714,113.5304313801238,3,0.5140343009082607,60.239707669064344,-30.317295384549723,-542.5288040694758,2,2.4976188279936338
10,SHADOW_1H_BALANCED,Bilanciata 1H V1,confluence_trend,PRELIMINARE,1,8,4,50.0,1.4663053605741594,9.305630918391458,10073.312938359419,73.3129383594187,0.733129383594187,74.44504734713166,0.0,4,1.0561685736984596,35.79106320308936,-103.63564854006754,6.706547790151634,1,2.0963470576650725
11,SHADOW_RSI_SHORT_5X_RSI75,Scalp RSI Short 75 · prudente · 5x,rsi_extreme_reversal,PRELIMINARE,1,2,1,50.0,0.7034856466359757,-1.6001089881572983,9996.799782023683,-3.200217976316708,-0.03200217976316708,-3.2002179763145966,0,0,0.16432667581000715,8.625436123435385,-9.454657948057292,43.17106928431864,1,-0.32468709972614346
12,SHADOW_COMBO_TREND,Combo Trend,combo_trend,PRELIMINARE,1,6,2,33.33333333333333,0.9709356062659001,-0.7726203369138057,10099.151627463601,99.15162746360147,0.9915162746360148,-4.6357220214828345,107.45211906110757,3,1.4798429058710851,61.400173703725365,-41.79963264322834,-105.2402574220897,6,-0.5614915042867624
13,SHADOW_RSI_SHORT_15X_10_RSI75,Scalp RSI Short 75 · €10 · 15x,rsi_extreme_reversal,PRELIMINARE,1,2,1,50.0,0.31092525740111093,-0.995112887976415,9998.009774224047,-1.9902257759531494,-0.019902257759531496,-1.99022577595283,0,0,0.03521032080774603,0.9416096542554717,-2.2708741901683034,45.51102964103612,1,-0.7552281809143863
14,SHADOW_RSI_SHORT_15X_50_RSI75,Scalp RSI Short 75 · €50 · 15x,rsi_extreme_reversal,PRELIMINARE,1,2,1,50.0,0.31092525740111093,-4.975564439882074,9990.048871120234,-9.951128879765747,-0.09951128879765747,-9.951128879764148,0,0,0.17605160403876652,4.7080482712773595,-11.354370950841519,45.511029641036096,1,-0.9228280742090067
15,SHADOW_4H_WIDE,Ampia 4H,confluence_trend,PRELIMINARE,1,4,1,25.0,1.3115535957382358,8.285602306830198,10029.78772414818,29.787724148180132,0.2978772414818013,33.14240922732079,-2.206522013628774,3,1.7543153214060057,46.49585881167795,-64.28361356094952,-190.77923382313932,2,-1.1442391500394473
16,SHADOW_GLOBAL_PURE,Global Confluence puro 1H,global_confluence_pure,PRELIMINARE,1,1,0,0.0,0.0,-55.58463099999995,9987.945607546812,-12.054392453188484,-0.12054392453188484,-55.58463099999995,45.00014744354046,1,1.1824945257287718,14.771078464393453,-60.59646985980937,-376.3071947250836,1,-2.60276252846976
17,SHADOW_EMA_TREND_1H,Benchmark trend following EMA 1H,ema_trend_following,PRELIMINARE,1,2,0,0.0,0.0,-53.397196977401556,9957.472782997578,-42.52721700242182,-0.4252721700242182,-106.79439395480311,66.75979283174811,3,1.0965166398537622,14.68837663256978,-58.739633185126415,-697.323201443597,2,-3.9622849540277034
18,SHADOW_COMBO_SCANNER,Combo Scanner,combo_scanner,PRELIMINARE,1,4,1,25.0,0.3403864671350417,-26.407061946142523,9942.146185411626,-57.85381458837401,-0.5785381458837401,-105.62824778457009,50.13090187779041,2,1.6938938006302695,43.3227269630822,-55.70959890235055,-157.6434434691871,4,-4.544371100535528
19,SHADOW_BOLLINGER_MR_1H,Benchmark Bollinger mean reversion 1H,bollinger_mean_reversion,PRELIMINARE,1,7,2,28.57142857142857,0.6574582607163157,-10.70353019967718,9921.233916814735,-78.7660831852645,-0.787660831852645,-74.92471139774027,-1.1265006899174075,2,1.6081311061170185,37.381797074670786,-54.16008665339031,-682.3196592274909,7,-5.22218029718007
20,SHADOW_1H_BALANCED_V2,Bilanciata 1H V2,confluence_trend_v2,IN ATTESA,0,0,0,0.0,0.0,0.0,10083.573134993701,83.57313499370139,0.8357313499370139,0.0,88.02673314584004,3,0.05555061706785636,0.0,0.0,0.0,0,-1000000.0
21,SHADOW_SOL_EMA_1H,Sol Ema 1H,ema_trend_following,IN ATTESA,0,0,0,0.0,0.0,0.0,10055.281495835892,55.2814958358922,0.552814958358922,0.0,57.37177361367,1,0.3418861530994582,0.0,0.0,0.0,0,-1000000.0
22,SHADOW_SOL_ADAPTIVE_1H,Sol Adaptive 1H,combo_adaptive,IN ATTESA,0,0,0,0.0,0.0,0.0,10047.684126917215,47.6841269172146,0.47684126917214603,0.0,49.66676580610367,1,0.11438785659513087,0.0,0.0,0.0,0,-1000000.0
23,SHADOW_DOGE_EMA_1H,Doge Ema 1H,ema_trend_following,IN ATTESA,0,0,0,0.0,0.0,0.0,10041.140756310864,41.14075631086416,0.4114075631086417,0.0,43.224089644197846,1,0.02777916694451051,0.0,0.0,0.0,0,-1000000.0
24,SHADOW_DOGE_DONCHIAN_1H,Doge Donchian 1H,donchian_breakout,IN ATTESA,0,0,0,0.0,0.0,0.0,10025.49185097868,25.491850978680304,0.254918509786803,0.0,27.835600978680407,1,0.24182954076304666,0.0,0.0,0.0,0,-1000000.0
25,SHADOW_RELATIVE_STRENGTH_V2,Forza relativa 1H V2,relative_strength_v2,IN ATTESA,0,0,0,0.0,0.0,0.0,10000.0,0.0,0.0,0.0,0,0,0.0,0.0,0.0,0.0,0,-1000000.0
26,SHADOW_RSI_LONG_15X_10_RSI15,Scalp RSI Long 15 · €10 · 15x,rsi_extreme_reversal,IN ATTESA,0,0,0,0.0,0.0,0.0,10000.0,0.0,0.0,0.0,0,0,0.0,0.0,0.0,0.0,0,-1000000.0
27,SHADOW_RSI_LONG_15X_10_RSI20,Scalp RSI Long 20 · €10 · 15x,rsi_extreme_reversal,IN ATTESA,0,0,0,0.0,0.0,0.0,10000.0,0.0,0.0,0.0,0,0,0.0,0.0,0.0,0.0,0,-1000000.0
28,SHADOW_RSI_LONG_15X_10_RSI25,Scalp RSI Long 25 · €10 · 15x,rsi_extreme_reversal,IN ATTESA,0,0,0,0.0,0.0,0.0,10000.0,0.0,0.0,0.0,0,0,0.0,0.0,0.0,0.0,0,-1000000.0
29,SHADOW_RSI_LONG_15X_50_RSI15,Scalp RSI Long 15 · €50 · 15x,rsi_extreme_reversal,IN ATTESA,0,0,0,0.0,0.0,0.0,10000.0,0.0,0.0,0.0,0,0,0.0,0.0,0.0,0.0,0,-1000000.0
30,SHADOW_RSI_LONG_15X_50_RSI20,Scalp RSI Long 20 · €50 · 15x,rsi_extreme_reversal,IN ATTESA,0,0,0,0.0,0.0,0.0,10000.0,0.0,0.0,0.0,0,0,0.0,0.0,0.0,0.0,0,-1000000.0
31,SHADOW_RSI_LONG_15X_50_RSI25,Scalp RSI Long 25 · €50 · 15x,rsi_extreme_reversal,IN ATTESA,0,0,0,0.0,0.0,0.0,10000.0,0.0,0.0,0.0,0,0,0.0,0.0,0.0,0.0,0,-1000000.0
32,SHADOW_RSI_LONG_5X_RSI15,Scalp RSI Long 15 · prudente · 5x,rsi_extreme_reversal,IN ATTESA,0,0,0,0.0,0.0,0.0,10000.0,0.0,0.0,0.0,0,0,0.0,0.0,0.0,0.0,0,-1000000.0
33,SHADOW_RSI_LONG_5X_RSI20,Scalp RSI Long 20 · prudente · 5x,rsi_extreme_reversal,IN ATTESA,0,0,0,0.0,0.0,0.0,10000.0,0.0,0.0,0.0,0,0,0.0,0.0,0.0,0.0,0,-1000000.0
34,SHADOW_RSI_LONG_5X_RSI25,Scalp RSI Long 25 · prudente · 5x,rsi_extreme_reversal,IN ATTESA,0,0,0,0.0,0.0,0.0,10000.0,0.0,0.0,0.0,0,0,0.0,0.0,0.0,0.0,0,-1000000.0
35,SHADOW_RSI_SHORT_15X_10_RSI85,Scalp RSI Short 85 · €10 · 15x,rsi_extreme_reversal,IN ATTESA,0,0,0,0.0,0.0,0.0,10000.0,0.0,0.0,0.0,0,0,0.0,0.0,0.0,0.0,0,-1000000.0
36,SHADOW_RSI_SHORT_15X_10_RSI80,Scalp RSI Short 80 · €10 · 15x,rsi_extreme_reversal,IN ATTESA,0,0,0,0.0,0.0,0.0,10000.0,0.0,0.0,0.0,0,0,0.0,0.0,0.0,0.0,0,-1000000.0
37,SHADOW_RSI_SHORT_15X_50_RSI85,Scalp RSI Short 85 · €50 · 15x,rsi_extreme_reversal,IN ATTESA,0,0,0,0.0,0.0,0.0,10000.0,0.0,0.0,0.0,0,0,0.0,0.0,0.0,0.0,0,-1000000.0
38,SHADOW_RSI_SHORT_15X_50_RSI80,Scalp RSI Short 80 · €50 · 15x,rsi_extreme_reversal,IN ATTESA,0,0,0,0.0,0.0,0.0,10000.0,0.0,0.0,0.0,0,0,0.0,0.0,0.0,0.0,0,-1000000.0
39,SHADOW_RSI_SHORT_5X_RSI85,Scalp RSI Short 85 · prudente · 5x,rsi_extreme_reversal,IN ATTESA,0,0,0,0.0,0.0,0.0,10000.0,0.0,0.0,0.0,0,0,0.0,0.0,0.0,0.0,0,-1000000.0
40,SHADOW_RSI_SHORT_5X_RSI80,Scalp RSI Short 80 · prudente · 5x,rsi_extreme_reversal,IN ATTESA,0,0,0,0.0,0.0,0.0,10000.0,0.0,0.0,0.0,0,0,0.0,0.0,0.0,0.0,0,-1000000.0
41,SHADOW_BTC_EMA_4H,Btc Ema 4H,ema_trend_following,IN ATTESA,0,0,0,0.0,0.0,0.0,10000.0,0.0,0.0,0.0,0,0,0.0,0.0,0.0,0.0,0,-1000000.0
42,SHADOW_BTC_DONCHIAN_4H,Btc Donchian 4H,donchian_breakout,IN ATTESA,0,0,0,0.0,0.0,0.0,10000.0,0.0,0.0,0.0,0,0,0.0,0.0,0.0,0.0,0,-1000000.0
43,SHADOW_BTC_BOLLINGER_4H,Btc Bollinger 4H,bollinger_mean_reversion,IN ATTESA,0,0,0,0.0,0.0,0.0,10000.0,0.0,0.0,0.0,0,0,0.0,0.0,0.0,0.0,0,-1000000.0
44,SHADOW_BTC_ADAPTIVE_4H,Btc Adaptive 4H,combo_adaptive,IN ATTESA,0,0,0,0.0,0.0,0.0,10000.0,0.0,0.0,0.0,0,0,0.0,0.0,0.0,0.0,0,-1000000.0
45,SHADOW_SOL_EMA_4H,Sol Ema 4H,ema_trend_following,IN ATTESA,0,0,0,0.0,0.0,0.0,10000.0,0.0,0.0,0.0,0,0,0.0,0.0,0.0,0.0,0,-1000000.0
46,SHADOW_SOL_DONCHIAN_4H,Sol Donchian 4H,donchian_breakout,IN ATTESA,0,0,0,0.0,0.0,0.0,10000.0,0.0,0.0,0.0,0,0,0.0,0.0,0.0,0.0,0,-1000000.0
47,SHADOW_SOL_BOLLINGER_4H,Sol Bollinger 4H,bollinger_mean_reversion,IN ATTESA,0,0,0,0.0,0.0,0.0,10000.0,0.0,0.0,0.0,0,0,0.0,0.0,0.0,0.0,0,-1000000.0
48,SHADOW_SOL_ADAPTIVE_4H,Sol Adaptive 4H,combo_adaptive,IN ATTESA,0,0,0,0.0,0.0,0.0,10000.0,0.0,0.0,0.0,0,0,0.0,0.0,0.0,0.0,0,-1000000.0
49,SHADOW_ETH_EMA_1H,Eth Ema 1H,ema_trend_following,IN ATTESA,0,0,0,0.0,0.0,0.0,10000.0,0.0,0.0,0.0,0,0,0.0,0.0,0.0,0.0,0,-1000000.0
50,SHADOW_ETH_EMA_4H,Eth Ema 4H,ema_trend_following,IN ATTESA,0,0,0,0.0,0.0,0.0,10000.0,0.0,0.0,0.0,0,0,0.0,0.0,0.0,0.0,0,-1000000.0
51,SHADOW_ETH_DONCHIAN_1H,Eth Donchian 1H,donchian_breakout,IN ATTESA,0,0,0,0.0,0.0,0.0,10000.0,0.0,0.0,0.0,0,0,0.0,0.0,0.0,0.0,0,-1000000.0
52,SHADOW_ETH_BOLLINGER_1H,Eth Bollinger 1H,bollinger_mean_reversion,IN ATTESA,0,0,0,0.0,0.0,0.0,10000.0,0.0,0.0,0.0,0,0,0.0,0.0,0.0,0.0,0,-1000000.0
53,SHADOW_ETH_ADAPTIVE_1H,Eth Adaptive 1H,combo_adaptive,IN ATTESA,0,0,0,0.0,0.0,0.0,10000.0,0.0,0.0,0.0,0,0,0.0,0.0,0.0,0.0,0,-1000000.0
54,SHADOW_DOGE_BOLLINGER_1H,Doge Bollinger 1H,bollinger_mean_reversion,IN ATTESA,0,0,0,0.0,0.0,0.0,10000.0,0.0,0.0,0.0,0,0,0.0,0.0,0.0,0.0,0,-1000000.0
55,SHADOW_BTC_EMA_1H,Btc Ema 1H,ema_trend_following,IN ATTESA,0,0,0,0.0,0.0,0.0,9997.222083305549,-2.7779166944510507,-0.02777916694451051,0.0,-0.6945833611166491,1,0.02777916694451051,0.0,0.0,0.0,0,-1000000.0
56,SHADOW_BTC_ADAPTIVE_1H,Btc Adaptive 1H,combo_adaptive,IN ATTESA,0,0,0,0.0,0.0,0.0,9997.222083305549,-2.7779166944510507,-0.02777916694451051,0.0,-0.6945833611166491,1,0.02777916694451051,0.0,0.0,0.0,0,-1000000.0
57,SHADOW_BTC_DONCHIAN_1H,Btc Donchian 1H,donchian_breakout,IN ATTESA,0,0,0,0.0,0.0,0.0,9996.874843718744,-3.1251562812558404,-0.031251562812558406,0.0,-0.7814062812562301,1,0.031251562812558406,0.0,0.0,0.0,0,-1000000.0
58,SHADOW_SOL_DONCHIAN_1H,Sol Donchian 1H,donchian_breakout,IN ATTESA,0,0,0,0.0,0.0,0.0,9996.874843718744,-3.1251562812558404,-0.031251562812558406,0.0,-0.7814062812560476,1,0.031251562812558406,0.0,0.0,0.0,0,-1000000.0
59,SHADOW_BTC_BOLLINGER_1H,Btc Bollinger 1H,bollinger_mean_reversion,IN ATTESA,0,0,0,0.0,0.0,0.0,9996.666833300007,-3.333166699992944,-0.03333166699992944,0.0,-0.8331666999933123,1,0.03333166699992944,0.0,0.0,0.0,0,-1000000.0
60,SHADOW_SOL_BOLLINGER_1H,Sol Bollinger 1H,bollinger_mean_reversion,IN ATTESA,0,0,0,0.0,0.0,0.0,9996.666833300007,-3.333166699992944,-0.03333166699992944,0.0,-0.8331666999931178,1,0.03333166699992944,0.0,0.0,0.0,0,-1000000.0
61,SHADOW_1H_FAST_V2,Rapida 1H V2,momentum_breakout_v2,IN ATTESA,0,0,0,0.0,0.0,0.0,9992.858061280627,-7.141938719372774,-0.07141938719372774,0.0,-1.7857525427246208,2,0.07141938719372774,0.0,0.0,0.0,0,-1000000.0
